Num_Acc;an;mois;jour;hrmn;lum;agg;int;atm;col;com;adr;gps;lat;long;dep
201600007827;16;6;2;1300;1;2;1;3;7.0;5;rue de GAULLE;M;0.0;0.0;900
201600007828;16;7;10;1330;1;2;1;1;3.0;58;RUE DU GENERAL DE GAULLE;M;0.0;0.0;900
201600007869;16;5;30;900;1;1;6;1;2.0;212;VILLEPAT;M;0.0;0.0;260
201600007899;16;3;25;1830;1;1;1;1;3.0;40;;M;0.0;0.0;130
201600007933;16;7;8;900;1;1;1;1;3.0;110;;M;0.0;0.0;130
201600007960;16;6;6;1615;1;1;1;1;5.0;96;;M;0.0;0.0;130
201600007997;16;5;24;1115;1;1;1;1;1.0;22;;M;0.0;0.0;130
201600008002;16;7;16;1930;1;2;1;1;3.0;22;avenue de la gare;M;0.0;0.0;130
201600008003;16;10;9;900;1;1;1;1;7.0;22;;M;4324476.0;554667.0;130
201600008022;16;6;3;2230;3;1;1;1;2.0;92;;M;0.0;0.0;130
201600008024;16;7;7;1000;1;1;1;1;6.0;92;;M;4353212.0;505104.0;130
201600008027;16;11;8;915;1;2;6;1;1.0;14;rd pt charles de gaulle;M;0.0;0.0;130
201600008038;16;3;20;1445;1;1;1;1;2.0;116;;M;4385480.0;492100.0;130
201600008042;16;8;19;1545;1;1;6;1;1.0;76;;M;0.0;0.0;130
201600008065;16;7;31;1100;1;1;1;1;5.0;97;;M;4420610.0;627413.0;40
201600008066;16;12;15;1300;1;1;6;1;1.0;70;;M;4406590.0;617293.0;40
201600008068;16;5;22;1715;1;1;1;1;1.0;189;VL A = CAMPING CAR;M;4375710.0;592647.0;40
201600008074;16;8;9;1100;1;1;6;1;2.0;230;RP DES 4 CHEMINS;M;4380040.0;583325.0;40
201600008135;16;7;6;1530;1;1;1;1;7.0;144;;M;4378030.0;628064.0;40
201600008136;16;7;18;1015;1;1;1;1;3.0;172;;M;4384650.0;616488.0;40
201600008138;16;9;6;1900;1;1;1;1;1.0;166;;M;4380310.0;611936.0;40
201600008160;16;5;4;1800;1;1;3;1;3.0;63;;M;4376080.0;575423.0;40
201600008189;16;8;25;1330;1;2;1;1;3.0;2;Le village de Agnières;M;4469548.0;588236.0;50
201600008196;16;10;30;1610;1;1;1;1;5.0;68;;M;4448980.0;611697.0;50
201600008209;16;7;30;1730;1;1;1;1;1.0;174;;M;4492577.0;667929.0;50
201600008215;16;8;9;915;1;1;1;1;3.0;108;;M;4454325.0;640818.0;50
201600008223;16;3;27;1245;1;1;8;1;3.0;136;Cd138;M;4470650.0;660389.0;50
201600008238;16;4;6;1230;1;1;1;1;6.0;147;;M;4378000.0;727900.0;60
201600008250;16;2;14;1045;1;2;3;1;3.0;11;24 Boulevard Joffre;M;4370381.0;732653.0;60
201600008253;16;12;4;910;1;2;1;1;7.0;11;20 Avenue Fernand DUNAN;M;4370239.0;732917.0;60
201600008292;16;9;4;845;2;1;1;1;2.0;126;;M;0.0;0.0;60
201600008297;16;1;22;715;1;2;1;1;1.0;150;480 route de Nice;M;4374338.0;739272.0;60
201600008328;16;11;13;1115;1;1;1;1;1.0;4;;M;0.0;0.0;830
201600008357;16;8;20;930;1;2;2;1;3.0;117;route de draguignan, d55;M;0.0;0.0;830
201600008364;16;1;12;1000;1;2;1;1;1.0;73;avenue BARBAROUX;M;0.0;0.0;830
201600008407;16;7;23;1045;1;1;6;1;1.0;84;;M;0.0;0.0;830
201600008408;16;8;1;2215;1;1;1;1;1.0;84;;M;0.0;0.0;830
201600008445;16;6;26;715;1;1;1;1;1.0;107;;M;0.0;0.0;830
201600008447;16;7;11;1715;1;1;1;1;1.0;107;;M;0.0;0.0;830
201600008452;16;8;16;45;1;1;1;1;5.0;107;;M;0.0;0.0;830
201600008462;16;4;30;345;3;1;1;6;2.0;68;;M;4328000.0;654100.0;830
201600008478;16;6;2;830;1;1;1;1;6.0;94;;M;0.0;0.0;830
201600008481;16;7;29;1700;1;2;1;1;1.0;94;36 route de grimaud;M;0.0;0.0;830
201600008522;16;6;5;915;1;2;1;1;2.0;71;route du pellegrin;M;4312652.0;624580.0;830
201600008525;16;9;4;900;1;2;1;1;3.0;71;boulevard louis bernard;M;0.0;0.0;830
201600008536;16;10;10;1030;1;1;1;1;6.0;27;;M;0.0;0.0;830
201600008537;16;11;19;1115;1;1;1;1;1.0;27;;M;0.0;0.0;830
201600008539;16;12;23;1045;1;1;1;1;1.0;112;;M;4317601.0;574090.0;830
201600008553;16;8;27;1700;1;1;3;1;3.0;132;;M;0.0;0.0;840
201600008588;16;8;26;1030;1;1;1;1;1.0;26;;M;0.0;0.0;840
201600008595;16;11;20;1500;1;1;1;1;1.0;73;;M;0.0;0.0;840
201600008622;16;8;17;1640;1;1;2;1;1.0;29;;M;4415364.0;487180.0;840
201600008641;16;8;14;1245;1;1;1;1;3.0;15;;M;0.0;0.0;840
201600008642;16;9;29;1600;1;1;1;6;7.0;15;;M;0.0;0.0;840
201600008653;16;8;10;1645;1;2;1;1;1.0;57;1358 AVENUE DE L'EUROPE;M;4363190.0;391107.0;340
201600008681;16;6;20;1745;1;2;1;1;3.0;344;ALL?E DES OLIVIERS;M;4356240.0;407165.0;340
201600008683;16;7;12;1700;1;2;6;1;2.0;344;AVENUE DU GOLF;M;4356890.0;409246.0;340
201600008692;16;1;25;745;2;1;9;1;2.0;145;;M;4365040.0;413910.0;340
201600008702;16;9;8;1215;1;2;1;1;3.0;296;97,AVENUE DE MONTPELLIER;M;4376280.0;405628.0;340
201600008709;16;12;26;1945;2;1;1;1;2.0;145;;M;4365610.0;413837.0;340
201600008720;16;10;21;1630;1;2;1;1;6.0;154;RD112;M;4363780.0;399415.0;340
201600008726;16;7;23;1130;1;1;2;1;1.0;266;;M;4375250.0;383925.0;340
201600008731;16;4;13;1600;1;1;1;1;3.0;96;;M;4358130.0;316755.0;340
201600008753;16;6;28;1030;1;2;1;1;3.0;62;CHEMIN NEUF;M;4355010.0;315543.0;340
201600008801;16;7;21;1200;1;1;1;1;3.0;186;;M;4365210.0;330555.0;340
201600008829;16;8;22;1030;1;1;1;1;1.0;23;;M;4345560.0;369487.0;340
201600008851;16;12;18;100;5;2;1;1;7.0;89;rue du Ribou;M;4333084.0;211710.0;110
201600008853;16;8;19;845;1;1;1;1;2.0;378;;M;4310636.0;252723.0;110
201600008886;16;1;3;1045;1;1;1;1;1.0;34;;M;4311937.0;207266.0;110
201600008914;16;1;7;930;1;2;2;1;1.0;262;Av des Muriers de Chine;M;4315838.0;316180.0;110
201600008946;16;8;13;1715;1;1;1;1;5.0;266;;M;4298591.0;303208.0;110
201600008949;16;1;15;1300;1;1;9;1;1.0;133;;M;0.0;0.0;300
201600008957;16;5;21;1415;1;2;1;1;6.0;156;Avenue Ferdinand Perthus;M;4386077.0;444331.0;300
201600008958;16;6;29;1715;1;1;1;1;3.0;39;;M;4389239.0;450932.0;300
201600008961;16;3;13;945;1;1;1;1;1.0;258;;M;4369475.0;439072.0;300
201600008988;16;5;1;1700;1;1;1;6;7.0;274;;M;4419982.0;408633.0;300
201600008992;16;11;8;1500;1;1;1;1;3.0;275;;M;4405754.0;422237.0;300
201600009005;16;7;11;800;1;1;1;1;7.0;130;;M;4430959.0;396772.0;300
201600009019;16;11;4;1200;1;1;1;1;2.0;227;;M;4424332.0;419662.0;300
201600009095;16;7;26;1215;1;1;1;1;3.0;283;;M;4402568.0;373324.0;300
201600009096;16;8;3;1700;1;1;1;7;1.0;26;;M;4397902.0;359878.0;300
201600009115;16;8;8;1430;1;1;1;1;1.0;198;;M;4445600.0;393400.0;480
201600009146;16;12;11;945;1;2;6;1;6.0;37;Avenue Méditerranée;M;4269712.0;302963.0;660
201600009175;16;2;21;1715;1;2;1;1;1.0;145;rue des mourvedres;M;4262243.0;281852.0;660
201600009199;16;4;16;1500;1;2;1;1;2.0;175;route d'ARGELES SUR MER;M;4254498.0;292897.0;660
201600009261;16;3;18;1130;1;2;1;1;2.0;247;RT 10;M;4159693.0;926656.0;201
201600009264;16;8;3;1330;1;2;1;1;7.0;247;chemin d agnaredda;M;4158431.0;927398.0;201
201600009277;16;11;27;1020;1;2;3;1;3.0;247;Rue du 9 Septembre 1943;M;4158450.0;928095.0;201
201600009294;16;8;12;930;1;2;9;1;3.0;148;route de l'aeroport;M;4255006.0;946256.0;202
201600009308;16;5;26;1730;1;1;1;1;1.0;281;Hameau de Crosciano;M;0.0;0.0;202
201600009316;16;4;2;1500;1;1;1;1;7.0;301;;M;0.0;0.0;202
201600009323;16;5;22;1500;1;1;1;1;1.0;333;;M;0.0;0.0;202
201600009328;16;9;23;1100;1;1;1;7;3.0;172;;M;4256065.0;931325.0;202
201600009375;16;7;10;1715;1;2;1;1;7.0;149;Lieu dit Caritata;M;0.0;0.0;202
201600009394;16;10;25;830;1;2;1;2;3.0;311;RT10/ rte du stade;M;4236264.0;952946.0;202
201600009419;16;3;24;1448;1;2;6;1;2.0;61;CARREFOUR DE L'EUROPE;M;4455483.0;607513.0;50
201600009429;16;7;12;1939;1;2;9;1;3.0;61;BOUTONS D'OR ( RUE DES );M;4454733.0;605919.0;50
201600009434;16;9;1;1920;1;1;6;1;3.0;61;D994;M;4455739.0;605530.0;50
201600009450;16;8;21;400;5;2;1;1;1.0;255;Boutel / Les Plantines;M;0.0;0.0;780
201600009471;16;5;8;1200;1;2;1;1;7.0;49;20 rue de maule;M;0.0;0.0;780
201600009496;16;5;3;2030;2;2;1;1;1.0;575;rue de paris;M;0.0;0.0;780
201600009509;16;12;2;1800;4;2;1;1;2.0;389;AVENUE LEON CRETE;M;0.0;0.0;780
201600009513;16;4;27;1045;1;1;1;1;6.0;62;;M;0.0;0.0;780
201600009520;16;8;11;1800;1;1;1;1;7.0;513;;M;0.0;0.0;780
201600009547;16;7;27;1730;1;2;1;1;2.0;330;rue de la croix de fer;M;4852199.0;228784.0;910
201600009593;16;6;13;2015;2;2;1;8;1.0;411;rue de Limours;M;4867039.0;206582.0;910
201600009610;16;10;28;1900;2;1;1;8;3.0;534;RD446;M;4873831.0;216431.0;910
201600009616;16;8;24;1145;1;2;1;1;7.0;272;rue fernand léger;M;4870168.0;210020.0;910
201600009627;16;6;24;1730;1;1;1;1;1.0;656;COTE DU PAVILLON;M;4906150.0;171910.0;950
201600009640;16;6;29;1615;1;1;1;1;3.0;39;RD 928;M;4907870.0;215880.0;950
201600009673;16;7;16;1445;1;1;2;1;3.0;457;D319 X D10;M;4866212.0;272491.0;770
201600009678;16;9;14;1115;1;1;1;1;2.0;100;D213 LE TRAVETEAU;M;4850505.0;282720.0;770
201600009709;16;6;5;1700;1;1;1;8;5.0;238;RUE DE LA TREILLE;M;4891720.0;314989.0;770
201600009716;16;6;18;1015;1;1;1;1;3.0;336;D96;M;4877654.0;282583.0;770
201600009723;16;7;31;1430;1;1;1;1;2.0;116;D55;M;4874004.0;322504.0;770
201600009731;16;7;15;1800;1;1;1;1;7.0;31;D49B;M;4867685.0;293709.0;770
201600009768;16;6;7;2030;2;2;2;1;1.0;315;D934 X R. DOCTEUR ROUX;M;4888480.0;283233.0;770
201600009770;16;7;21;1715;1;2;9;1;1.0;171;chemin de saint germain;M;4889880.0;281930.0;770
201600009813;16;9;1;615;3;1;1;1;2.0;89;D213 TOURNEBOEUF;M;4849790.0;294586.0;770
201600009830;16;12;27;1045;2;2;1;1;3.0;317;R DES EAUX BLEUES;M;0.0;0.0;450
201600009847;16;11;21;745;2;2;1;1;2.0;173;32 RTE ORLEANS;M;4786144.0;210989.0;450
201600009874;16;4;12;1815;1;1;1;1;3.0;270;RTE ST AIGNAN;M;4782049.0;231872.0;450
201600009948;16;5;21;1130;1;1;1;1;2.0;290;;M;4727800.0;220600.0;180
201600009968;16;7;10;1015;1;1;1;7;2.0;358;;M;4852727.0;156778.0;280
201600009970;16;8;25;1215;1;1;2;1;3.0;358;;M;4849502.0;149601.0;280
201600009978;16;12;8;1600;1;2;2;1;3.0;34;1 RUE AUX FLEURS;M;0.0;0.0;280
201600010021;16;8;20;1700;1;2;1;1;1.0;88;RUE DE LA REPUBLIQUE;M;4807124.0;133737.0;280
201600010041;16;1;12;1830;3;1;1;1;2.0;375;;M;4877169.0;147098.0;280
201600010071;16;1;21;1315;1;2;1;1;6.0;48;4 RUE DES ECOLES;M;4656120.0;160973.0;360
201600010098;16;9;18;1615;1;2;9;1;1.0;18;;M;0.0;0.0;360
201600010111;16;10;19;1400;1;2;1;1;3.0;46;;M;0.0;0.0;360
201600010128;16;4;19;1545;1;2;1;1;2.0;3;BD  ANATOLE FRANCHE;M;0.0;0.0;370
201600010133;16;7;10;915;1;2;1;1;3.0;3;ESPLANADE DU MARCHE;;;;370
201600010148;16;8;25;1745;1;2;1;1;1.0;243;17 rte grottes prétrifia;M;0.0;0.0;370
201600010169;16;4;8;1515;1;1;1;1;2.0;120;;M;0.0;0.0;370
201600010170;16;4;24;1015;1;2;1;1;6.0;248;ROUTE  DE LERNE;M;0.0;0.0;370
201600010172;16;6;5;1545;1;2;1;1;1.0;210;le bourg;M;4722400.0;32000.0;370
201600010244;16;4;28;1000;1;1;6;1;1.0;31;lann-Justce;M;4780075.0;-355529.0;290
201600010264;16;8;23;2345;5;1;6;1;2.0;20;rd pt victor schoelcher;M;4718649.0;-160118.0;440
201600010266;16;11;7;1550;1;2;6;7;3.0;20;rue Gustave Gustavsburg;M;4717402.0;-160997.0;440
201600010268;16;6;20;1000;1;2;6;1;1.0;199;Inters D260 D650E3;M;0.0;0.0;330
201600010334;16;7;30;940;1;2;2;1;3.0;4;753, GAROUPE CH.DE LA;M;4355490.0;713304.0;60
201600010365;16;11;8;1035;1;2;1;1;6.0;4;736, GAROUPE BD DE LA;;;;60
201600010417;16;4;24;2020;2;2;3;1;3.0;123;PLANS AVENUE DES;M;4367393.0;718758.0;60
201600010431;16;7;2;1815;1;2;1;1;3.0;123;959, CURIE PIERRE ET MAR;;;;60
201600010508;16;3;14;805;1;2;1;1;3.0;29;01, SHAKESPEARE (RUE);M;4356198.0;701755.0;60
201600010520;16;4;19;720;1;2;1;1;3.0;29;15, HIBERT (BOULEVARD JE;M;4354843.0;700944.0;60
201600010521;16;4;21;1316;1;2;1;1;1.0;29;07, BUISSONS ARDENTS;M;4355843.0;696641.0;60
201600010536;16;5;18;2045;2;2;1;1;3.0;29;00, BORDE (AVENUE DE LA);M;4356740.0;696758.0;60
201600010541;16;5;21;1736;1;2;1;1;6.0;29;42, JUIN (AVENUE MARECHA;;;;60
201600010547;16;6;2;1835;1;1;1;1;6.0;29;110, REPUBLIQUE (BOULEVA;;;;60
201600010586;16;10;6;2000;5;2;1;1;3.0;29;23, DUNAN (RUE RENE);M;4355142.0;696862.0;60
201600010613;16;12;27;1045;1;2;1;1;6.0;29;DOZOL (AVENUE ANTHONY);M;4355159.0;697148.0;60
201600010688;16;5;11;930;1;2;9;3;2.0;69;ZOLA (BOULEVARD EMILE);M;4365000.0;691666.0;60
201600010702;16;5;24;755;1;2;1;1;3.0;69;10, SAINTE MARGUERITE (C;M;4364305.0;694890.0;60
201600010728;16;7;7;900;1;2;1;1;2.0;69;X, PEGOMAS (ROUTE DE);;;;60
201600010746;16;8;14;1930;1;2;1;1;7.0;69;19, MISTRAL (AVENUE ET P;;;;60
201600010773;16;10;7;1425;1;2;1;1;3.0;69;72, DE LATTRE DE TASSIGN;;;;60
201600010775;16;10;9;1105;1;2;1;1;1.0;69;85, LIBERATION (AVENUE D;;;;60
201600010823;16;12;23;1110;1;2;1;1;1.0;69;COLLET DE SAINT MARC (CH;M;4364036.0;696452.0;60
201600010833;16;2;1;723;5;2;1;1;5.0;104;116, AZUR (AVENUE DE LA;M;4376160.0;745650.0;60
201600010838;16;3;17;1210;1;2;1;1;6.0;104;01, HARENG (PLACE DU COM;M;4376450.0;748173.0;60
201600010844;16;2;1;1135;1;2;3;1;2.0;83;01, EDOUARD VII (AVENUE);M;4377160.0;749690.0;60
201600010862;16;7;14;1730;1;2;1;1;1.0;83;01, COTY (COURS RENE, SE;M;4377500.0;748910.0;60
201600010914;16;1;16;1650;1;1;2;1;3.0;88;MALAUSSENA (AV.);M;4370655.0;726412.0;60
201600010926;16;1;23;1750;2;2;2;1;5.0;88;CASSINI (RUE);M;4369998.0;728210.0;60
201600010935;16;1;29;1715;5;2;1;1;1.0;88;2, MONTEL (BD PAUL);M;4340215.0;712333.0;60
201600010983;16;3;2;1910;5;2;1;1;2.0;88;12, ROBINI (AV. DR VICTO;;;;60
201600010985;16;3;3;900;1;2;1;1;6.0;88;29, LYAUTEY (AV. DU MAL);M;4371200.0;728259.0;60
201600010996;16;3;11;1721;1;2;1;1;3.0;88;1, ANGLAIS (DU Nø 1 AU N;M;4369490.0;726603.0;60
201600011026;16;4;6;840;1;1;1;1;6.0;88;0, GENIE (CH. DU);M;4344289.0;713342.0;60
201600011038;16;4;12;1750;1;2;1;1;3.0;88;0, ARMEE DU RHIN (PLACE);M;4342256.0;716598.0;60
201600011053;16;4;21;755;1;2;1;1;3.0;88;399, ANGLAIS (A PARTIR D;M;4341185.0;714270.0;60
201600011127;16;6;18;1200;1;2;1;1;2.0;88;36, SLAMA (RUE MAURICE);;;;60
201600011144;16;6;28;1935;1;2;3;1;3.0;88;43, ANGLAIS (DU Nø 1 AU;M;4369377.0;725641.0;60
201600011214;16;8;24;1015;1;2;1;1;3.0;88;41, SEMARD (BD PIERRE);M;4343015.0;717251.0;60
201600011236;16;9;9;2313;5;2;2;1;3.0;88;0, MEDECIN (AV. JEAN);M;4342103.0;715598.0;60
201600011242;16;9;15;1130;1;2;1;1;3.0;88;GARIBALDI (PL.);;;;60
201600011258;16;9;29;1645;1;2;1;1;2.0;88;299, GINESTIERE (CH. DE;;;;60
201600011282;16;10;22;1010;1;2;1;1;3.0;88;ANGLAIS (A PARTIR DU Nø;;;;60
201600011289;16;10;27;1645;1;2;3;1;3.0;88;GAMBETTA (A PARTIR DU Nø;;;;60
201600011356;16;12;10;834;1;2;2;1;3.0;88;FAURE (AV. FELIX);M;4369839.0;727415.0;60
201600011379;16;12;30;1220;1;2;1;1;3.0;88;131, SAINT-PIERRE DE FER;M;4371099.0;724565.0;60
201600011385;16;4;6;1700;1;2;1;1;1.0;300;route du greux;M;0.0;0.0;580
201600011386;16;4;13;815;1;2;6;1;2.0;303;jean jacqueq rousseau;M;0.0;0.0;580
201600011398;16;7;26;1915;1;2;1;1;3.0;605;;M;4729301.0;510548.0;210
201600011399;16;7;28;1200;1;2;1;1;6.0;515;place Théodore Monot;M;4731252.0;511647.0;210
201600011463;16;7;13;905;1;2;2;1;3.0;102;260, PASCAL (RUE BLAISE);M;4493072.0;486277.0;70
201600011471;16;11;12;1130;1;2;1;1;2.0;281;DUCROS (AV. LOUIS FREDER;;;;70
201600011474;16;11;27;1930;5;2;6;1;3.0;102;1130, SADI-CARNOT (AV.);;;;70
201600011488;16;7;17;1045;1;2;1;1;1.0;498;rue des ecoles;M;0.0;0.0;570
201600011489;16;9;27;1700;1;2;1;1;6.0;38;55, rue du maréchal Foch;M;4947561.0;595788.0;570
201600011495;16;6;23;1035;1;2;1;1;7.0;186;62, GRADS (CHEMIN DES);M;4443361.0;436494.0;70
201600011521;16;7;14;1745;1;2;1;1;6.0;140;000000M4591;M;4591341.0;219695.0;230
201600011575;16;10;28;1645;1;2;1;1;3.0;5;40TER Bd REPUBLIQUE;M;4473383.0;-108249.0;330
201600011768;16;9;11;1730;1;1;1;1;2.0;278;;M;4776526.0;742876.0;680
201600011769;16;9;5;1000;1;2;9;3;3.0;278;76 rue de mulhouse;M;4775389.0;739299.0;680
201600011778;16;5;10;1430;1;1;3;1;1.0;137;;M;4805925.0;-93943.0;530
201600011781;16;9;1;1645;1;2;6;1;3.0;247;1 rue de normandie;M;4811716.0;-103026.0;530
201600011791;16;8;10;900;1;1;6;1;3.0;472;;M;4624246.0;-107947.0;170
201600011891;16;4;14;1445;1;1;1;1;3.0;114;;M;0.0;0.0;130
201600011893;16;6;17;745;1;1;1;1;3.0;114;RD10 et RD 19 INTERSECTI;M;4354905.0;530102.0;130
201600011933;16;12;20;1355;1;2;2;1;3.0;105;168, ETION RUE;M;4978633.0;469423.0;80
201600011946;16;7;31;2040;1;2;1;1;3.0;105;SANS, HALLALI;;;;80
201600011948;16;8;31;1020;1;2;3;1;3.0;105;21, GAMBETTA BOULEVARD;M;4977122.0;470000.0;80
201600011951;16;9;15;1707;1;2;1;1;6.0;105;84, BOIS FORTANT (RUE DU;M;4974911.0;471429.0;80
201600011958;16;7;15;1200;1;1;1;1;1.0;405;LANGLADE;M;4494280.0;68134.0;240
201600011974;16;5;28;1730;1;2;1;1;3.0;43;route des acqueducs;M;0.0;0.0;690
201600011982;16;6;9;1730;1;2;1;1;1.0;190;RD 30;M;0.0;0.0;690
201600011992;16;5;2;1130;1;1;1;1;1.0;9;;M;0.0;0.0;690
201600012054;16;2;6;1330;1;1;1;6;1.0;254;la lauragaise;M;4355080.0;151061.0;310
201600012086;16;8;4;1915;1;1;1;1;6.0;2;LA CONDAMINE;M;0.0;0.0;260
201600012120;16;5;3;900;1;2;3;1;3.0;409;0, REGENTE (QUAI DE LA);M;4969786.0;494023.0;80
201600012155;16;7;27;1600;1;2;1;1;7.0;52;le vernis;M;0.0;0.0;380
201600012156;16;8;18;1600;1;1;1;1;1.0;52;av A. Briand/Belledonne;M;4505690.0;603477.0;380
201600012257;16;8;25;1200;1;1;1;1;2.0;16;;M;4825956.0;-33759.0;530
201600012274;16;3;18;1715;1;2;3;1;1.0;274;12 rue de cressenville;M;4933801.0;139369.0;270
201600012284;16;2;5;1200;1;2;3;1;3.0;111;Quartier Vignau;M;4294859.0;105858.0;90
201600012376;16;7;15;1145;1;2;3;1;6.0;81;AVENUE DE COLOMBY;M;0.0;0.0;740
201600012386;16;5;4;1500;1;1;1;1;1.0;622;;M;0.0;0.0;590
201600012389;16;11;24;1230;1;1;1;1;5.0;213;;M;0.0;0.0;590
201600012422;16;9;15;1930;2;1;1;7;2.0;573;RD446;M;4858890.0;252265.0;910
201600012424;16;11;24;1700;3;2;6;1;1.0;553;carrefour de mauperthuis;M;0.0;0.0;910
201600012425;16;8;27;1045;1;1;9;1;4.0;253;tunnel des commeres;M;4502770.0;607761.0;380
201600012518;16;5;24;1000;1;1;1;1;3.0;348;;M;0.0;0.0;201
201600012519;16;6;8;1730;1;1;1;1;5.0;212;;M;0.0;0.0;201
201600012530;16;4;27;1245;1;2;1;1;1.0;431;;M;4525897.0;585219.0;380
201600012563;16;3;6;1500;1;1;6;1;3.0;122;D211 ZA Pot au Pin;M;4472320.0;-74858.0;330
201600012626;16;7;17;645;1;1;1;1;3.0;27;;M;4732200.0;98300.0;370
201600012637;16;5;23;1400;1;2;1;8;3.0;279;avenue des barques;M;4549885.0;424259.0;420
201600012643;16;8;30;1615;1;2;1;1;1.0;279;Route de St Marcellin -;M;4549979.0;423926.0;420
201600012667;16;1;24;1215;1;1;6;1;3.0;18;;M;0.0;0.0;60
201600012669;16;3;6;1030;1;2;1;1;1.0;18;8 route de valbonne;M;4362832.0;709597.0;60
201600012674;16;5;7;1100;1;2;1;1;6.0;18;;M;0.0;0.0;60
201600012687;16;10;28;1140;1;1;1;1;6.0;18;Route des colles;M;4361602.0;707719.0;60
201600012698;16;7;5;1945;1;2;1;1;1.0;88;50 rue du 08 Mai 1945;M;0.0;0.0;690
201600012716;16;3;24;1315;1;1;1;1;2.0;153;;M;4372990.0;380265.0;340
201600012737;16;2;21;1230;1;2;1;1;3.0;43;;M;0.0;0.0;780
201600012739;16;4;1;1345;1;1;1;1;1.0;43;;M;0.0;0.0;780
201600012744;16;8;28;1115;1;2;4;1;3.0;152;rue des clayes;M;0.0;0.0;780
201600012746;16;10;14;845;1;2;1;1;3.0;43;rue de maule;M;0.0;0.0;780
201600012748;16;1;21;945;1;1;1;1;2.0;118;;M;0.0;0.0;130
201600012767;16;7;1;1345;1;2;6;1;1.0;210;Avenue des touches;M;4814103.0;-176642.0;350
201600012770;16;8;21;1115;1;1;3;1;3.0;131;;M;4811693.0;-180676.0;350
201600012771;16;9;14;700;3;1;1;8;3.0;131;;M;4812111.0;-183241.0;350
201600012778;16;12;27;1400;1;1;6;1;3.0;210;RD 29;M;4814205.0;-176907.0;350
201600012838;16;8;26;1145;1;2;3;1;6.0;515;RUE DU PHARE;M;4934880.0;-75659.0;140
201600012870;16;8;31;1900;1;1;1;1;1.0;84;;M;0.0;0.0;60
201600012906;16;1;22;2300;5;2;3;3;3.0;387;VOULDY (CHAUSSEE DU);M;4829434.0;408275.0;100
201600012909;16;2;22;619;5;2;6;1;3.0;387;JULES GUESDE (bd);M;4828764.0;408094.0;100
201600012910;16;2;22;1209;1;2;2;1;2.0;387;CHARLES DELAUNAY (RUE);M;4830282.0;406803.0;100
201600012922;16;3;29;850;1;2;6;1;6.0;387;GEORGES POMPIDOU (RUE);M;4829138.0;408811.0;100
201600012923;16;3;17;1048;1;2;3;1;6.0;387;GOURNAY (RUE DE);M;4830079.0;408864.0;100
201600012927;16;4;6;1735;1;2;1;1;3.0;387;BLANQUI (RUE);M;4830172.0;405154.0;100
201600012938;16;7;1;1608;1;2;1;1;3.0;343;159, MICHEL BAROIN (RUE);M;4828241.0;409280.0;100
201600012942;16;7;31;1416;1;2;3;1;3.0;387;QUINZE VINGT (RUE);M;4829616.0;407218.0;100
201600012943;16;7;28;1820;1;2;3;1;6.0;387;ANATOLE FRANCE (RUE);M;4828172.0;407043.0;100
201600012945;16;8;3;1655;1;2;3;1;3.0;81;JEAN MOULIN (RUE);M;4830834.0;403571.0;100
201600012949;16;8;19;1743;1;2;1;1;3.0;387;99, EDOUARD HERRIOT (RUE;M;4827242.0;408249.0;100
201600012953;16;9;16;1329;1;2;1;1;6.0;387;16, CHOMEDEY DE MAISONNE;M;4830316.0;407381.0;100
201600012965;16;11;3;742;1;2;3;1;3.0;387;LOMBARDS (AVENUE);M;4826883.0;408452.0;100
201600012970;16;11;8;940;1;2;1;1;3.0;387;34, GENERAL SAUSSIER (RU;M;4829474.0;407382.0;100
201600012984;16;9;24;1615;1;2;1;1;1.0;343;80 rue de saverne;M;0.0;0.0;670
201600012989;16;3;12;945;1;2;1;1;1.0;112;100 route de nice;M;4367706.0;701763.0;60
201600012992;16;4;13;1700;1;2;1;1;3.0;105;chemin du camouyer;M;0.0;0.0;60
201600012993;16;7;27;1000;1;1;1;1;2.0;112;;M;0.0;0.0;60
201600013040;16;7;12;1715;1;1;1;2;3.0;32;;M;0.0;0.0;350
201600013044;16;10;25;1815;1;1;1;1;3.0;208;La grimaudière;M;4797956.0;-165579.0;350
201600013045;16;10;31;1100;1;1;3;1;2.0;266;RD 82;M;4800795.0;-164071.0;350
201600013072;16;3;13;1114;1;2;1;1;3.0;69;CORPS EXPEDIT FRANCAIS D;M;4321269.0;237179.0;110
201600013110;16;8;11;1515;1;2;3;1;3.0;69;5, LAMOURELLE BERTRAND;M;4321526.0;234174.0;110
201600013126;16;12;9;1808;2;1;1;1;1.0;37;D303;M;4320926.0;242002.0;110
201600013149;16;1;14;1045;1;2;3;1;3.0;262;JONQUIERES (RUE ET CHEMI;M;4316763.0;298203.0;110
201600013155;16;12;23;1625;1;2;1;1;3.0;262;ESPAGNE (AVENUE D');M;4317426.0;299219.0;110
201600013159;16;3;3;1424;1;2;2;1;1.0;262;ARTS (RUE DES);M;4317888.0;300726.0;110