Num_Acc;an;mois;jour;hrmn;lum;agg;int;atm;col;com;adr;gps;lat;long;dep
201600013162;16;3;16;1035;1;2;1;1;6.0;262;COUPE (AVENUE DE LA);M;4315729.0;298046.0;110
201600013168;16;4;15;1720;1;2;3;1;1.0;262;LACROIX (BOULEVARD DU DO;M;4318045.0;300123.0;110
201600013174;16;4;28;1318;1;2;6;1;2.0;262;MAYOLLE (BOULEVARD DE LA;M;4317500.0;300577.0;110
201600013194;16;9;27;1540;1;2;1;1;7.0;262;55, FRANCE (AVENUE ANATO;M;4318754.0;298968.0;110
201600013206;16;10;25;950;1;2;6;1;2.0;262;INDEPENDANCE (RUE DE L');M;4318866.0;300880.0;110
201600013214;16;12;3;850;1;2;6;1;3.0;262;COLONNES (GIRATOIRES DES;M;4318154.0;302985.0;110
201600013216;16;12;16;1845;5;2;3;1;3.0;262;65, LECLERC (AVENUE DU G;M;4317919.0;299589.0;110
201600013312;16;3;11;1405;1;2;1;1;2.0;145;26 RUE LUCIEN COSTES;M;4410560.0;308234.0;120
201600013317;16;9;28;1230;1;2;1;1;3.0;145;GENERAL COSSE;M;4409710.0;307141.0;120
201600013318;16;12;11;1230;1;2;1;1;7.0;145;STADES  (ROND POINT DES);M;4410720.0;308104.0;120
201600013387;16;2;1;1;5;2;1;1;2.0;1;32, ROI RENE (BD DU);M;4352406.0;545103.0;130
201600013429;16;6;21;2015;2;1;1;1;3.0;1;PASTEUR  AVENUE;M;4353341.0;544587.0;130
201600013466;16;12;10;1720;2;2;1;1;1.0;1;51, EUROPE (AV);M;4352488.0;542901.0;130
201600013480;16;4;28;1414;1;2;1;1;6.0;4;0, CHE DES MOINES;M;4369879.0;464072.0;130
201600013483;16;5;25;1620;1;2;4;1;3.0;4;14, RUE DU PONT;M;4367744.0;462422.0;130
201600013517;16;2;16;1355;1;2;1;1;6.0;5;CD 2 (CAMP MAJOR);M;4329421.0;555705.0;130
201600013518;16;2;19;1525;1;2;1;1;6.0;5;123, FLEURIDE (AVENUE DE;M;4328300.0;560461.0;130
201600013530;16;3;31;930;1;1;1;1;3.0;5;BAUMONE (AVENUE DE LA );M;4329815.0;559693.0;130
201600013558;16;6;23;2035;1;1;1;1;3.0;5;3280, CD 2 (CAMP MAJOR);M;4328808.0;552204.0;130
201600013561;16;7;2;1030;1;1;1;1;2.0;5;QUARTIER VAUX (CHEMIN DU;M;4328081.0;556741.0;130
201600013565;16;7;9;1915;1;1;2;1;3.0;5;GRAND PIN VERT (CHEMIN D;M;4331223.0;556335.0;130
201600013569;16;7;28;845;1;2;9;1;3.0;5;1, NATIONALE 8 DE PARIS;M;4328234.0;560243.0;130
201600013571;16;8;1;1520;1;2;1;1;7.0;5;1, GARLABAN (AVENUE DU);M;4330070.0;557063.0;130
201600013575;16;8;2;800;1;1;6;1;3.0;5;0, GEMENOS (ROUTE DE CD2;M;4329817.0;559691.0;130
201600013584;16;9;4;1815;1;2;1;1;3.0;5;0, GARLABAN (AVENUE DU);M;4330057.0;557110.0;130
201600013656;16;4;11;1430;1;2;6;1;3.0;28;1, FRANCE (BOULEVARD ANA;M;4317360.0;561016.0;130
201600013671;16;5;20;1200;1;2;3;1;1.0;28;ROOSEVELT (AVENUE FRANKL;M;4318319.0;561620.0;130
201600013672;16;5;21;1025;1;1;3;1;3.0;28;CD 559 (CHEMIN DEPARTEME;M;4318525.0;566169.0;130
201600013689;16;7;8;920;1;2;6;1;3.0;28;ns, ROVARCH (AVENUE PIER;M;4319171.0;561772.0;130
201600013691;16;7;8;1930;1;2;1;1;6.0;28;74, CAMUGLI (AVENUE ANTO;M;4318303.0;561266.0;130
201600013700;16;7;26;1140;1;1;1;1;1.0;28;CRETES (ROUTES DES);M;4318336.0;557782.0;130
201600013707;16;8;14;1015;1;2;1;1;2.0;28;NS, RIPERT (AVENUE EMILE;M;4318741.0;561527.0;130
201600013731;16;10;5;1740;1;2;3;1;3.0;28;MIREILLE (AVENUE);M;4318901.0;563381.0;130
201600013763;16;5;25;1215;1;2;6;1;3.0;63;THEODORE AUBANEL BOULEV;M;4358765.0;500273.0;130
201600013769;16;1;6;1920;5;2;3;1;1.0;54;DUBOS  RUE RENE;M;4341979.0;522496.0;130
201600013777;16;3;2;850;1;2;1;1;3.0;54;COUVENT  CHEMIN DU,,;;;;130
201600013792;16;7;14;1655;1;2;9;1;1.0;54;COMBATTANT A.F.N.;M;4340647.0;522218.0;130
201600013794;16;7;27;1105;1;2;2;1;3.0;54;26, MERMOZ  RUE JEAN;M;4341830.0;521410.0;130
201600013815;16;12;14;930;1;2;6;1;2.0;102;ABBADIE  BLD;M;4341950.0;523766.0;130
201600013848;16;1;6;1720;2;2;1;1;3.0;55;75, SAINTE MARTHE (CHEMI;M;4332208.0;538935.0;130
201600013849;16;1;6;1820;5;2;1;1;6.0;55;47, RABATAU (BOULEVARD);M;4327476.0;539492.0;130
201600013957;16;1;21;750;2;2;1;1;3.0;55;8, MIREILLE*(RUE);M;4324593.0;537411.0;130
201600013982;16;1;26;830;1;2;3;1;3.0;55;00, MONTRE (TRAVERSE DE;M;4329382.0;547419.0;130
201600013985;16;1;26;1500;1;2;1;1;1.0;55;13, MURE (CHEMIN DE LA );M;4335984.0;536554.0;130
201600014062;16;2;2;900;1;2;1;1;3.0;55;DOCTEUR ESCAT (RUE);M;4328322.0;538121.0;130
201600014091;16;1;23;1230;1;2;1;1;6.0;55;8, FRDRIC MISTRAL (AVE;M;4332342.0;544912.0;130
201600014259;16;3;3;650;1;2;3;1;6.0;55;1, MALPASSE (AVENUE DE);M;4332166.0;541342.0;130
201600014382;16;3;29;2215;5;1;1;1;6.0;55;10, CANEBIERE    2 A 26;M;4329549.0;537500.0;130
201600014504;16;4;19;1035;1;2;1;1;3.0;203;ROGER SALENGRO (AVENUE);M;4331539.0;536995.0;130
201600014516;16;4;20;805;1;2;1;1;2.0;213;86, ALBERT EINSTEIN (RUE;M;4333726.0;543543.0;130
201600014552;16;4;13;1500;1;2;2;1;3.0;204;00, FRANÇOISE DUPARC (BO;M;4330419.0;540074.0;130
201600014557;16;3;10;1810;1;2;1;1;1.0;55;00, PRADO (AVENUE DU);M;4326557.0;538053.0;130
201600014574;16;4;20;830;1;2;1;1;1.0;201;00, FORT NOTRE DAME (RUE;M;4329217.0;537162.0;130
201600014590;16;4;20;1645;1;2;2;1;3.0;201;26, ESPERANDIEU (RUE);M;4330361.0;539309.0;130
201600014680;16;5;12;830;1;2;9;1;3.0;55;386, MICHELET (BOULEVARD;M;4325501.0;540118.0;130
201600014750;16;5;2;930;1;2;1;1;3.0;55;16, GARIBALDI (BOULEVARD;M;4329686.0;538119.0;130
201600014772;16;5;21;1915;1;2;6;1;3.0;55;1, HAMBOURG (BOULEVARD);M;4324865.0;539119.0;130
201600014781;16;5;27;1530;1;2;1;1;2.0;55;249, PIERRE DOIZE  (RUE);M;4327165.0;542683.0;130
201600014783;16;5;27;2200;5;2;3;1;1.0;75;00, LOUIS PASTEUR (AVE);M;4335646.0;546659.0;130
201600014797;16;5;30;920;1;2;1;1;1.0;55;101, SAINT MARCEL (BOULE;M;4328876.0;546162.0;130
201600014805;16;5;31;1140;1;2;1;1;4.0;55;00, SAINT MENET (AVENUE;M;4328818.0;550328.0;130
201600014822;16;6;2;1750;1;2;3;1;3.0;206;1, ITALIE (RUE D');M;4329096.0;538139.0;130
201600014835;16;6;4;1410;1;2;1;1;3.0;215;278, SAINT ANTOINE A SAI;M;4336385.0;536123.0;130
201600014853;16;6;7;930;1;2;1;1;3.0;210;297, CAPELETTE (AVENUE D;M;4327921.0;541411.0;130
201600014864;16;6;8;1440;1;2;1;1;2.0;211;SAINT MENET (AVENUE DE);M;4328816.0;550328.0;130
201600014898;16;6;2;900;1;2;3;1;4.0;207;39, CAPITAINE DESSEMOND;M;4328901.0;535487.0;130
201600014912;16;6;13;1945;2;2;1;1;6.0;208;565, PRADO (AVENUE DU);M;4326289.0;537671.0;130
201600014929;16;6;15;1500;1;2;1;1;7.0;2;750, GENERAL MONTSABERT;M;4335617.0;548664.0;130
201600015040;16;7;1;2230;5;2;1;1;1.0;55;64, CANEBIERE    30 A 68;M;4329619.0;537705.0;130
201600015116;16;7;11;2210;5;2;8;1;3.0;55;66, ROME (RUE DE);M;4329269.0;537989.0;130
201600015211;16;7;25;1845;1;2;1;1;3.0;55;33, CLOT BEY (AVENUE);M;4326127.0;538740.0;130
201600015214;16;7;25;1110;1;2;1;1;5.0;55;76, LE CHATELIER;M;4334662.0;536470.0;130
201600015267;16;8;4;1300;1;1;1;1;6.0;55;00, MENDES FRANCE (AVENU;M;4326175.0;537487.0;130
201600015276;16;8;5;2130;5;2;1;1;6.0;55;1, MADRAGUE VILLE (CHEMI;M;4332508.0;536183.0;130
201600015328;16;8;17;730;1;2;6;1;3.0;55;TROIS LUCS (PLACE);M;4331252.0;546478.0;130
201600015337;16;8;5;1420;1;2;1;1;1.0;55;1, AIX (RUE D');M;4329924.0;537618.0;130
201600015343;16;8;19;2155;5;2;1;1;1.0;55;182, RABATAU (BOULEVARD);M;4328113.0;539931.0;130
201600015410;16;8;30;1800;1;1;3;1;6.0;55;107 Chemin de l'Argile;M;4327947.0;539877.0;130
201600015446;16;9;5;655;5;2;3;1;1.0;55;486, PARADIS (RUE);M;4327386.0;538501.0;130
201600015457;16;9;6;1600;1;2;1;1;1.0;55;7, PRAIRIAL (RUE) *;M;4333776.0;543737.0;130
201600015481;16;9;9;2130;5;2;1;1;2.0;55;11, DAUMIER (RUE);M;4327860.0;538618.0;130
201600015509;16;9;9;1000;1;2;3;1;3.0;55;CRIMEE (RUE DE);M;4330791.0;537959.0;130
201600015557;16;9;20;730;1;2;1;1;5.0;55;40, FRANOISE DUPARC (BO;M;4330227.0;540076.0;130
201600015558;16;9;20;1525;1;2;1;1;2.0;55;11, DESAUTEL (AVENUE);M;4325346.0;540500.0;130
201600015581;16;9;24;1300;1;2;3;1;1.0;55;12, MONTRE (TRAVERSE DE;M;4329359.0;547396.0;130
201600015614;16;9;28;1330;1;2;1;1;1.0;2;36, MARCEL JULIEN (AVENU;M;4335668.0;548762.0;130
201600015642;16;10;2;1010;1;2;1;1;6.0;55;200 MADRAGUE DE MONTRED*;M;4323210.0;535573.0;130
201600015665;16;10;4;1730;1;2;1;1;3.0;55;36, SAINT MENET (MONTEE);M;4329438.0;549149.0;130
201600015666;16;10;4;2150;5;2;7;1;5.0;55;31, JEAN JAURES (PLACE);M;4329522.0;538724.0;130
201600015683;16;10;6;1630;1;2;1;2;3.0;55;366, SAINT ANTOINE A SAI;M;4336797.0;536307.0;130
201600015693;16;10;8;725;2;2;2;1;6.0;55;4, BELSUNCE (COURS);M;4329640.0;537764.0;130
201600015878;16;11;4;915;1;2;1;7;1.0;2;207, QUATRE SAISONS (ROU;M;4332967.0;549006.0;130
201600015908;16;11;8;750;1;2;3;1;3.0;55;100, SAINT JEROME (AVENU;M;4333368.0;542021.0;130
201600015982;16;11;18;1115;1;2;1;1;3.0;55;RUFFI (RUE DE);M;4330841.0;537330.0;130
201600016054;16;11;30;1610;1;2;1;1;6.0;55;40, MORETTI (BOULEVARD);M;4332520.0;538167.0;130
201600016235;16;3;3;1115;1;1;1;9;6.0;39;ROUTE NATIONALE 568;M;4343773.0;494092.0;130
201600016241;16;6;6;1034;1;1;1;1;5.0;56;RD 49;M;4334879.0;505714.0;130
201600016285;16;9;2;1145;1;2;1;1;3.0;56;;M;4339932.0;503971.0;130
201600016301;16;9;24;1725;1;2;1;1;7.0;103;VIEUX CHEMIN D'ISTRES;M;4363560.0;506719.0;130
201600016406;16;4;16;745;1;2;1;1;2.0;71;245, ROUTE NATIONALE 368;M;4340851.0;531802.0;130
201600016429;16;5;14;1330;1;2;1;1;3.0;71;VERSAILLES (ROND POINT D;M;4340946.0;532552.0;130
201600016439;16;6;1;2000;1;1;6;1;3.0;19;ROUTE D'APT;M;4347849.0;535609.0;130
201600016450;16;6;17;630;2;1;1;1;2.0;117;CD20 E;M;4342323.0;524108.0;130
201600016469;16;7;7;830;1;2;6;1;1.0;19;ROUTE D'APT;M;4346528.0;535367.0;130
201600016517;16;9;19;1630;1;2;1;1;1.0;71;FERME ( CHEMIN DE LA );M;4340992.0;531144.0;130
201600016523;16;9;24;1600;1;2;1;1;3.0;71;PAS DE LA MUE ( CHEMIN D;;;;130
201600016539;16;10;22;930;1;1;1;1;3.0;19;, D543;M;4345034.0;536012.0;130
201600016541;16;10;28;1000;1;1;1;1;2.0;71;ROUTE NATIONALE 368 (PLA;M;4340734.0;529359.0;130
201600016606;16;8;28;1100;1;1;1;1;3.0;356;;M;0.0;0.0;780
201600016621;16;3;4;1930;5;2;1;1;2.0;320;boulevard de maule;M;4806900.0;15500.0;720
201600016636;16;9;7;1830;1;2;1;1;3.0;392;AV VICTOR HUGO;M;4907620.0;220270.0;950
201600016668;16;7;28;1730;1;1;1;1;3.0;123;;M;4517700.0;162100.0;190
201600016682;16;12;6;1142;1;1;1;1;6.0;301;COLOMBELLES CD Nø 230 (R;M;4910968.0;-16588.0;140
201600016694;16;3;15;1820;1;2;1;1;2.0;118;50, LEBISEY (RUE DE);M;4919360.0;-35751.0;140
201600016705;16;5;24;1423;1;2;1;1;6.0;118;58, ALLIES (BOULEVARD DE;M;4918440.0;-35799.0;140
201600016717;16;8;25;1945;1;1;1;1;2.0;327;CD NØ 226 A;M;4921410.0;-32930.0;140
201600016718;16;9;5;1210;1;2;1;1;6.0;118;11, MAES (RUE EUGENE);;;;140
201600016727;16;10;12;859;1;2;1;1;6.0;327;LION CD60 (ROUTE DE);;;;140
201600016744;16;2;23;1520;1;2;1;1;3.0;225;GAULLE (RUE DU GAL);M;4928490.0;-10796.0;140
201600016751;16;8;13;1412;1;2;1;1;5.0;117;CAEN (ROUTE DE);M;4927940.0;-14395.0;140
201600016754;16;8;7;1820;1;2;1;1;6.0;338;BAINS (RUE DES);M;4930180.0;-8134.0;140
201600016765;16;6;4;1745;1;1;6;1;2.0;47;;M;4378906.0;443364.0;300
201600016775;16;7;9;1630;1;1;1;1;1.0;487;;M;4794008.0;647778.0;880
201600016801;16;10;8;1600;1;1;1;7;5.0;156;;M;4989306.0;440168.0;80
201600016887;16;4;24;1205;1;2;1;1;3.0;41;BEL AIR RUE DE LA MAIRIE;;;;370
201600016912;16;3;17;1840;2;2;1;7;2.0;153;RUE DU 8 MAI;;;;370
201600016947;16;7;22;1100;1;1;2;1;3.0;487;0, CD 48;M;4917840.0;20935.0;140
201600016965;16;9;28;1815;1;2;1;1;6.0;366;70, GENERAL LECLERC (RUE;M;4915240.0;224211.0;140
201600017024;16;7;12;1245;1;1;1;1;1.0;115;;M;0.0;0.0;370
201600017043;16;12;10;1530;1;2;1;1;1.0;90;;M;4632190.0;135845.0;870
201600017045;16;12;15;1415;1;2;4;1;3.0;111;AVENUE DU PONTY;M;4573880.0;86734.0;870
201600017063;16;3;27;2100;3;1;1;6;2.0;578;;M;4880454.0;92167.0;270
201600017080;16;10;4;1700;1;2;6;1;6.0;56;rue bernard gombert;M;4908547.0;59730.0;270
201600017112;16;5;15;1315;1;2;3;1;1.0;669;rue des cauvins;M;4936566.0;61109.0;270
201600017113;16;10;3;1630;1;2;3;7;3.0;90;330 Route d'Elbeuf;M;4929601.0;92472.0;270
201600017127;16;3;12;1830;1;2;1;1;3.0;88;AVENUE GÉNÉRAL DE GAULLE;M;4395710.0;577613.0;40
201600017128;16;12;2;1415;1;1;1;1;1.0;208;;M;4395640.0;556839.0;40
201600017146;16;8;10;1530;1;2;1;1;1.0;259;LE BOST;M;4492960.0;47536.0;240
201600017169;16;9;17;1800;1;1;1;1;7.0;330;COTE DE LA COUSTELLERIE;M;4503070.0;104821.0;240
201600017179;16;4;4;815;1;2;1;1;2.0;306;132 route de peyrehorade;M;4353159.0;-106188.0;400
201600017184;16;5;24;830;1;2;1;1;2.0;168;Avenue des landes;M;4377774.0;-121784.0;400
201600017190;16;10;10;900;1;1;1;7;2.0;291;Route de Saint Vincent d;M;4366991.0;-134233.0;400
201600017206;16;1;24;1250;1;2;1;1;2.0;152;;M;4392382.0;-111020.0;400
201600017216;16;10;9;2115;3;2;1;1;2.0;84;PK5+400 croissant;M;4365008.0;-89969.0;400
201600017237;16;11;3;1535;1;1;1;1;3.0;256;D961 PK11;M;4731808.0;533652.0;210
201600017246;16;8;9;1915;1;2;1;1;1.0;674;20 RUE HENRI JURIEN DE L;M;4794393.0;480255.0;210
201600017259;16;10;21;1500;1;1;1;1;3.0;127;;M;4847663.0;-43840.0;530
201600017290;16;6;21;930;1;1;1;1;1.0;52;;M;0.0;0.0;70
201600017292;16;5;26;1530;1;1;1;1;7.0;103;;M;0.0;0.0;70
201600017339;16;10;17;1745;1;2;1;1;3.0;268;01 rue françois bacimont;M;4849228.0;349675.0;100
201600017358;16;11;21;1645;2;1;1;2;3.0;323;;M;4851500.0;372100.0;100
201600017373;16;10;30;200;3;1;1;5;1.0;118;;M;4703549.0;312767.0;180
201600017423;16;8;6;1610;1;1;1;1;2.0;300;;M;4566549.0;589596.0;730
201600017433;16;5;24;2100;5;2;1;1;3.0;303;avenue pringolliet;M;4575316.0;642121.0;730
201600017446;16;1;21;1315;1;1;3;1;1.0;519;RD 834;M;4339243.0;-38023.0;640
201600017450;16;10;21;1700;1;2;2;1;3.0;37;RUE DES ECOLES;M;4332856.0;-50113.0;640
201600017468;16;5;4;1745;1;2;3;1;3.0;98;D951/R BONSHOMMES;M;4782575.0;176291.0;450
201600017476;16;9;29;830;1;2;2;1;3.0;30;RTE MONTARGIS/R ECOLES;M;4806925.0;243474.0;450
201600017488;16;9;30;1615;1;2;1;1;3.0;41;;M;4938286.0;222354.0;600
201600017515;16;11;23;1630;1;1;1;1;1.0;584;;M;4921320.0;240938.0;600
201600017538;16;6;28;1415;1;1;1;1;7.0;25;;M;4940432.0;307001.0;600
201600017623;16;5;3;815;2;2;9;7;2.0;103;LE PORT;M;4936840.0;-133629.0;500
201600017650;16;9;1;1045;1;1;2;1;1.0;577;;M;4927200.0;-55800.0;140
201600017653;16;12;1;1530;1;1;1;1;2.0;111;;M;4921800.0;-65500.0;140
201600017660;16;5;8;1030;1;1;2;1;3.0;299;;M;4937640.0;27580.0;140
201600017705;16;8;25;530;5;1;1;1;6.0;138;;M;0.0;0.0;60
201600017720;16;7;19;1700;1;2;1;1;3.0;112;route de Nice;M;0.0;0.0;60
201600017721;16;7;27;1545;1;2;1;1;2.0;112;97 route de Nice;M;0.0;0.0;60
201600017723;16;9;11;1100;1;1;1;1;7.0;10;;M;0.0;0.0;60
201600017727;16;12;10;1400;1;1;1;1;6.0;68;route départementale 3;M;4372249.0;697942.0;60
201600017750;16;8;15;1430;1;2;1;1;2.0;71;avenue des PLANS;M;0.0;0.0;60
201600017770;16;8;17;1345;1;2;1;1;1.0;29;Rue de Beaulieu;M;0.0;0.0;720
201600017787;16;12;4;1745;5;2;3;1;3.0;220;AVENIR (RUE DE L');;;;140
201600017808;16;4;15;1835;1;2;1;1;7.0;699;HAUT BOIS (AVENUE DU);M;4935710.0;10946.0;140
201600017813;16;5;8;1525;1;2;1;1;3.0;220;REPUBLIQUE (AVENUE DE LA;M;4935780.0;7547.0;140
201600017815;16;5;20;1425;1;2;3;1;3.0;699;GENERAL DE GAULLE (AVENU;M;4934670.0;10246.0;140
201600017819;16;6;22;1845;1;1;1;1;3.0;701;C.D. 27;M;4932750.0;7646.0;140
201600017827;16;7;30;1740;1;2;1;1;7.0;220;CORNUCHE (BOULEVARD);;;;140
201600017831;16;8;17;1035;1;2;1;1;2.0;557;AVENUE MICHEL D'ORNANO;M;4934400.0;8614.0;140
201600017835;16;8;20;1215;1;1;1;1;3.0;701;C.D. 27;;;;140
201600017839;16;8;30;1105;1;2;1;1;7.0;220;REPUBLIQUE (AVENUE DE LA;;;;140
201600017851;16;10;17;1420;1;2;1;1;7.0;79;MICHEL D'ORNANO (AVENUE);;;;140
201600017852;16;10;22;1650;1;2;1;1;7.0;220;AGUSTE-DECAENS (RUE);;;;140
201600017870;16;7;6;1115;1;1;1;1;3.0;127;;M;0.0;0.0;580
201600017932;16;12;16;1630;1;1;1;1;2.0;320;;M;0.0;0.0;10
201600017939;16;8;23;1145;1;1;1;1;3.0;10;;M;0.0;0.0;10
201600017942;16;2;25;2045;5;1;6;1;6.0;31;;M;0.0;0.0;10
201600017950;16;3;17;1915;2;1;1;1;3.0;348;;M;4618165.0;480000.0;10
201600017972;16;12;22;1730;5;2;6;2;3.0;60;route de Saint pourcain;M;0.0;0.0;30
201600017983;16;8;15;1030;1;1;1;1;1.0;17;;M;0.0;0.0;840
201600017984;16;8;25;1130;1;1;1;1;3.0;17;;M;0.0;0.0;840
201600017987;16;9;15;1200;1;1;1;1;7.0;79;;M;4405667.0;532696.0;840
201600017999;16;5;25;1500;1;2;1;1;1.0;52;38 RUE BALLOY;M;4952465.0;338544.0;20
201600018075;16;3;22;1745;1;2;2;1;3.0;15;route du stade / roche;M;0.0;0.0;380
201600018104;16;11;28;2330;3;1;1;9;2.0;89;RD1;M;4370967.0;118804.0;310
201600018118;16;11;22;1810;5;2;6;2;3.0;107;D627;M;4331005.0;122231.0;310
201600018124;16;2;6;1315;1;1;3;6;6.0;292;;M;0.0;0.0;310
201600018129;16;12;1;1705;1;1;3;1;3.0;481;Route départementale 7;M;4348838.0;114773.0;310
201600018131;16;11;24;1345;1;2;5;7;3.0;42;boulevard charles de gau;M;4279517.0;59615.0;310
201600018157;16;8;7;915;1;1;1;1;1.0;26;Moulin de Pencran;M;4818934.0;-410944.0;290
201600018235;16;10;13;1215;1;2;1;1;3.0;3;Boulevard Magiresti;M;4737439.0;-118753.0;440
201600018243;16;11;24;1700;4;2;6;1;3.0;36;rue d'Angers;M;4771043.0;-137446.0;440
201600018255;16;10;24;1800;1;1;1;1;3.0;87;La haute pommeraie;M;4699086.0;-178544.0;440
201600018259;16;10;29;1640;1;2;6;7;3.0;43;Rd pt du Boeuf Couronné;M;4708959.0;-128615.0;440
201600018271;16;12;3;1650;1;1;1;7;2.0;120;la bréhannerie, CD 80;M;4719041.0;-176865.0;440
201600018279;16;11;5;1130;1;2;1;1;3.0;69;AVENUE ANNE DE BRETAGNE;M;4732725.0;-241762.0;440
201600018356;16;11;30;1115;1;1;1;1;6.0;79;le pont joret;M;4840062.0;-266439.0;220
201600018374;16;1;8;1245;1;1;2;1;3.0;207;Croajou;M;4863871.0;-345506.0;220
201600018390;16;4;28;1715;1;1;1;1;2.0;347;Crec'h choupot;M;4878338.0;-321356.0;220
201600018399;16;8;23;1800;1;1;1;7;2.0;237;;M;4809706.0;725744.0;680
201600018413;16;7;5;945;1;1;1;1;1.0;384;;M;4769785.0;729700.0;680
201600018435;16;5;12;1900;1;1;1;1;5.0;51;;M;4359500.0;348738.0;340
201600018440;16;7;26;945;1;2;1;1;2.0;281;D 2 ROUTE DE VILLEVEYRAC;M;4352740.0;357188.0;340
201600018441;16;10;22;300;3;1;1;1;2.0;79;;M;4361070.0;343668.0;340
201600018478;16;9;16;1645;1;2;6;1;3.0;189;toul ar rohou;M;4838435.0;-437719.0;290
201600018485;16;7;10;1900;1;1;1;1;3.0;97;;M;4727889.0;170109.0;410
201600018496;16;4;27;2030;1;2;1;1;6.0;239;rue de gâtines;M;4726017.0;139676.0;410
201600018508;16;10;9;1000;1;2;1;1;6.0;198;;M;4727163.0;137246.0;410
201600018511;16;11;13;1030;1;2;3;1;3.0;59;;M;4741638.0;143177.0;410
201600018516;16;1;12;1030;1;2;3;7;3.0;232;Avenue de Nançay;M;4742023.0;206046.0;410
201600018524;16;8;9;1000;1;1;1;1;3.0;232;;M;4744377.0;206618.0;410
201600018536;16;5;29;1515;1;2;1;2;1.0;75;Route de Vendome;M;4803901.0;107576.0;410
201600018559;16;9;20;1530;1;1;1;1;3.0;133;RD 911 - PR 61+500;M;4428970.0;257794.0;120
201600018565;16;6;28;1820;1;1;1;1;1.0;218;LA CARRIERE;M;4455150.0;242563.0;120
201600018595;16;4;18;1030;1;2;1;1;7.0;42;Veau doré;M;4747641.0;-41348.0;490
201600018613;16;8;25;1830;1;2;1;1;2.0;331;rue du champ de foire;M;4768284.0;-87826.0;490
201600018668;16;5;9;1130;1;1;3;1;3.0;617;AV DE LA HETRAIE;M;4948383.0;115267.0;760
201600018697;16;1;25;1515;1;1;1;7;1.0;322;;M;0.0;0.0;630
201600018705;16;10;22;1715;1;1;1;1;1.0;118;;M;0.0;0.0;630
201600018729;16;12;5;1800;3;1;1;1;2.0;15;;M;4761556.0;375387.0;890
201600018738;16;12;3;1800;3;1;1;1;3.0;306;;M;4749191.0;387948.0;890
201600018744;16;8;8;1545;1;1;1;1;2.0;184;;M;4774310.0;417054.0;890
201600018787;16;8;25;845;1;1;1;1;3.0;196;;M;4665359.0;534371.0;710
201600018790;16;10;18;1430;1;2;1;1;1.0;263;390 avenue Fernand Point;M;4662398.0;523086.0;710
201600018796;16;8;25;1045;1;1;1;1;3.0;292;;M;0.0;0.0;710
201600018879;16;11;25;635;5;2;4;1;3.0;212;RD1 / RD 23;M;4991685.0;251659.0;800
201600018881;16;3;3;1645;1;2;1;1;2.0;13;4, ROUTE DE OISEMONT;M;4996552.0;193506.0;800
201600018882;16;3;30;1730;1;2;1;2;1.0;443;RUE DE MOLLIENS-VIDAME;M;4984760.0;190650.0;800
201600018913;16;10;27;1440;1;2;3;1;3.0;782;R GUILBERT/R EPINETTE;M;4996315.0;224566.0;800
201600018972;16;11;2;1445;1;1;6;1;3.0;368;GIRATOIRE D2 / D925;M;5007299.0;154178.0;800
201600018973;16;11;5;1545;1;2;3;1;7.0;368;RUE PAUL VERLAINE;M;5009452.0;155982.0;800
201600018991;16;5;13;1520;1;2;1;1;3.0;3;Rue Raymond De Wazieres;M;5006963.0;253939.0;800
201600019004;16;1;29;715;5;2;1;9;1.0;185;58, Grande Rue;M;4969587.0;286313.0;800
201600019015;16;10;30;1115;1;1;2;1;3.0;232;RD139 / RD34;M;4973271.0;275503.0;800
201600019043;16;9;17;2015;5;2;1;1;1.0;620;AV CHARLES BOULANGER;M;4993389.0;293291.0;800
201600019056;16;5;6;1715;1;1;3;1;3.0;530;CARR D120/D119;M;4995330.0;257332.0;800
201600019061;16;8;22;1815;1;1;1;1;2.0;530;"RD 120, ""Rte de Corbie""";M;4993791.0;252857.0;800
201600019066;16;11;19;1635;2;2;1;1;3.0;162;23 rue du Val;M;4981542.0;264007.0;800
201600019112;16;1;20;1400;1;1;6;1;3.0;56;rond point garossos;M;4366425.0;136059.0;310
201600019123;16;11;8;1735;3;2;1;1;3.0;32;chemin du castelet;M;4367923.0;131938.0;310
201600019151;16;8;8;1745;1;1;2;1;3.0;337;;M;4629846.0;-65540.0;790
201600019182;16;8;5;1555;1;2;7;1;3.0;79;11 PL DE LA CROIX VERTE;M;4692207.0;-74898.0;790
201600019189;16;3;26;1600;1;1;1;1;1.0;299;;M;4688300.0;-24100.0;790
201600019194;16;6;24;2015;1;2;3;1;3.0;157;RUE DE VILLENEUVE;M;4700969.0;-19996.0;790
201600019234;16;12;7;1615;1;1;3;1;3.0;179;;M;0.0;0.0;790