Num_Acc;an;mois;jour;hrmn;lum;agg;int;atm;col;com;adr;gps;lat;long;dep
201600019281;16;10;31;1405;1;1;6;1;3.0;198;RD 929;M;4965669.0;86800.0;760
201600019292;16;1;5;845;1;2;1;2;3.0;276;RUE DE LA PAIX;M;0.0;0.0;670
201600019299;16;7;24;945;1;1;2;1;1.0;591;;M;4890400.0;167200.0;780
201600019329;16;7;20;1400;1;1;1;1;3.0;193;CHEZ BRIARD;M;0.0;0.0;740
201600019344;16;5;8;815;1;1;6;1;3.0;208;;M;0.0;0.0;740
201600019346;16;6;22;1745;1;1;1;1;2.0;208;631 ROUTE DES SOUDANS;M;0.0;0.0;740
201600019348;16;9;10;1030;1;2;1;1;1.0;256;QUAI DE WARRENS;M;0.0;0.0;740
201600019375;16;1;8;815;3;1;1;8;2.0;34;;M;0.0;0.0;560
201600019399;16;6;22;1615;1;1;1;1;3.0;36;;M;4779807.0;-337380.0;560
201600019405;16;6;5;915;1;2;1;1;1.0;13;rue du couvent;M;4767419.0;-316946.0;560
201600019406;16;7;24;1800;1;1;1;1;2.0;119;;M;0.0;0.0;560
201600019407;16;8;4;830;1;2;6;1;6.0;130;;M;4773921.0;-322648.0;560
201600019435;16;8;23;1130;1;1;1;1;1.0;176;;M;0.0;0.0;190
201600019471;16;9;27;515;5;1;1;1;2.0;576;;M;4905694.0;412446.0;510
201600019483;16;8;20;1500;1;2;1;1;3.0;573;8 rue victor hugo;M;4860631.0;250635.0;910
201600019515;16;11;24;715;2;1;1;8;2.0;28;CD1 - PK 9.200;M;0.0;0.0;570
201600019554;16;7;14;900;1;2;1;1;1.0;24;Avenue d'armorique;M;4818168.0;-164026.0;350
201600019556;16;8;28;2015;1;2;1;1;3.0;24;avenue d'armorique;M;4818208.0;-164062.0;350
201600019563;16;5;10;1845;1;2;1;1;1.0;588;76 boulevard des écoles;M;4352969.0;132906.0;310
201600019581;16;6;11;915;1;1;1;1;2.0;87;;M;0.0;0.0;830
201600019609;16;7;1;1045;1;1;4;1;3.0;48;ROUTE DU GROS PERRIER;M;0.0;0.0;740
201600019637;16;7;25;1200;1;1;1;1;2.0;118;;M;4373700.0;390500.0;340
201600019638;16;9;5;1215;1;1;6;1;1.0;120;;M;4365970.0;390140.0;340
201600019641;16;10;20;1300;1;2;1;1;3.0;169;ROUTE DE MENDE;M;4365970.0;386327.0;340
201600019694;16;8;22;1105;1;2;4;1;3.0;102;11 RUE DEDIZEDON;M;4568392.0;-34017.0;160
201600019695;16;9;4;1130;1;2;6;1;3.0;89;DIZEDON (ROUTE DE);M;4566818.0;-32804.0;160
201600019707;16;3;5;1700;1;2;3;1;3.0;335;rue neuve prolongée;M;5047100.0;339500.0;590
201600019711;16;1;23;1100;1;2;1;1;1.0;471;;M;4958495.0;300002.0;600
201600019721;16;4;15;1525;1;2;1;1;3.0;299;50, PELLETAN AVENUE;M;4594164.0;-96437.0;170
201600019753;16;1;6;2025;5;2;2;2;3.0;300;14, NORMANDIN   RUE EMIL;M;4615045.0;-114621.0;170
201600019760;16;1;19;1730;1;2;2;1;6.0;291;50, JUSTICES  RUE DU MOU;M;4617234.0;-112443.0;170
201600019765;16;1;27;110;5;2;1;1;2.0;28;62, SALENGRO   AVENUE RO;M;4614010.0;-113326.0;170
201600019766;16;1;28;800;2;2;2;2;3.0;300;56, EINSTEIN   AVENUE AL;M;4614825.0;-115509.0;170
201600019769;16;2;2;950;1;2;1;1;2.0;300;42, DUPERRE   QUAI;M;4615806.0;-115311.0;170
201600019771;16;2;2;1850;5;2;6;2;6.0;28;2, LYSIACK   AVENUE DU C;M;4613637.0;-112477.0;170
201600019773;16;2;3;1946;2;2;1;1;2.0;291;Rue de la Libération;M;4617697.0;-111522.0;170
201600019778;16;2;9;1415;1;2;2;1;6.0;300;14, SAINTES-CLAIRES   RU;M;4616364.0;-115201.0;170
201600019780;16;2;11;430;5;2;1;2;2.0;300;1, MOULIN   PONT JEAN;M;4615621.0;-114153.0;170
201600019784;16;2;12;1715;1;2;1;1;2.0;300;1, DUPERRE   QUAI;M;4615817.0;-115108.0;170
201600019785;16;2;22;1920;5;2;1;2;3.0;300;1, DUPERRE   QUAI;M;4615807.0;-115071.0;170
201600019788;16;3;2;800;1;2;1;2;3.0;300;27, LA ROCHELLE   RUE DE;M;4616039.0;-114930.0;170
201600019789;16;3;2;1750;1;2;1;1;3.0;200;1, LAGORD VENDOME   AVEN;M;4617341.0;-116099.0;170
201600019813;16;4;12;1910;1;2;3;1;6.0;300;52, CENT-VINGT-TROISIEME;M;4615037.0;-114611.0;170
201600019818;16;4;15;1440;1;2;3;1;1.0;300;2, LECLERC   AVENUE DU G;M;4616241.0;-115852.0;170
201600019840;16;5;29;2145;5;2;1;1;7.0;300;7, CLEMENCEAU   AVENUE G;M;4616408.0;-118190.0;170
201600019845;16;6;8;1720;1;1;1;1;6.0;300;08 PK RN237 RE MOULIN JU;M;4617597.0;-121502.0;170
201600019849;16;6;13;1328;1;1;1;1;2.0;28;50, GRASSET   AVENUE EDM;M;4613292.0;-111215.0;170
201600019859;16;6;23;1840;1;2;2;1;3.0;300;60, BRIAND   AVENUE ARIS;M;4616685.0;-116399.0;170
201600019865;16;6;28;1211;1;2;3;2;3.0;300;44, NORMANDIN   RUE EMIL;M;4614693.0;-114322.0;170
201600019874;16;7;6;1625;1;2;3;1;3.0;300;2, DAUPHINE  AVENUE DE L;M;4616867.0;-114985.0;170
201600019885;16;7;26;1311;1;2;2;1;3.0;300;03, CREPEAU   AVENUE MIC;M;4614921.0;-115879.0;170
201600019887;16;7;26;1418;1;2;2;1;3.0;300;12, DELAYANT   RUE;M;4616423.0;-115180.0;170
201600019889;16;8;1;1455;1;2;1;1;2.0;300;42, MARILLAC   AVENUE;M;4614089.0;-116196.0;170
201600019897;16;8;22;1832;1;2;3;1;3.0;300;00, LECLERC   AVENUE DU;M;4616272.0;-116147.0;170
201600019904;16;8;30;1908;1;2;1;1;3.0;300;00, RAVEL   RUE MAURICE;M;4616365.0;-112533.0;170
201600019907;16;9;4;1507;1;1;1;1;2.0;300;00, D 106;M;4617707.0;-121169.0;170
201600019909;16;9;4;2300;5;2;1;1;6.0;300;2, CHAUDRIER   RUE;M;4616029.0;-115339.0;170
201600019923;16;9;28;1122;1;2;1;1;3.0;300;00, MAIL   ALLEE DU;M;4615580.0;-117047.0;170
201600019929;16;10;4;1345;1;2;3;1;3.0;300;SCHWEITZER   RUE DU DOCT;M;4615782.0;-114457.0;170
201600019930;16;10;5;800;1;2;1;1;6.0;300;43, MINAGE   RUE DU;M;4616294.0;-115141.0;170
201600019932;16;10;6;1538;1;2;2;1;1.0;300;00, REPUBLIQUE   BOULEVA;M;4614104.0;-114127.0;170
201600019944;16;10;17;915;1;2;6;1;3.0;300;Bd Aristide Rondeau;M;4616134.0;-118303.0;170
201600019945;16;10;17;1730;1;2;2;1;1.0;300;00, GAMBETTA   AVENUE;M;4616166.0;-114549.0;170
201600019947;16;10;20;820;1;2;1;1;6.0;300;2, DOMPIERRE   RUE DE;M;4616356.0;-113834.0;170
201600019951;16;10;28;900;1;2;1;1;7.0;300;LECLERC   AVENUE DU GENE;M;4616212.0;-115542.0;170
201600019955;16;11;5;1725;1;2;3;1;3.0;300;07, BOURGET   RUE PAUL;M;4617082.0;-118653.0;170
201600019966;16;11;18;756;5;2;1;1;3.0;300;2, MONNET   AVENUE JEAN;M;4614461.0;-115295.0;170
201600019973;16;11;25;855;1;2;1;1;3.0;300;1, TRUFFAUT  RUE FRANCOI;M;4614613.0;-115436.0;170
201600019976;16;11;30;810;1;2;1;1;3.0;300;4, ONZE NOVEMBRE 1918;M;4617347.0;-115036.0;170
201600019989;16;12;16;1057;1;2;1;1;3.0;300;14, MONNET   AVENUE JEAN;M;4614648.0;-115239.0;170
201600019993;16;12;29;1135;1;2;1;1;3.0;300;215, CARNOT   AVENUE;M;4616459.0;-118119.0;170
201600020011;16;4;17;1140;1;1;1;1;3.0;380;EXPRESS (VOIE);M;4566499.0;-113775.0;170
201600020024;16;6;19;1025;1;2;1;1;6.0;306;PONTAILLAC (DE) (AVENUE);M;4562642.0;-105071.0;170
201600020025;16;6;21;1130;1;2;1;1;7.0;306;05, MAINE ARNAUD (DU) (A;M;4563503.0;-103512.0;170
201600020041;16;8;4;2340;5;2;1;1;2.0;306;PONTAILLAC (DE) (AVENUE);M;4562503.0;-104765.0;170
201600020045;16;8;9;1750;1;2;1;1;3.0;306;DE LATTRE DE TASSIGNY (B;M;4562686.0;-101875.0;170
201600020046;16;8;12;1045;1;1;1;1;3.0;380;GRANDE COTE (AVENUE DE L;M;4564767.0;-111138.0;170
201600020055;16;9;23;915;1;2;1;1;3.0;306;LAVOISIER (ANTOINE DE);M;4563167.0;-98753.0;170
201600020064;16;10;31;930;1;2;3;1;3.0;306;., ROCHEFORT (DE)  (AVEN;M;4565152.0;-102388.0;170
201600020069;16;11;18;830;5;2;2;1;3.0;306;52, BRIAND  ARISTIDE  (B;M;4562592.0;-103081.0;170
201600020102;16;1;7;1820;2;2;1;1;3.0;415;VLADIMIR BOULEVARD DE;M;4575761.0;-64484.0;170
201600020110;16;2;18;1640;1;2;1;1;6.0;415;111, GAMBETTA 74 A 162 E;M;4574661.0;-62292.0;170
201600020121;16;4;20;1415;1;2;2;1;1.0;415;PONT AMILION PETITE RUE;M;4574453.0;-62718.0;170
201600020130;16;6;24;1155;1;2;2;1;2.0;415;02, NATIONAL 1 A 67 ET 2;M;4574704.0;-63047.0;170
201600020136;16;8;11;1125;1;2;1;1;2.0;415;12, JEAN RUE DU DOCTEUR;M;4573938.0;-61848.0;170
201600020137;16;8;11;1210;1;2;1;1;2.0;415;135, GAUTIER RUE;M;4573995.0;-61969.0;170
201600020151;16;10;5;850;1;2;6;1;3.0;415;GENET 6 A ROCADE OUEST C;M;4574911.0;-65911.0;170
201600020158;16;12;8;1800;5;2;6;1;3.0;415;62, BERTHELOT RUE MARCEL;M;4574104.0;-62234.0;170
201600020200;16;7;26;1015;1;1;1;1;3.0;141;;M;4410542.0;465943.0;300
201600020229;16;12;6;1745;5;2;1;1;3.0;279;04 rue des écoles;M;4771930.0;64864.0;410
201600020242;16;6;19;1015;1;2;1;1;3.0;610;36 rue de Montreuil D902;M;5047393.0;177562.0;620
201600020246;16;4;2;1415;1;1;1;1;3.0;631;;M;5030300.0;228100.0;620
201600020290;16;11;8;645;2;2;6;1;1.0;54;RD554 ZA les Couquilles;M;0.0;0.0;830
201600020305;16;1;9;1400;1;2;1;1;5.0;257;LE BOURG;M;4456290.0;8266.0;470
201600020337;16;3;11;800;1;2;3;7;1.0;140;08160;M;4965368.0;479016.0;80
201600020391;16;11;22;925;1;2;1;1;1.0;33;37, LAMY (RUE THEOPHILE);M;4707529.0;230025.0;180
201600020395;16;12;12;840;1;2;6;1;3.0;205;125, GAULLE (AVENUE DU G;M;0.0;242088.0;180
201600020396;16;12;8;750;5;2;6;1;6.0;33;VERDUN (CARREFOUR DE);M;;;180
201600020405;16;9;10;1000;1;1;1;1;3.0;141;;M;4790425.0;133745.0;410
201600020521;16;3;25;1915;5;2;4;1;3.0;279;MARCEL (RUE ETIENNE);M;4721900.0;208999.0;180
201600020534;16;6;6;915;1;1;1;1;1.0;47;;M;0.0;0.0;720
201600020543;16;5;12;1500;1;1;1;8;2.0;8;;M;0.0;0.0;720
201600020548;16;8;27;1000;1;2;1;7;1.0;8;Avenue de la liberté;M;0.0;0.0;720
201600020552;16;10;7;1445;1;2;2;1;1.0;213;rue des pins;M;0.0;0.0;720
201600020561;16;6;10;830;1;1;1;1;3.0;19;Ch du Train des pignes;M;4314285.0;633760.0;830
201600020562;16;6;14;900;1;2;1;1;1.0;70;avenue de la 1ère DFL;M;4313827.0;637455.0;830
201600020574;16;7;3;1615;1;1;1;1;3.0;101;;M;4908642.0;287247.0;600
201600020587;16;1;15;1715;1;2;3;1;3.0;31;36, POMPIDOU (AVENUE GEO;;;;190
201600020601;16;3;10;1800;1;2;1;1;3.0;31;52, MALRAUX (AVENUE ANDR;M;4516333.0;149037.0;190
201600020603;16;3;13;1135;1;2;3;1;3.0;31;86, ROLLAND (RUE ROMAIN);M;4516062.0;151586.0;190
201600020617;16;5;26;1720;1;1;1;1;4.0;31;MEYSSAC (ROUTE DE);M;4512491.0;155438.0;190
201600020628;16;7;2;1620;1;2;1;1;3.0;31;00, ILE DU ROI (RUE DE L;;;;190
201600020643;16;9;6;1710;1;2;1;1;2.0;31;25, MELITOPOL (AVENUE DE;M;4516084.0;151533.0;190
201600020668;16;11;19;1650;1;2;3;1;3.0;31;2, DUBOIS (BOULEVARD CAR;;;;190
201600020675;16;12;12;610;5;2;2;1;3.0;31;12, GOUDOUX (RUE JEAN);M;4515651.0;150418.0;190
201600020679;16;12;18;1525;1;2;1;1;2.0;31;00, KOENIG (BOULEVARD GE;M;4515934.0;153059.0;190
201600020683;16;12;22;2110;5;2;1;2;2.0;31;0, TEINCHURIER (AVENUE D;M;4514731.0;148252.0;190
201600020711;16;5;27;1415;1;1;1;1;3.0;64;;M;4783437.0;755054.0;680
201600020713;16;6;6;1700;1;2;6;1;3.0;300;des incorporés de forces;M;4777971.0;736474.0;680
201600020714;16;8;31;1930;2;2;1;1;2.0;300;38 rue de Mulhouse;M;4778169.0;736593.0;680
201600020724;16;7;4;1820;1;2;2;1;3.0;54;JOIGNEAUX (RUE PIERRE);M;4702189.0;484395.0;210
201600020727;16;10;7;1230;1;2;6;1;6.0;54;CHAFFOTTE (RUE);M;4701979.0;484716.0;210
201600020731;16;11;3;1715;2;2;3;1;3.0;54;BLANCHES FLEURS (RUE DES;M;4703520.0;483799.0;210
201600020746;16;3;11;2110;5;2;3;1;6.0;231;23, LANGRES (DE) (AVENUE;M;4734408.0;504504.0;210
201600020766;16;7;4;1150;1;2;7;1;6.0;231;40, TRANSVAAL (DU) (RUE);M;4731538.0;503819.0;210
201600020769;16;7;27;905;1;2;1;1;6.0;278;ALETH DE MONTBARD (RUE);M;4733729.0;503138.0;210
201600020774;16;9;6;1450;1;2;3;1;3.0;231;NICOLAS ROLIN (QUAI);M;4731662.0;502546.0;210
201600020778;16;9;20;1054;1;2;1;1;3.0;231;163, AUXONNE (D') (RUE);M;4730858.0;505602.0;210
201600020787;16;12;1;1220;1;2;4;1;1.0;355;DIJON (DE) (ROUTE);M;4730026.0;505185.0;210
201600020803;16;1;22;730;3;1;1;2;2.0;113;TREGASTEL (ROUTE DE);M;4877257.0;-348587.0;220
201600020806;16;1;25;820;2;1;1;1;3.0;113;TREBEURDEN (ROUTE DE);M;4875337.0;-351682.0;220
201600020824;16;7;25;1725;1;1;3;1;3.0;113;FRERES LAGADEC (RUE DES);M;4872524.0;-347153.0;220
201600020826;16;7;26;1415;1;2;9;1;6.0;113;GERHARD (RUE CHARLES);M;4873296.0;-344456.0;220
201600020833;16;9;15;1620;1;1;6;1;6.0;113;ROND POINT COPPENS;M;4873412.0;-343931.0;220
201600020834;16;10;3;935;1;2;6;1;3.0;113;KERLIGONAN (LIEU-DIT);M;4874472.0;-347667.0;220
201600020841;16;12;9;1444;1;2;1;1;7.0;113;LE MAUX (RUE PHILIPPE);M;4873803.0;-345661.0;220
201600020846;16;12;28;1625;1;1;1;1;3.0;215;0, RD 222;M;4848346.0;-279650.0;220
201600020849;16;1;5;950;1;1;6;8;3.0;187;BARBUSSE (Avenue Henri);M;4854622.0;-277270.0;220
201600020858;16;2;5;1720;1;2;1;1;3.0;278;68, ROSTAND (EDMOND);M;4851753.0;-273412.0;220
201600020869;16;4;19;1215;1;2;6;1;3.0;278;GALLOIS (CARREFOUR DES);M;4849709.0;-274703.0;220
201600020875;16;5;15;830;1;2;6;7;3.0;360;0, PASTEUR (RUE);M;4848834.0;-274235.0;220
201600020876;16;5;25;805;1;1;9;1;3.0;187;0, VERDUN (rue de );M;4854300.0;-278268.0;220
201600020878;16;6;6;1215;1;2;6;1;3.0;278;PRIGENT (EDOUARD);M;4850884.0;-277212.0;220
201600020895;16;8;5;1630;1;2;2;1;3.0;360;0, CREAC'H (RUE DU);M;4846824.0;-276553.0;220
201600020896;16;8;9;1345;1;2;1;1;3.0;187;16, TOURNEMINE (RUE DE);M;4855624.0;-276947.0;220
201600020898;16;8;31;1750;1;2;1;1;2.0;278;27, GOUEDIC (DE);M;4851075.0;-275692.0;220
201600020903;16;9;12;1200;1;1;6;1;3.0;278;GALLOIS (CARREFOUR DES);M;4849773.0;-274823.0;220
201600020908;16;9;21;1740;1;1;3;1;3.0;278;FERRY (JULES);M;4850230.0;-276894.0;220
201600020937;16;11;18;1211;1;1;6;1;1.0;360;SAINT-RIVILY (RUE DE);M;4848873.0;-276418.0;220
201600020939;16;12;3;1015;1;2;6;1;3.0;106;0, JOLIOT CURIE (RUE);M;4849836.0;-272326.0;220
201600020946;16;12;7;1815;3;1;1;1;1.0;187;0, RD786;M;4855161.0;-280095.0;220
201600020952;16;9;23;1500;1;1;2;1;3.0;96;34, D 33;M;4614364.0;186637.0;230
201600020962;16;11;3;600;5;2;2;5;6.0;37;RUE SULLY-PRUDHOMME;M;4486060.0;47912.0;240
201600020964;16;12;7;1645;1;1;1;1;6.0;37;D709 (RTE DE MUSSIDAN);M;4486350.0;45200.0;240
201600020972;16;4;4;800;1;2;1;1;2.0;256;ROUTE DE RIBERAC;M;4519810.0;66118.0;240
201600020993;16;1;7;1929;5;2;1;9;6.0;56;SANS, STRASBOURG QUAI DE;M;4724222.0;602277.0;250
201600021016;16;4;1;1700;1;2;1;1;6.0;56;SANS, MAROT RUE CLEMENT;M;4721315.0;596423.0;250
201600021017;16;4;8;928;1;2;2;1;6.0;56;SANS, KENNEDY  BOULEVARD;M;4724311.0;599461.0;250
201600021031;16;5;28;434;5;2;1;8;6.0;56;sans, DROZ   AVENUE EDOU;M;4724147.0;603269.0;250
201600021049;16;7;22;717;1;2;9;1;6.0;56;av. 60ème regiment d'inf;M;4724219.0;600897.0;250
201600021059;16;9;12;1727;1;2;1;1;6.0;56;SANS, EDISON RUE THOMAS;M;4722983.0;596650.0;250
201600021064;16;10;2;1111;1;2;1;1;7.0;56;8, LABBE RUE;M;4723950.0;601282.0;250
201600021067;16;10;11;1225;1;2;3;1;6.0;56;SANS, DOLE RUE DE >185 &;M;4722536.0;597404.0;250
201600021076;16;11;7;1652;1;2;3;1;3.0;56;SANS, VERNOIS CHEMIN DU;M;4725459.0;604481.0;250
201600021100;16;4;23;1010;1;2;1;2;7.0;547;25, PONTARLIER (RUE DE);M;4751224.0;683652.0;250
201600021120;16;5;14;1115;1;2;1;2;3.0;462;66, SALINS DE (DU 64 A L;M;4690936.0;633666.0;250
201600021122;16;5;27;1500;1;2;1;1;6.0;462;2, GRANGES DES;M;4689870.0;634604.0;250
201600021132;16;7;3;1520;1;2;3;1;3.0;462;18, ROCADE G.POMPIDOU (D;M;4690050.0;635657.0;250
201600021134;16;7;6;1745;1;2;7;1;3.0;462;6, JULES PAGNIER (PLACE);M;4690492.0;635710.0;250
201600021141;16;9;24;1630;1;2;3;1;2.0;462;8, VUILLECIN (RUE DE);M;4691913.0;634391.0;250
201600021143;16;9;30;830;1;2;1;1;3.0;462;54, SALINS DE (DU 16 AU;M;4690742.0;634387.0;250
201600021144;16;10;7;655;5;2;1;1;2.0;204;13, Grande rue;M;4692794.0;634891.0;250
201600021147;16;10;17;1206;1;2;3;2;2.0;462;8, SAINT ETIENNE FAUBOUR;M;4690205.0;635925.0;250
201600021151;16;11;24;1315;1;1;1;1;3.0;204;8, Fruitire  (de la );M;4692478.0;633877.0;250
201600021159;16;4;2;1445;1;2;1;1;3.0;25;route de gordes;M;0.0;0.0;840
201600021166;16;12;11;945;2;1;3;5;3.0;71;;M;0.0;0.0;840
201600021168;16;3;26;845;1;2;6;1;2.0;478;rond-point croix rouge;M;0.0;0.0;590
201600021183;16;6;4;1930;1;1;1;1;1.0;571;;M;5043586.0;160994.0;620
201600021189;16;1;13;1730;3;1;1;5;1.0;278;;M;0.0;0.0;590
201600021205;16;7;19;1345;1;1;1;1;2.0;44;;M;0.0;0.0;10
201600021228;16;4;27;1445;1;2;1;1;6.0;198;RN7  GREZES POULAMARD;M;4454664.0;473189.0;260
201600021230;16;5;15;1930;1;2;1;1;1.0;198;BD MARRE DESMARAIS;M;4455919.0;474786.0;260
201600021253;16;1;12;1150;1;2;6;1;3.0;281;RUE FAUBOURG CLERIEUX;M;4504450.0;504120.0;260
201600021263;16;3;19;1825;1;2;3;1;3.0;57;BD RAPHAELLE LUPIS;M;4503934.0;506433.0;260
201600021274;16;4;21;1550;1;2;1;1;3.0;281;RUE DE LA PIERROTTE;M;4505034.0;505912.0;260
201600021291;16;6;28;1905;1;2;1;1;6.0;281;ROND POINT PAUL DEVAL;M;4504566.0;504664.0;260
201600021306;16;9;15;1130;1;2;1;1;6.0;281;RUE NICOLAS  APPERT;M;4505426.0;508390.0;260
201600021311;16;10;8;1510;1;2;1;1;2.0;281;AV DEPORTATION;M;4505091.0;508708.0;260
201600021327;16;11;30;1240;1;2;2;1;3.0;57;PLACE DU PRESIDE DOUMER;M;4504074.0;504851.0;260
201600021330;16;12;15;1300;1;2;6;1;3.0;281;AVENUE GAMBETTA;M;4504519.0;506180.0;260
201600021342;16;1;14;727;5;2;6;2;3.0;362;105 AVENUE DE ROMANS;M;4493383.0;490404.0;260
201600021397;16;12;12;1750;3;1;2;1;3.0;170;CH FORET AUX  MARTINS;M;4491441.0;493402.0;260
201600021409;16;5;2;1800;1;1;1;1;2.0;34;RM 6202;M;0.0;0.0;60
201600021440;16;9;30;1730;1;2;1;1;3.0;283;Avenue des tilleuls;M;0.0;0.0;690
201600021457;16;2;17;2110;5;2;2;1;1.0;229;0, CHURCHILL (AVENUE WIN;M;4902009.0;115949.0;270
201600021478;16;9;22;1620;1;2;1;1;2.0;229;2 rue jules ferry;M;4902884.0;117260.0;270
201600021489;16;6;28;1900;1;1;1;1;1.0;353;;M;4810706.0;-172672.0;350
201600021494;16;1;28;845;1;2;6;1;3.0;701;DE GAULLE (RUE DU GEN;M;4926347.0;121155.0;270
201600021518;16;7;9;2015;1;2;1;1;3.0;663;D613;M;4928080.0;-68572.0;140
201600021579;16;9;12;1345;1;1;1;1;2.0;127;;M;4557880.0;121649.0;870
201600021586;16;10;6;1715;1;1;1;1;5.0;266;;M;5053800.0;297300.0;590
201600021602;16;6;4;1925;1;2;1;1;3.0;229;155, RESISTANCE (AVENUE;M;4845280.0;145931.0;280
201600021603;16;6;14;1330;1;2;1;1;6.0;85;23, GRAND FAUBOURG (RUE;M;4844396.0;148071.0;280
201600021624;16;7;25;1215;1;1;2;1;3.0;198;;M;4601166.0;431433.0;420
201600021630;16;12;5;945;1;2;1;1;1.0;176;rte St Romain la Motte;M;4604495.0;398338.0;420
201600021659;16;12;11;1045;1;2;1;1;1.0;217;RD 1203;M;0.0;0.0;740
201600021753;16;7;13;2230;3;1;1;2;3.0;314;;M;0.0;0.0;540
201600021760;16;5;21;1300;1;2;1;1;3.0;380;16 rue principale;M;0.0;0.0;670
201600021764;16;7;17;1030;1;1;1;1;3.0;36;;M;0.0;0.0;830
201600021769;16;9;15;1045;1;1;1;1;3.0;48;;M;4319200.0;658800.0;830
201600021770;16;4;10;1015;1;1;1;7;5.0;163;;M;0.0;0.0;670
201600021812;16;5;23;1100;1;1;6;1;1.0;410;;M;4337758.0;-60342.0;640
201600021844;16;1;28;1840;5;2;1;1;2.0;19;LE GORGEU (NøENTRE TAREN;M;4840584.0;-450755.0;290
201600021849;16;2;10;1000;1;2;3;1;1.0;19;MALAKOFF;M;4839602.0;-448329.0;290
201600021856;16;3;17;725;1;2;6;1;3.0;19;FRANCAIS LIBRES;M;4838278.0;-449185.0;290
201600021858;16;3;8;740;1;2;3;1;1.0;19;., LABBE VINCENT;M;4842107.0;-446347.0;290
201600021859;16;3;14;800;2;2;6;1;3.0;19;., ROND POINT DE HONGRIE;M;4841840.0;-451180.0;290
201600021866;16;3;30;1220;1;2;1;1;3.0;19;, COMMANDANT MALBERT;M;4838008.0;-448701.0;290
201600021867;16;4;7;1900;1;2;1;1;1.0;19;18, CHEVREUL;M;4840761.0;-449195.0;290
201600021885;16;6;19;1500;1;2;3;1;3.0;19;DUPUY DE LOME (DE 1 A 33;M;4839137.0;-450623.0;290
201600021891;16;7;6;755;1;2;6;1;3.0;19;KERMENGUY;M;4840189.0;-450265.0;290
201600021892;16;7;6;1310;1;2;2;1;3.0;19;50, JAURES JEAN (DE 44 A;M;4839266.0;-448224.0;290
201600021906;16;7;20;1915;1;2;1;1;3.0;19;.., PREMIERE DFL (AVENUE;M;4837476.0;-455815.0;290
201600021921;16;7;31;1115;1;2;2;1;3.0;19;., LOUPPE ALBERT (DE 1 A;M;4840348.0;-447106.0;290
201600021923;16;8;8;2010;1;2;1;1;7.0;19;KERVERN AUGUSTE;M;4840039.0;-448896.0;290
201600021925;16;9;16;1815;1;2;1;1;2.0;19;24, MONTAIGNE;M;4840068.0;-448472.0;290
201600021943;16;10;20;715;1;2;1;1;6.0;19;92, JAURES JEAN (DE 44 A;M;4839424.0;-447994.0;290
201600021944;16;9;29;1840;1;2;2;1;3.0;19;., LEVOT;M;4839353.0;-447273.0;290
201600021957;16;11;30;1525;1;2;1;1;3.0;19;FRANCE ANATOLE (DE 1 A 5;M;4838109.0;-453036.0;290
201600021958;16;1;19;1955;5;2;2;1;3.0;19;DUPUY DE LOME (DE 1 A;M;4838968.0;-451281.0;290
201600021959;16;12;6;705;5;2;6;1;6.0;19;SAINT MARC ROUTE DU V;M;4838689.0;-447085.0;290
201600021965;16;11;25;1510;1;2;6;1;3.0;19;., DUQUESNE (DE 8 ET 13;M;4838963.0;-449033.0;290
201600021967;16;12;18;645;5;2;6;1;3.0;19;LE GORGEU (NøENTRE TA;M;4840046.0;-449967.0;290
201600021993;16;5;13;725;1;2;1;1;3.0;39;3, MOROS ( RUE DU);M;4787469.0;-390644.0;290
201600021995;16;5;23;1000;1;2;1;1;7.0;39;YOURCENAR (RUE MARGUERIT;M;4788932.0;-392628.0;290
201600022001;16;7;18;1655;1;2;6;1;3.0;39;maison blanche (rond poi;M;4788844.0;-391877.0;290
201600022011;16;9;19;1815;1;1;6;1;3.0;39;RD 783;M;4788574.0;-391349.0;290
201600022030;16;12;26;1200;1;2;6;1;3.0;39;VILLENEUVE (ROND POINT D;M;4789460.0;-391420.0;290
201600022053;16;6;16;2200;2;2;3;1;1.0;404;R DU GENERAL DE GAULLE;M;4956783.0;25438.0;760
201600022054;16;8;5;1945;1;2;1;1;3.0;404;route de branmaze;M;4956522.0;25598.0;760
201600022093;16;1;29;1715;1;2;6;1;3.0;232;NOMINOE  ROND POINT;M;4797946.0;-407483.0;290
201600022106;16;4;5;1740;1;1;1;1;6.0;232;Park Poullig rond point;M;4803085.0;-408236.0;290
201600022120;16;5;1;1020;1;2;1;1;2.0;232;LE GUENNEC LOUIS BOULEVA;M;4798293.0;-411080.0;290
201600022187;16;9;9;900;1;2;1;1;3.0;232;HIPPODROME RUE DE L';M;4799600.0;-409375.0;290
201600022189;16;9;11;940;1;2;6;1;2.0;232;TY PONT KERROUE  ROND PO;M;4801681.0;-409563.0;290