Num_Acc;an;mois;jour;hrmn;lum;agg;int;atm;col;com;adr;gps;lat;long;dep
201600022204;16;10;18;1400;1;2;1;1;3.0;232;18, MOULIN VERT RUE DU;M;4800329.0;-411552.0;290
201600022245;16;11;14;1000;1;2;1;1;3.0;395;rue Marcel Coquet;M;4921965.0;213894.0;600
201600022246;16;11;30;1500;1;2;1;7;1.0;395;rue vaillant radiologue;M;4923414.0;212980.0;600
201600022258;16;12;23;900;1;2;6;1;3.0;7;MONGE (AVENUE);M;4414586.0;410107.0;300
201600022271;16;12;31;1630;1;2;2;1;3.0;243;CAMPELLO (AVENUE DE);M;4408123.0;407082.0;300
201600022320;16;9;26;1200;1;2;2;1;6.0;7;DEBUSSY (RUE CLAUDE);M;4412508.0;409029.0;300
201600022339;16;3;5;1700;1;2;6;1;3.0;28;COMPERE MOREL (ROND POIN;M;4415819.0;463236.0;300
201600022350;16;9;2;1130;1;2;1;1;1.0;28;OLIVIERS (MONTEE DES);;;;300
201600022372;16;2;9;735;1;2;1;1;7.0;189;PLANETTE (CHEMIN DE LA);M;4384973.0;434925.0;300
201600022383;16;3;5;1420;1;2;1;1;4.0;189;SAUVE (ROUTE);;;;300
201600022390;16;3;24;1340;1;1;1;1;6.0;189;SAUVE (ROUTE);;;;300
201600022392;16;3;29;1748;1;2;1;1;3.0;189;21, MONNET JEAN (COURS);M;4381700.0;434758.0;300
201600022442;16;6;19;740;1;2;1;1;3.0;189;MAIL (RUE);M;4383279.0;435183.0;300
201600022448;16;6;29;1055;1;2;1;1;1.0;189;TERRES DE ROUVIERE (CHEM;M;4387178.0;436294.0;300
201600022450;16;6;15;715;1;2;6;1;2.0;189;0, SOUVENIR FRANCAIS (RO;M;4384162.0;439007.0;300
201600022454;16;7;4;2320;5;2;2;1;1.0;189;SAUVE (RUE);M;4383720.0;434572.0;300
201600022470;16;8;4;1635;1;2;1;1;5.0;189;LIBERTE (AVENUE);M;4382278.0;435516.0;300
201600022494;16;8;18;1950;2;2;1;1;1.0;189;PRESTON (RUE DE);M;4383718.0;436591.0;300
201600022511;16;11;8;950;1;2;3;1;3.0;189;SEVERINE (IMPACE OU PLAC;M;4383023.0;435192.0;300
201600022514;16;11;28;740;2;2;6;1;3.0;189;MITTERAND FRANCOIS (AVEN;M;4382003.0;435806.0;300
201600022527;16;11;22;1201;1;2;3;1;3.0;189;GUIZOT (RUE);M;4384032.0;435778.0;300
201600022555;16;12;9;1530;1;1;1;1;7.0;245;le maupuy;M;4617076.0;183684.0;230
201600022566;16;3;19;1030;1;1;1;1;6.0;99;RTE DE GRIGNAN;M;0.0;0.0;260
201600022576;16;7;6;1715;1;1;1;1;1.0;324;RTE DE SITE DE TRICASTIN;M;4433239.0;472845.0;260
201600022613;16;10;6;930;1;2;1;1;1.0;507;RUE DES EPINOCHES;M;4890689.0;126960.0;270
201600022649;16;6;15;1200;1;2;1;1;7.0;483;01, SAINT PLANCARD ( AVE;M;4311515.0;70618.0;310
201600022652;16;6;24;1210;1;2;4;1;3.0;483;POZZI CHARLES ( RUE);;;;310
201600022681;16;1;11;1450;1;2;3;1;3.0;149;73, ROUERGUE (ALLEE DU);M;4360949.0;132989.0;310
201600022683;16;1;12;730;5;2;1;2;1.0;555;999, BOULINGRIN (ROND PO;M;4359475.0;145296.0;310
201600022687;16;1;13;1235;1;2;1;1;3.0;555;156, AV RAYMOND NAVES;;;;310
201600022690;16;1;13;1300;1;2;2;1;1.0;557;FOURNOLIS (CH DE);M;4358973.0;131709.0;310
201600022693;16;1;15;1940;2;2;1;1;2.0;555;5, PL DU PDT THOMAS WILS;;;;310
201600022701;16;1;15;1715;1;2;1;1;3.0;557;DUNANT (RD-PT HENRI);M;4357850.0;135172.0;310
201600022703;16;1;19;945;1;2;1;2;6.0;555;4, ALSACE LORRAINE (RUE;;;;310
201600022714;16;1;24;1400;1;2;1;1;3.0;555;AV MAURICE HAURIOU;;;;310
201600022734;16;2;5;1420;1;2;1;1;3.0;555;999, BD D ARCOLE;;;;310
201600022747;16;2;10;1305;1;2;6;3;2.0;69;GRENADE (ROUTE DE);M;4363732.0;139051.0;310
201600022748;16;2;13;1140;1;2;1;1;3.0;557;DUNANT (RD-PT HENRI);M;4357850.0;135156.0;310
201600022749;16;2;15;1700;1;2;1;1;3.0;557;PETIT TRAIN (RUE DU;M;4357861.0;132410.0;310
201600022753;16;2;19;1720;1;2;3;7;3.0;69;SERVANTY (AV LUCIEN);M;4362480.0;139249.0;310
201600022760;16;2;27;950;1;2;2;3;3.0;555;4, RUE DE METZ;;;;310
201600022763;16;2;29;1850;2;2;1;1;3.0;557;277, RAMELET MOUNDI (CH;M;4357830.0;135292.0;310
201600022781;16;3;8;2000;5;2;1;1;3.0;555;999, AV DES MINIMES;;;;310
201600022783;16;3;10;910;1;2;6;1;3.0;69;MAGA (RD-PT JEAN);M;4362206.0;139589.0;310
201600022786;16;3;11;1830;1;2;6;1;3.0;149;RP FONTAINE LUMINEUSE;M;4360933.0;135265.0;310
201600022792;16;3;15;900;1;2;3;1;3.0;555;999, BD DE L EMBOUCHURE;;;;310
201600022798;16;3;19;1205;1;2;6;1;3.0;149;MITTERAND (ESPLANADE);M;4360687.0;133605.0;310
201600022799;16;3;19;1351;1;2;1;1;6.0;555;999, QU DE TOUNIS;;;;310
201600022817;16;3;26;1423;1;2;1;1;5.0;555;171, MINIMES (AV DES) DU;;;;310
201600022818;16;3;27;510;5;2;3;3;3.0;555;999, ALL FORAIN FRANCOIS;;;;310
201600022827;16;4;4;1745;1;2;1;2;3.0;555;16, RTE DE BAYONNE;;;;310
201600022846;16;4;15;1004;1;2;1;1;3.0;69;LATECOERE (AV PIERRE);M;4362172.0;139533.0;310
201600022849;16;4;15;800;1;2;2;1;3.0;149;1 RONSARD (ALLEE PIERRE);M;4361601.0;131243.0;310
201600022866;16;4;26;1650;1;2;1;1;3.0;149;LANGUEDOC (PASSAGE);M;4361028.0;132960.0;310
201600022877;16;4;29;1730;1;2;3;1;3.0;557;999, ST PIERRE (CH);;;;310
201600022880;16;5;4;1810;1;2;1;1;3.0;149;4, MOSELLE (ALLEE DE LA);;;;310
201600022903;16;5;18;1240;1;2;1;1;2.0;555;999, RUE MATABIAU;;;;310
201600022912;16;5;23;920;1;2;1;1;1.0;555;BD LAZARE CARNOT;M;4360045.0;145172.0;310
201600022916;16;5;25;1845;1;2;1;1;6.0;555;14, CHE DU VALLON;;;;310
201600022921;16;5;27;1915;1;2;1;1;3.0;555;227, AV ANTOINE DE ST EX;;;;310
201600022926;16;5;30;1800;1;2;1;1;2.0;555;999, BD DE SUISSE;;;;310
201600022932;16;6;1;813;1;2;3;1;3.0;555;241, RUE DES FONTAINES;M;4360320.0;140999.0;310
201600022939;16;6;4;1930;1;2;1;1;5.0;555;1, AV JEAN RIEUX;;;;310
201600022962;16;6;21;2055;1;2;1;1;3.0;149;DEFERRE (BOULEVARD);M;4361659.0;133311.0;310
201600022968;16;6;22;750;1;2;1;1;3.0;557;279, RAMELET MOUNDI (CH;M;4357832.0;135250.0;310
201600022970;16;6;24;1625;1;2;1;1;2.0;557;22, AURIOL (BD VINCENT);M;4358667.0;134826.0;310
201600022972;16;6;24;1800;1;2;3;1;1.0;555;999, RUE DES AMIDONNIERS;;;;310
201600023005;16;6;21;1040;1;2;1;1;1.0;555;999, BD DE STRASBOURG;;;;310
201600023011;16;7;19;1715;1;2;3;1;3.0;555;116, GRANDE RUE SAINT MI;;;;310
201600023014;16;7;21;815;1;2;1;1;3.0;555;45, AV FREDERIC ESTEBE;;;;310
201600023015;16;7;21;830;1;2;1;1;3.0;555;15, ALL DE BRIENNE;;;;310
201600023019;16;7;24;1020;1;2;1;1;1.0;555;21, LYON (AV DE) DU 1AU;;;;310
201600023030;16;7;30;1030;1;2;3;1;3.0;557;BD AURIOL/AVE RESISTANCE;M;4358548.0;134619.0;310
201600023046;16;8;13;1904;1;2;6;1;5.0;557;263, DOUMERGUE (RUE GAST;M;4358850.0;135871.0;310
201600023050;16;8;18;1340;1;2;1;1;3.0;555;8, GRANDE RUE SAINT MICH;M;4358475.0;144775.0;310
201600023055;16;8;22;1410;1;2;1;1;2.0;555;999, RTE DE SEYSSES;;;;310
201600023061;16;8;24;815;1;2;3;1;3.0;555;999, AV DE L URSS;;;;310
201600023063;16;8;25;1300;1;2;1;1;6.0;555;54, RUE DE REMUSAT;;;;310
201600023066;16;8;27;1125;1;2;1;1;3.0;555;999, BD D ARCOLE;;;;310
201600023070;16;8;30;905;1;2;1;1;3.0;555;32, BD LASCROSSES;;;;310
201600023074;16;8;30;1250;1;2;1;1;6.0;555;19, LYON (AV DE) DU 1AU;;;;310
201600023081;16;9;2;1240;1;2;1;1;3.0;149;999, ORATOIRE (ALLEE DE;;;;310
201600023111;16;9;17;420;5;2;1;1;2.0;555;999, PONT NEUF;;;;310
201600023115;16;9;21;1240;1;2;1;1;3.0;555;32, RUE DE LA REPUBLIQUE;;;;310
201600023119;16;9;25;1840;1;2;1;1;7.0;555;999, AV LUCIEN BAROUX;;;;310
201600023120;16;9;25;1950;5;2;2;1;2.0;555;999, ALL FORAIN FRANCOIS;;;;310
201600023125;16;9;27;715;2;1;2;1;3.0;555;999, RTE DE SEYSSES;M;4355811.0;140209.0;310
201600023129;16;9;24;820;1;2;1;1;1.0;555;256, RTE DE REVEL;;;;310
201600023132;16;9;29;845;1;2;1;1;3.0;555;63, RUE DU BEARNAIS;M;4361076.0;142609.0;310
201600023138;16;10;1;1345;1;2;1;1;3.0;69;18, DE GAULLE (AV DU GEN;M;4364051.0;138235.0;310
201600023139;16;10;3;1310;1;2;1;1;1.0;555;AV DES ARENES ROMAINES;M;4361987.0;139677.0;310
201600023171;16;10;12;1820;1;2;4;1;3.0;555;999, RUE DU FAUBOURG BON;M;4361604.0;145314.0;310
201600023175;16;10;15;1750;1;1;3;1;3.0;555;999, RUE DU FERETRA;M;4357899.0;144342.0;310
201600023180;16;10;18;1820;1;2;1;1;3.0;69;999, BELLONTE (RD-PT MAU;M;4362710.0;138523.0;310
201600023183;16;10;20;730;5;1;6;1;3.0;555;999, Rd Pt Firmin Pons;M;4356904.0;137569.0;310
201600023198;16;10;28;1535;1;2;1;1;3.0;555;999, RUE DU FAUBOURG BON;M;4366225.0;145334.0;310
201600023204;16;11;2;1715;1;2;1;1;3.0;555;60, ALL MAURICE SARRAUT;M;4359110.0;142107.0;310
201600023208;16;11;3;1800;2;2;1;1;3.0;555;8, RUE LAMARCK;M;4359363.0;144872.0;310
201600023212;16;11;4;1923;3;1;1;1;1.0;555;999, RUE ELLA MAILLART;M;4359772.0;141056.0;310
201600023221;16;11;9;625;5;2;1;3;2.0;555;999, RTE DE LAUNAGUET;M;4363671.0;143912.0;310
201600023231;16;11;15;730;1;2;3;1;3.0;555;72, AV DE RANGUEIL;M;4357351.0;145890.0;310
201600023232;16;11;15;2125;5;2;3;1;1.0;555;999, RUE DU PONT GUILHEM;M;4360069.0;145606.0;310
201600023249;16;11;24;1320;1;2;1;1;1.0;555;8, BD DEODAT DE SEVERAC;M;4358668.0;142614.0;310
201600023260;16;11;29;1825;5;2;2;1;1.0;555;999, RUE D ALSACE LORRAI;M;4360490.0;144567.0;310
201600023262;16;11;30;1020;1;2;1;1;1.0;557;24, DURANCE (RUE DE LA);M;4357944.0;131947.0;310
201600023264;16;12;1;1825;5;2;1;1;3.0;555;292, RTE DE SEYSSES;M;4357329.0;141909.0;310
201600023279;16;12;6;1400;1;2;1;1;1.0;555;3, ALL PAUL FEUGA;M;4359245.0;144281.0;310
201600023287;16;12;11;1010;1;2;1;1;3.0;555;148 bis, BD DE SUISSE;M;4362027.0;142422.0;310
201600023292;16;12;14;1935;5;2;2;1;3.0;555;999, AV EMMANUEL MAIGNAN;M;4361682.0;143403.0;310
201600023379;16;10;7;1900;2;1;1;1;3.0;36;ROUTE DÉPARTEMENTALE 612;M;4349380.0;243503.0;810
201600023412;16;11;24;1020;1;2;1;1;3.0;13;ROUGET DE LISLE;M;4364780.0;59254.0;320
201600023448;16;11;29;1605;1;1;3;1;4.0;29;D18;M;4352587.0;168122.0;310
201600023455;16;10;29;1215;1;2;1;1;3.0;113;Rue Jean Gironis;M;4351495.0;149275.0;310
201600023498;16;5;6;1900;1;2;1;1;6.0;529;7, LECLERC (AVE DU GAL);M;4463888.0;-114617.0;330
201600023512;16;8;1;1000;1;2;6;1;6.0;529;RD1250 / RD1251;M;4464719.0;-115824.0;330
201600023519;16;8;18;1230;1;1;1;1;1.0;529;BISCAROSSE (AVE DE) J;M;4460598.0;-120230.0;330
201600023521;16;8;9;1215;1;2;1;1;6.0;9;249, PLAGE (BD DE LA) DU;M;4466270.0;-117507.0;330
201600023526;16;9;10;1725;1;2;2;1;3.0;529;OCEAN (BD DE L');M;4463439.0;-120246.0;330
201600023529;16;9;16;2040;5;2;2;1;1.0;529;D650-LECLERC / PELLETAN;M;4463920.0;-114680.0;330
201600023545;16;10;30;1340;1;2;1;1;3.0;9;Bd Océan (RD650);M;4466152.0;-118696.0;330
201600023546;16;11;25;2350;5;2;1;2;6.0;529;8, GUYNEMER (RUE);M;4462752.0;-114862.0;330
201600023547;16;11;30;1710;1;1;6;1;6.0;529;RN250 / RD112;M;4461839.0;-112549.0;330
201600023556;16;7;17;1815;1;2;2;1;3.0;191;CHEMIN DES COMBES;M;4619900.0;668600.0;740
201600023570;16;12;30;1545;1;2;1;1;2.0;75;109, AVE JEAN JAURES;M;4487602.0;-59079.0;330
201600023572;16;1;5;2025;5;2;2;2;3.0;281;10 AV DU TRUC/CH.LECOCQ;M;4484520.0;-64705.0;330
201600023577;16;1;11;2035;5;2;9;1;3.0;63;J.J.BOSC/PST CYCLABLE;M;4482080.0;-54147.0;330
201600023595;16;1;20;1240;1;2;6;1;5.0;550;AVE BARRET/MAL LECLERC;M;4477840.0;-56997.0;330
201600023596;16;1;21;2215;5;2;3;8;3.0;63;RUE ROBERT LATEULADE;M;4483910.0;-58615.0;330
201600023605;16;1;21;800;2;2;6;5;3.0;522;PCE PEYDAVANT;M;4480170.0;-58523.0;330
201600023613;16;1;12;2005;5;2;3;1;3.0;318;AVE DE BEUTRE/ST EXUPERY;M;4480080.0;-67538.0;330
201600023616;16;1;27;1845;4;2;6;1;1.0;63;A.BOURDELLE/L.SAIGNAT;M;4482680.0;-60124.0;330
201600023629;16;1;25;735;5;2;3;1;3.0;281;R.PRADAS /ALOUETTE;M;4482660.0;-66389.0;330
201600023638;16;1;28;1140;1;2;1;1;3.0;318;FACE AU 77AV GAL LECLERC;M;4479290.0;-67132.0;330
201600023644;16;1;26;835;1;1;3;2;3.0;281;AVE DE SAINT-MEDARD;M;4486222.0;-64510.0;330
201600023654;16;2;11;800;1;2;1;3;3.0;522;MISSION HTBRION AVT GIR;M;4481840.0;-60216.0;330
201600023661;16;2;12;955;1;2;3;2;3.0;63;158, CRS DE LA MARNE;M;4482835.0;-56164.0;330
201600023668;16;2;7;1745;1;2;1;2;3.0;192;BD DE MALARTIC;M;4477130.0;-59809.0;330
201600023670;16;2;16;1720;1;2;2;1;1.0;63;ESPRIT-DES-LOIS/CONDE;M;4484300.0;-57317.0;330
201600023698;16;2;29;1320;1;2;2;1;3.0;63;VELO:DE GARE > CRS YSER;M;4482120.0;-56582.0;330
201600023709;16;3;3;920;1;2;3;2;3.0;39;BD JEAN-JACQUES BOSC;M;4481767.0;-54730.0;330
201600023713;16;3;4;615;5;2;3;2;3.0;63;BD G.POMPIDOU/DOUMERC;M;4483330.0;-60175.0;330
201600023718;16;3;8;745;1;2;1;1;3.0;63;65 Q. DE BRAZZA;M;4485630.0;-54898.0;330
201600023728;16;3;8;1520;1;2;1;1;1.0;318;344AV ML LATTRE TASSIGNY;M;4475790.0;-73554.0;330
201600023738;16;3;15;2010;5;2;3;1;6.0;63;Q.MONNAIE/ALLAMANDIERS;M;4483470.0;-56380.0;330
201600023746;16;3;18;1528;1;2;3;1;6.0;63;RUE CAPDEVILLE/CONCORDE;M;4484320.0;-58647.0;330
201600023750;16;3;24;918;1;2;3;1;3.0;65;RTE DU BORD DE L'EAU;M;4480935.0;-52436.0;330
201600023752;16;3;25;950;1;2;4;2;3.0;63;R.G.BONNAC/H.LABIT;M;4483880.0;-58877.0;330
201600023753;16;3;25;2140;5;2;3;2;7.0;63;BD A.GAUTIER=>BDWILSON-;M;4483660.0;-59888.0;330
201600023758;16;3;29;1330;1;2;1;1;6.0;63;145, RUE SAINTE- CATHERI;M;4483620.0;-57358.0;330
201600023761;16;3;23;850;1;2;1;1;6.0;162;7, ROUTE DE PAUILLAC;M;4488600.0;-63671.0;330
201600023762;16;3;31;930;1;2;1;2;6.0;63;180, CRS DE LA MARNE;M;4482813.0;-56039.0;330
201600023763;16;3;30;1750;1;2;2;1;3.0;63;ARES / GENESTA;M;4483700.0;-60680.0;330
201600023770;16;4;3;2040;2;2;2;2;3.0;63;CRS PORTAL/CRSMARTINIQUE;M;4485430.0;-57226.0;330
201600023782;16;3;29;1545;1;2;3;1;2.0;522;CRS ML GALLIENI/REDEUILH;M;4481950.0;-59811.0;330
201600023789;16;4;8;945;1;2;1;1;6.0;63;88, CRS MARECHAL JUIN;M;4483490.0;-58678.0;330
201600023790;16;4;8;1705;1;2;2;1;3.0;63;R.PASTEUR/R.ETCHNIQUE;M;4484530.0;-61535.0;330
201600023792;16;4;9;2145;5;2;1;1;6.0;63;56CRSPASTEUR>PEY BERLAND;M;4483180.0;-57343.0;330
201600023798;16;4;12;1745;1;2;3;2;3.0;63;THIERS/DASVINBOISMARIN;M;4484990.0;-54427.0;330
201600023803;16;4;8;800;1;2;2;1;6.0;192;R.TILLEULS/R. ERABLES;M;4477360.0;-61309.0;330
201600023806;16;4;12;1355;1;2;3;1;3.0;318;AVE DE MADRAN/LAURENSON;M;4480520.0;-65359.0;330
201600023817;16;4;21;1805;1;2;2;1;3.0;318;RUE CURIE/AV FR.COPPEE;M;4480780.0;-63037.0;330
201600023822;16;4;26;750;1;2;3;1;3.0;63;2, RUE CROIX DE SEGUEY;M;4485020.0;-58626.0;330
201600023825;16;4;27;2045;1;2;3;7;6.0;63;13Q.SALINIERES/TOUR PIN;M;4483550.0;-56479.0;330
201600023830;16;4;29;1700;1;2;4;1;3.0;63;CRS MARNE/CRS BARBEY;M;4482850.0;-56205.0;330
201600023841;16;5;3;2230;5;2;2;1;3.0;63;RUE ST GENES/SOLFERINO;M;4482310.0;-58217.0;330
201600023845;16;5;4;1905;1;2;3;1;2.0;63;PCE ROHAN/FRERES BONIE;M;4483710.0;-57891.0;330
201600023850;16;5;6;1658;1;2;3;1;3.0;63;SALINIERES/TOUR DU PIN;M;4483563.0;-56479.0;330
201600023853;16;4;25;1030;1;2;2;1;3.0;39;ML FOCH/BELLEROSE/MURIER;M;4481130.0;-54985.0;330
201600023860;16;5;9;820;1;2;1;2;2.0;281;03, RUE AUGUSTE RODIN;M;4483460.0;-64990.0;330
201600023872;16;5;13;840;1;2;2;1;3.0;63;BD GEORGES POMPIDOU;M;4483058.0;-60305.0;330
201600023891;16;5;20;2115;1;2;1;1;1.0;63;111 BD J.J.BOSC;M;4481870.0;-54552.0;330
201600023894;16;5;23;1330;1;2;2;1;1.0;63;CRS DE LA MARNE;M;4482850.0;-56205.0;330
201600023898;16;5;24;850;1;2;2;1;3.0;63;CRS MAL JUIN/BELLEVILLE;M;4483510.0;-58610.0;330
201600023912;16;5;24;745;1;2;4;1;2.0;63;RUE STEHELIN/CEREY;M;4485260.0;-62014.0;330
201600023913;16;5;28;1535;1;2;2;1;3.0;63;BD PDT WILSON / B.ADOUR;M;4483840.0;-59919.0;330
201600023917;16;6;1;1435;1;2;1;2;3.0;63;Q. CHARTRONS COTE FLEUVE;M;4485560.0;-56364.0;330
201600023918;16;6;1;850;1;2;2;2;2.0;63;RUE HENRI IV/R.LALANDE;M;4483190.0;-57527.0;330
201600023950;16;6;8;815;1;2;2;1;3.0;522;R.COL MOLL/R.BOURGES;M;4481550.0;-57904.0;330
201600023953;16;6;14;900;1;2;2;1;3.0;63;AVE THIERS/R. ST EMILION;M;4484750.0;-54782.0;330
201600023954;16;6;7;812;1;2;6;1;3.0;281;FR.MITTERRAND/ALOUETTE;M;4481890.0;-65869.0;330
201600023972;16;6;21;1715;1;2;1;1;3.0;63;BD MLLECLERC>BD AGAUTIER;M;4482850.0;-59399.0;330
201600023979;16;6;23;1300;1;2;1;1;3.0;63;PONT PIERRE=>BIR HAKEIM;M;4483810.0;-56330.0;330
201600023991;16;6;28;1935;1;2;3;1;3.0;63;CRS V.HUGO/R.PILET;M;4483560.0;-56854.0;330
201600023994;16;6;30;1940;1;2;2;1;3.0;63;28, RUE VILARIS/MALBEC;M;4482530.0;-56284.0;330
201600024000;16;7;4;855;1;1;1;1;7.0;63;RD209;M;4490430.0;-55436.0;330
201600024004;16;7;4;2120;1;2;3;1;2.0;63;CRSVERDUN/TOURAT=>DOUMER;M;4485120.0;-57420.0;330
201600024007;16;7;3;1800;1;2;1;1;3.0;192;8, RUE DE CHARTREZE;M;4476430.0;-62092.0;330
201600024030;16;7;15;1440;1;2;3;1;3.0;63;Q.DE LA DOUANE/PL BOURSE;M;4484110.0;-56946.0;330
201600024040;16;7;19;845;1;1;2;1;1.0;63;151CRS MARNE/BARBEY;M;4482850.0;-56205.0;330
201600024042;16;7;18;930;1;2;6;1;3.0;249;Q.CHA. BICHON=>Q.CARRIET;M;4488140.0;-53167.0;330
201600024043;16;7;20;1630;1;2;2;1;2.0;63;CRSL'YSER/RUE LAFONTAINE;M;4482690.0;-56923.0;330
201600024044;16;7;19;955;1;2;3;1;6.0;318;174 AVE PASTEUR/ACIERIES;M;4480250.0;-64463.0;330
201600024047;16;7;25;900;1;2;3;1;3.0;63;ESPRITDESLOIS/LAMOUREUX;M;4484320.0;-57180.0;330
201600024062;16;8;1;1900;1;2;2;1;5.0;63;VL.A VENANT PARC EXPOS?;M;4487750.0;-57625.0;330
201600024071;16;8;4;1540;1;2;2;2;3.0;63;RUE KIESER/R.CHEVALIER;M;4484270.0;-59468.0;330
201600024077;16;8;6;535;5;2;3;1;3.0;63;VELO VENANT CONTRE-ALLEE;M;4484010.0;-56873.0;330
201600024083;16;8;10;100;5;2;2;1;3.0;63;R.LFAURE/CRSRACCORDEMENT;M;4486600.0;-56115.0;330
201600024090;16;8;13;830;1;2;6;1;3.0;39;RUE DES FRERES LUMIERE;M;4479356.0;-53521.0;330
201600024095;16;8;16;1320;1;2;2;1;3.0;63;R.E.JACQUET/BONGREMALGRE;M;4482530.0;-61373.0;330
201600024097;16;8;22;1;5;2;4;1;5.0;550;11MAL TASSIGNY/H.DUNANT;M;4477570.0;-55180.0;330
201600024100;16;8;18;35;5;2;2;1;1.0;281;AVE DE VERDUN;M;4483934.0;-63522.0;330
201600024114;16;8;29;2000;1;2;3;1;3.0;63;LATTRE TASSIGNY/CARTON;M;4485950.0;-63136.0;330
201600024119;16;9;1;1710;1;2;1;1;6.0;63;63, RUE CAMILLE GODARD;M;4485500.0;-57668.0;330
201600024120;16;9;1;910;1;2;1;1;1.0;63;52, RUE CHARLES CHAUMET;M;4484775.0;-61336.0;330
201600024135;16;9;7;830;1;2;1;1;3.0;63;80 BD ALBERT 1ER;M;4481380.0;-56670.0;330
201600024137;16;9;7;2345;5;2;1;1;3.0;63;VELO VENANT DE L.FAURE;M;4486030.0;-55393.0;330
201600024158;16;9;14;1540;1;2;1;1;1.0;63;RUE LUCIEN FAURE;M;4486696.0;-56257.0;330
201600024168;16;9;21;830;1;2;9;1;3.0;63;PIEERE/BONNAC/LACANAU;M;4483773.0;-59289.0;330
201600024174;16;9;21;2155;5;2;6;1;1.0;63;10 PCE TOURNY/CRS VERDUN;M;4484520.0;-57789.0;330
201600024178;16;9;23;1843;1;2;1;1;3.0;63;Q.CHARTRONS FACE R.RAZE;M;4485110.0;-56927.0;330
201600024184;16;9;23;1540;1;2;4;1;3.0;63;153, GAULLE CAUD (AVE CH;M;4485054.0;-60612.0;330
201600024189;16;9;22;850;1;1;6;1;1.0;167;EX RD936/MONDAULTS;M;4484290.0;-50382.0;330
201600024198;16;9;21;1838;1;2;1;1;1.0;522;MARNE (AVE DE LA);M;4479420.0;-59705.0;330
201600024200;16;9;30;725;2;2;3;1;3.0;63;R.STEHELIN/SQ B.LECACHE;M;4485360.0;-62191.0;330
201600024202;16;10;1;420;5;2;2;2;2.0;63;CRS MARNE/PEYRONNET;M;4482820.0;-56077.0;330
201600024213;16;10;6;1545;1;2;4;1;3.0;63;DR CH.N.PENARD/ST SERNIN;M;4483890.0;-58178.0;330
201600024214;16;10;6;930;1;2;3;1;3.0;63;CRS RACCORDEMENT/BOURBON;M;4486570.0;-56219.0;330
201600024234;16;10;12;745;2;2;2;1;3.0;63;V.HUGO/FERME RICHEMONT;M;4483500.0;-57205.0;330
201600024238;16;10;11;1800;1;2;1;1;6.0;281;AVE PIERRE MENDES FRANCE;M;4482820.0;-63885.0;330
201600024241;16;10;15;1550;1;2;3;1;3.0;63;CRS DE VERDUN/GOURGUES;M;4484710.0;-57668.0;330
201600024253;16;10;19;1840;1;2;1;1;3.0;167;CROISEMENT PSTE CYCLABLE;M;4483810.0;-53274.0;330
201600024259;16;10;20;2150;5;2;2;1;3.0;63;R.G.BONNAC/R.CHAUFFOUR;M;4483870.0;-58920.0;330
201600024270;16;10;24;845;1;2;6;1;3.0;192;RUE DE BENEDIGUES;M;4477722.0;-59296.0;330
201600024273;16;10;21;1405;1;2;4;1;1.0;192;RUE DES SAULES/LAURIERS;M;4477390.0;-61209.0;330
201600024290;16;10;28;1800;1;2;3;1;1.0;63;VELO ZIGZAGUE S/AVE GARE;M;4484510.0;-62853.0;330
201600024292;16;11;2;915;1;2;2;1;6.0;63;VELO DEGAMBETTA=>BX LAC;M;4485240.0;-57422.0;330
201600024304;16;11;7;745;2;2;1;1;1.0;63;367, CRS DE LA SOMME;M;4481570.0;-57245.0;330
201600024310;16;11;3;1605;1;2;2;1;3.0;39;M.DELATTRE/PR BERGONIE;M;4480410.0;-55492.0;330
201600024317;16;11;9;1630;1;2;9;3;3.0;63;CRS ST LOUIS/R. C.GODARD;M;4485510.0;-57178.0;330
201600024319;16;11;14;810;2;2;6;1;3.0;63;RUE DE LACANAU;M;4484834.0;-61677.0;330
201600024331;16;11;17;2310;5;2;3;1;3.0;522;170, RUE DE SUZON;M;4481211.0;-58104.0;330
201600024340;16;11;21;1020;1;2;2;1;3.0;63;VL.B:CHAUFFOUR - J.NANCY;M;4483870.0;-58920.0;330
201600024342;16;11;23;730;1;2;2;2;3.0;63;RUE ANDRE DEGAIN;M;4485357.0;-54172.0;330
201600024349;16;11;23;848;1;2;2;2;2.0;63;02, BD DU PRESIDENT WILS;M;4483665.0;-59879.0;330
201600024355;16;11;24;2120;5;2;2;1;1.0;63;RUE DE LA COURSE;M;4485096.0;-57781.0;330
201600024382;16;12;3;2305;5;2;1;1;3.0;63;71-73, QUAI DE BACALAN;M;4485939.0;-55483.0;330
201600024393;16;12;6;730;2;2;1;1;3.0;63;88, BD MARECHAL LECLERC;M;4482967.0;-59567.0;330
201600024411;16;11;9;1615;1;2;2;2;3.0;63;RUE PASTEUR/ETCHENIQUE;M;4484530.0;-61535.0;330
201600024415;16;12;14;1830;5;2;3;1;3.0;63;119, RUE DE BEGLES;M;4482484.0;-56650.0;330
201600024427;16;12;9;1800;5;2;1;1;3.0;162;127, AVE DU TAILLAN-MEDO;M;4487810.0;-64444.0;330
201600024434;16;12;19;1550;1;2;2;1;1.0;63;VL.A:TOULOUSE>BARPESSAC;M;4481480.0;-57263.0;330
201600024438;16;12;14;1820;5;2;1;1;3.0;550;STIEGIR-BRIDGENDBARRET;M;4477840.0;-56997.0;330
201600024461;16;12;23;1330;1;2;3;1;3.0;63;CRS DE LA MARNE;M;4483071.0;-57196.0;330