Num_Acc;an;mois;jour;hrmn;lum;agg;int;atm;col;com;adr;gps;lat;long;dep
201600024464;16;7;20;1445;1;2;1;1;3.0;32;rond point des fouchards;M;4741091.0;289594.0;180
201600024470;16;4;26;1300;1;2;9;1;1.0;161;473 route du bord de mer;M;0.0;0.0;60
201600024474;16;6;15;1715;1;2;1;1;1.0;161;583 avenue de la mer;M;0.0;0.0;60
201600024476;16;6;30;1145;1;1;1;1;6.0;44;;M;0.0;0.0;60
201600024477;16;6;28;1700;2;2;6;1;3.0;161;rond point du mardaric;M;0.0;0.0;60
201600024496;16;4;8;1900;1;2;1;1;2.0;3;RICHELIEU CENTRE (M10 ET;M;4331500.0;347150.0;340
201600024497;16;6;19;1930;1;2;1;1;3.0;3;GENTILSHOMMES (H16 A L17;M;4328600.0;351340.0;340
201600024506;16;9;3;1350;1;2;1;1;3.0;3;AUCUN, SOLDATS (G18 A H1;M;4329000.0;351000.0;340
201600024510;16;11;24;1811;5;2;6;1;3.0;3;MONNET (K17 A K18;M;4330000.0;348000.0;340
201600024562;16;1;10;1335;1;2;3;1;6.0;172;SAINT CLEOPHAS (RUE);M;4360040.0;386764.0;340
201600024565;16;1;15;1710;1;2;1;1;3.0;172;619, TRIOLET (RUE DU);M;4362840.0;386118.0;340
201600024580;16;1;31;2150;5;2;1;1;6.0;172;ZENITH (ROND POINT DU);M;4360840.0;393045.0;340
201600024582;16;2;1;1105;1;2;2;1;3.0;172;0, DOMITIENNE (VOIE);M;4362380.0;386205.0;340
201600024599;16;2;20;1510;1;2;1;1;3.0;172;7, FLAHAULT (AVENUE CHAR;M;4361980.0;386541.0;340
201600024603;16;2;25;1135;1;2;2;1;3.0;172;0, MOULARES (CHEMIN DE;M;4360014.0;389459.0;340
201600024608;16;3;7;915;1;2;2;1;1.0;172;COMTE DE MELGUEIL (RUE D;M;4360370.0;389035.0;340
201600024611;16;3;8;1742;1;2;1;1;6.0;172;252, VAUGUIERES (ROUTE D;M;4360530.0;390597.0;340
201600024617;16;3;11;1100;1;2;1;1;7.0;172;63 BIS, LODEVE (AVENUE D;M;4360990.0;386202.0;340
201600024641;16;4;15;745;1;2;1;1;3.0;172;SANS, VINCI (RUE LEONARD;M;4360530.0;390697.0;340
201600024659;16;5;3;1445;1;2;1;1;2.0;172;PONT JUVENAL (AVENUE DU);M;4360630.0;389796.0;340
201600024662;16;5;9;850;1;2;1;1;3.0;172;SANS, VILLENEUVE-ANGOULE;M;4359330.0;386642.0;340
201600024674;16;5;20;1830;1;2;1;1;3.0;172;SANS, CLARET (RUE DE);M;4360210.0;386679.0;340
201600024676;16;5;21;1015;1;2;2;1;3.0;172;SANS, GRASSET (AVENUE DU;M;4362470.0;386724.0;340
201600024685;16;6;3;740;1;1;2;1;1.0;172;SANS, BOYER (RUE);M;4360150.0;387920.0;340
201600024712;16;6;27;1125;1;2;1;1;6.0;172;1, TANNEURS (QUAI DES);M;4361700.0;387335.0;340
201600024714;16;7;1;1950;1;2;3;1;4.0;172;41, FAUBOURG FIGUEROLLES;M;4360680.0;386580.0;340
201600024718;16;7;5;850;1;2;6;1;3.0;172;APPEL DU 18 JUIN (ROND-P;M;4363670.0;383075.0;340
201600024737;16;7;28;2300;5;2;3;1;3.0;172;58, CLEMENCEAU (AVENUE G;M;4360170.0;386916.0;340
201600024783;16;9;23;1225;1;2;1;1;3.0;172;0, MONTPELLIER (AVENUE M;M;4359990.0;389572.0;340
201600024828;16;11;20;1027;1;2;9;2;1.0;172;MEHUL (AVENUE ETIENNE);M;4357660.0;386000.0;340
201600024863;16;1;13;740;2;2;1;1;2.0;301;21, VERDUN (BOULEVARD DE;M;4341260.0;368442.0;340
201600024880;16;6;28;1745;1;2;1;1;6.0;301;41, CAPUCINES (RUE DES);M;4341410.0;367487.0;340
201600024903;16;4;2;1430;1;2;2;1;1.0;115;ROUSSIN (BOULEVARD EDMON;M;4834564.0;-119630.0;350
201600024908;16;8;24;1840;1;2;1;1;2.0;115;0, GROSLAY (BD DE DU Nø2;M;4835492.0;-118657.0;350
201600024942;16;1;8;910;1;2;1;3;3.0;238;75, BD VILLEBOIS MAREUIL;M;4810130.0;-164966.0;350
201600024945;16;12;22;1850;5;2;1;1;6.0;238;142, SAINT-HELIER;M;4810269.0;-166126.0;350
201600024954;16;1;13;1110;1;2;6;1;3.0;238;RP DES GAYEULLES;M;4812770.0;-165209.0;350
201600024958;16;1;14;845;1;2;6;1;3.0;238;RP NORMANDIE NIELMEN;M;4810540.0;-170846.0;350
201600024959;16;12;30;1810;5;2;2;1;3.0;238;00, LANJUINAIS ( JEAN DE;M;4810859.0;-168197.0;350
201600024973;16;1;23;1650;1;2;1;1;3.0;238;19, BD VILLEBOIS MAREUIL;M;4810880.0;-165406.0;350
201600024974;16;1;25;1200;1;2;6;1;3.0;238;V.MAREUIL/MOUÉZY;M;4810410.0;-165012.0;350
201600024980;16;1;29;830;1;2;3;8;3.0;238;V.MAREUIL/CHARDONNET;M;4810670.0;-165090.0;350
201600025013;16;2;23;1520;1;2;1;1;3.0;238;165, RUE DE LORIENT;M;4810630.0;-173147.0;350
201600025016;16;2;25;2015;5;2;5;1;3.0;238;ST HÉLIER/LAËNNEC;M;4810560.0;-166605.0;350
201600025025;16;3;3;1155;1;2;2;1;3.0;238;A.LEFAS/G.ROPARZ;M;4813050.0;-165673.0;350
201600025031;16;3;7;850;1;2;6;8;6.0;51;00, BLANCS (AVENUE DES C;M;4813504.0;-162086.0;350
201600025032;16;3;7;1545;1;2;3;1;3.0;238;ALSACE/F.COMTÉ;M;4812340.0;-170376.0;350
201600025034;16;3;8;1525;1;2;6;1;6.0;281;00, DODIN (AVENUE ROGER);M;4808685.0;-170726.0;350
201600025036;16;3;10;740;2;2;6;1;3.0;238;RP F.F.ONU;M;4809000.0;-168226.0;350
201600025041;16;3;11;1719;1;2;2;1;2.0;238;SÉVIGNÉ/ROUSSEAU;M;4811620.0;-166465.0;350
201600025043;16;3;14;845;1;2;1;1;3.0;238;71 BIS AV GROS MALHON;M;4812710.0;-168306.0;350
201600025044;16;3;14;1340;1;2;3;1;3.0;238;J.GUESDE/LEGRAVEREND;M;4811760.0;-168452.0;350
201600025048;16;3;18;825;1;2;3;1;3.0;238;OSLO/BOSPHORE;M;4808550.0;-167567.0;350
201600025055;16;3;26;1245;1;2;2;2;3.0;238;PASTEUR/CHÂTEAUBRIAND;M;4811020.0;-167420.0;350
201600025071;16;4;7;900;1;2;1;1;6.0;238;3, RUE GAMBETTA;M;4811110.0;-167460.0;350
201600025078;16;4;11;1650;1;2;6;1;3.0;51;ALLIÉS/RPVAUX;M;4813650.0;-162489.0;350
201600025081;16;4;14;1345;1;2;2;2;3.0;238;MITTERAND / VANEAU;M;4810890.0;-169293.0;350
201600025082;16;4;15;1635;1;2;3;1;3.0;238;BOURGET / GRIMAULT;M;4809130.0;-165504.0;350
201600025088;16;4;18;820;1;2;3;1;3.0;238;LOCMARIAQUER/ARRADON;M;4813310.0;-167095.0;350
201600025097;16;4;22;1530;1;2;2;1;3.0;238;PARLEMENT/HUGO;M;4811240.0;-167735.0;350
201600025102;16;4;25;2040;1;2;3;1;3.0;238;MAGINOT/PROVOST;M;4810990.0;-166231.0;350
201600025104;16;4;28;500;5;2;1;1;2.0;238;135, AV A.BRIAND;M;4811030.0;-165642.0;350
201600025106;16;4;29;1705;1;2;3;2;3.0;238;G.HERVÉ/O.LEROUX;M;4809140.0;-166493.0;350
201600025110;16;5;3;1620;1;2;1;1;7.0;238;5, AVENUE DU CANADA;M;4808860.0;-168228.0;350
201600025113;16;5;4;1900;2;2;6;7;3.0;238;PAYS BAS/VOLCLAIR;M;4808840.0;-166079.0;350
201600025128;16;5;19;1650;1;2;1;1;6.0;238;93, BD VOLTAIRE;M;4810520.0;-170268.0;350
201600025130;16;5;20;840;1;2;2;1;3.0;238;V.MAREUIL/FONTAINE;M;4810510.0;-165047.0;350
201600025132;16;5;20;1400;1;2;2;1;3.0;238;F.CHÂTEAU/STRASBOURG;M;4811030.0;-165560.0;350
201600025134;16;5;23;840;1;2;3;1;3.0;278;BRETÈCHE/GODIER;M;4814560.0;-168523.0;350
201600025140;16;5;26;2100;1;2;1;1;6.0;238;33 BIS RUE A.PAVIE;M;4810500.0;-164550.0;350
201600025142;16;5;24;1600;1;2;3;1;3.0;51;GRALL/CLOS COURTEL;M;4813190.0;-163288.0;350
201600025143;16;5;28;744;1;2;1;1;2.0;238;245, RUE DE NANTES;M;4809500.0;-169010.0;350
201600025144;16;5;27;1919;1;2;2;1;3.0;238;C.TILLON/BOIS LABBÉ;M;4812470.0;-170307.0;350
201600025153;16;6;5;2100;1;2;2;1;1.0;238;LEGRAVEREND/DINAN;M;4811730.0;-168311.0;350
201600025155;16;6;6;755;1;2;6;1;3.0;55;BOURGOGNE/HALLOUVRY;M;4809050.0;-161570.0;350
201600025159;16;6;7;1715;1;2;6;1;3.0;238;VALLÈS/H.LACROIX;M;4810540.0;-170846.0;350
201600025161;16;6;7;2315;5;2;2;1;3.0;238;ST HÉLIER/JANVIER;M;4810790.0;-167354.0;350
201600025167;16;6;10;1635;1;2;6;1;3.0;238;L.GRIMAULT/POLOGNE;M;4809110.0;-165076.0;350
201600025172;16;6;11;1820;1;2;2;1;3.0;238;LA T.AUVERGNE/P.MAUGER;M;4810550.0;-168464.0;350
201600025194;16;6;20;1715;1;2;1;2;3.0;238;RUE C.BERNARD;M;4810150.0;-169445.0;350
201600025198;16;6;23;820;1;2;1;3;6.0;238;7, AVENUE C.TILLON;M;4812680.0;-168789.0;350
201600025201;16;6;24;950;1;2;1;1;3.0;238;221, RUE DE CHÂTEAUGIRON;M;4809480.0;-163645.0;350
201600025202;16;6;24;1000;1;2;6;1;3.0;238;C.PÉGUY/TURMEL;M;4812120.0;-165448.0;350
201600025208;16;6;27;1740;1;2;2;1;3.0;238;ALMA/J.CARTIER;M;4809740.0;-167516.0;350
201600025218;16;7;1;1145;1;2;3;1;3.0;238;GAMBETTA/CORBIN;M;4811140.0;-167478.0;350
201600025222;16;7;4;1300;1;2;3;1;3.0;238;CHÉZY/LOUIS D'OR;M;4811360.0;-168724.0;350
201600025240;16;7;16;1850;1;2;2;1;3.0;238;FRÉVILLE/BOSPHORE;M;4808590.0;-167504.0;350
201600025246;16;7;19;1300;1;2;3;1;3.0;238;ST HÉLIER/VERGER;M;4810610.0;-166727.0;350
201600025247;16;7;19;1200;1;2;1;1;2.0;238;10, BD D'ANJOU;M;4811960.0;-171352.0;350
201600025248;16;7;19;1919;1;2;3;1;3.0;238;LORIENT/B.MOULINAIS;M;4810770.0;-171531.0;350
201600025250;16;7;20;1217;1;2;1;1;3.0;238;56, BD DE SÉVIGNÉ;M;4811630.0;-166712.0;350
201600025253;16;7;22;950;1;2;6;1;3.0;238;PAYS BAS/O.LEROUX;M;4809160.0;-165839.0;350
201600025255;16;7;26;830;1;2;3;1;3.0;238;SÉVIGNÉ/G.SAND;M;4811630.0;-166839.0;350
201600025256;16;7;26;1307;1;2;3;1;3.0;55;GRANIER/DEUX RUISSEAUX;M;4808710.0;-162167.0;350
201600025260;16;7;27;1150;1;2;1;1;3.0;238;65, BD DE LA T.AUVERGNE;M;4810290.0;-168433.0;350
201600025263;16;8;19;1116;1;2;3;2;3.0;238;ISLY/PLELO;M;4810640.0;-167774.0;350
201600025267;16;8;19;900;1;2;6;3;3.0;238;PAVIE/V.MAREUIL;M;4810410.0;-165012.0;350
201600025274;16;8;31;1300;1;2;2;1;4.0;238;LORIENT/MOULIN DU COMTE;M;4810890.0;-171024.0;350
201600025283;16;10;6;1035;1;2;2;1;3.0;238;RIAVAL/CARTIER;M;4809780.0;-166320.0;350
201600025286;16;10;4;830;1;2;2;1;3.0;238;VANEAU/PAPU;M;4811090.0;-169271.0;350
201600025288;16;10;6;1742;1;2;6;1;3.0;238;BEAULIEU/BUTTES DE COESM;M;4812230.0;-163874.0;350
201600025296;16;10;7;1610;1;2;1;1;3.0;238;BD OSCAR LEROUX;M;4809140.0;-166456.0;350
201600025301;16;10;12;824;1;2;6;1;3.0;238;CHATEAU/MOULIN DE JOUE;M;4811180.0;-164641.0;350
201600025305;16;10;12;1811;1;2;6;1;3.0;238;BERNARD/BERGER;M;4811750.0;-170466.0;350
201600025311;16;10;13;1900;1;2;1;1;3.0;238;4, QUAI E. ZOLA;M;4810980.0;-167706.0;350
201600025317;16;10;14;1010;1;2;6;1;6.0;238;00, CHAMPION DE CICE;M;4810182.0;-170725.0;350
201600025318;16;9;6;1750;1;2;2;1;6.0;281;CR 100/BORON;M;4808970.0;-172185.0;350
201600025320;16;9;3;1930;1;2;2;1;3.0;238;COËTLOGON/VERDUN;M;4812270.0;-168542.0;350
201600025326;16;10;17;1430;1;2;2;8;3.0;238;FOUGERES / GALLET;M;4812960.0;-164302.0;350
201600025328;16;9;8;1720;1;2;2;1;3.0;238;ALBERT 1ER/BELGIQUE;M;4808970.0;-168563.0;350
201600025331;16;10;17;1805;1;2;3;1;3.0;238;BOURGEOIS / FEUILLEE;M;4809920.0;-165274.0;350
201600025339;16;10;19;2104;5;2;1;1;1.0;238;31, RUE D ANTRAIN;M;4811710.0;-167793.0;350
201600025344;16;9;14;1615;1;2;5;1;3.0;238;SAINT-HELIER/LAENNEC;M;4810560.0;-166605.0;350
201600025372;16;10;21;1711;1;2;1;1;3.0;238;97, VERDUN (BD DE);M;4812110.0;-168681.0;350
201600025374;16;10;28;1840;1;2;1;1;2.0;238;99, MITTERAND (MAIL FRAN;M;4810820.0;-169468.0;350
201600025375;16;9;21;1350;1;2;2;1;3.0;238;ALBERT 1ER/BELGIQUE;M;4808970.0;-168563.0;350
201600025377;16;9;21;2015;5;2;2;1;3.0;238;CLEMENCEAU/KÉRANGAL;M;4809450.0;-168562.0;350
201600025379;16;9;22;1830;1;2;6;1;6.0;278;RP AUGE DE PIERRE;M;4813500.0;-169355.0;350
201600025382;16;10;31;1412;1;2;1;1;6.0;238;37, RUE VANEAU;M;4811230.0;-169326.0;350
201600025384;16;10;31;1402;1;2;1;1;7.0;238;135, NANTES (DE);M;4810050.0;-168572.0;350
201600025391;16;11;3;856;1;1;6;7;3.0;278;00, AUGE DE PIERRE (ROND;M;4813623.0;-169222.0;350
201600025406;16;9;30;1030;1;2;1;1;7.0;238;AV W.CHURCHILL;M;4811990.0;-170833.0;350
201600025408;16;9;30;1345;1;2;1;1;3.0;238;ALLÉE DE BEAULIEU;M;4812080.0;-163774.0;350
201600025409;16;9;6;832;1;2;1;1;7.0;238;19, RUE DE BREST;M;4811230.0;-169192.0;350
201600025418;16;11;10;1547;1;2;1;1;7.0;51;00, GARDES (RUE DES);M;4812255.0;-161822.0;350
201600025419;16;11;10;745;5;2;6;2;3.0;238;00, MOUEZY (AVENUE MONSE;M;4810405.0;-165017.0;350
201600025433;16;11;17;1921;5;2;3;1;1.0;238;00, CHEZY (BD DE);M;4811357.0;-168724.0;350
201600025434;16;11;18;1526;1;2;1;1;6.0;238;00, PATIS TATELIN (LIEU-;M;4813072.0;-164226.0;350
201600025438;16;11;21;2110;5;2;1;1;3.0;238;00, ISLY (RUE D');M;4810642.0;-167782.0;350
201600025443;16;11;22;1505;1;2;2;1;3.0;238;00, CHATEAUGIRON (DE);M;4809517.0;-163756.0;350
201600025454;16;11;28;1452;1;2;1;1;7.0;51;00, FONTAINE (AVENUE DE;M;4812946.0;-161991.0;350
201600025458;16;11;29;1626;1;2;6;1;6.0;238;00, MOULIN DE JOUE (DU);M;4811187.0;-164629.0;350
201600025468;16;12;6;1855;5;2;3;1;6.0;238;00, ISLY (RUE D');M;4810738.0;-167774.0;350
201600025477;16;4;8;1715;1;2;1;1;3.0;288;62, MARVILLE (AVENUE DE);M;4864146.0;-200250.0;350
201600025504;16;1;29;1020;1;2;1;1;3.0;44;17 AVENUE J KENNEDY;M;4680340.0;169196.0;360
201600025517;16;3;13;2250;5;2;1;1;6.0;44;1 RUE JEAN NICOT;M;4680860.0;170203.0;360
201600025534;16;5;23;900;1;2;1;8;6.0;63;2 AVENUE DE GAULLE;M;4682560.0;170055.0;360
201600025543;16;6;9;1720;1;2;6;1;3.0;44;GIRATOIRE PORTE DE PARIS;M;4681770.0;169703.0;360
201600025575;16;9;8;1115;1;1;2;1;3.0;159;PT EPOT/ CHETIFS CHENES;M;4676350.0;169589.0;360
201600025582;16;9;16;610;2;2;1;1;6.0;44;10 RUE DE LA REPUBLIQUE;M;4681010.0;169059.0;360
201600025600;16;12;8;1930;3;1;1;1;3.0;159;RUE DE CANTINIER;M;4679630.0;172951.0;360
201600025611;16;11;4;1705;2;2;1;1;7.0;202;;M;4678200.0;165472.0;360
201600025615;16;10;20;835;1;2;1;1;7.0;122;RUE DU PONT VOLANT;;;;370
201600025632;16;1;15;741;5;2;3;1;2.0;261;RUE CROIX PASQUIER;M;4740641.0;68892.0;370
201600025633;16;1;18;840;1;2;1;4;3.0;261;BD  TONNELLE;M;4738626.0;66769.0;370
201600025648;16;1;28;910;1;2;1;2;7.0;122;126 BD JEAN  JAURES;M;4734788.0;64805.0;370
201600025650;16;1;28;1820;5;2;1;1;2.0;208;104 AV GAL DE GAULLE;M;4735590.0;71939.0;370
201600025652;16;1;28;130;5;2;1;8;7.0;261;78 RUE FEBVOTTE;M;4737691.0;68786.0;370
201600025653;16;1;29;1620;1;2;3;1;3.0;261;123 AV ANDRE MAGINOT;M;4741797.0;69179.0;370
201600025677;16;2;14;1335;1;2;1;1;6.0;261;2 RUE CARNOT;M;4738000.0;68927.0;370
201600025689;16;2;19;1330;1;2;2;1;5.0;233;AVENUE DE LA REPUBLIQUE;M;4738968.0;71824.0;370
201600025695;16;2;22;1102;1;2;1;1;3.0;122;184, JEAN JAURES;M;4734676.0;64783.0;370
201600025716;16;3;8;850;1;2;3;1;3.0;261;RUE GEORGES COLLON;;;;370
201600025724;16;3;12;1110;1;2;1;1;6.0;261;20 RUE DES HALLES;M;4766522.0;17254.0;370
201600025725;16;3;12;1350;1;2;2;1;3.0;261;RUE DE  TOUR D'AUVERGNE;;;;370
201600025730;16;3;18;850;1;2;1;1;3.0;261;134 BD  HEURTELOUP;M;4739375.0;70285.0;370
201600025740;16;4;2;2025;1;2;2;1;3.0;261;ALLEE DE  CHAUMONT;M;4738176.0;69729.0;370
201600025748;16;4;10;1145;1;2;1;1;3.0;261;97 AV DE LA TRANCHEE;M;4740600.0;68264.0;370
201600025752;16;4;11;1215;1;2;3;1;7.0;261;PLACE FRANSOIS  SICARD;M;4725648.0;25489.0;370
201600025753;16;4;14;1520;1;2;1;2;7.0;261;72  RUE NATIONALE;M;4739234.0;68805.0;370
201600025755;16;4;15;917;1;2;1;1;3.0;261;48  RUE COLOMBIER;M;4741432.0;70204.0;370
201600025764;16;4;18;1715;1;2;1;1;6.0;261;25 RUE DE  CLOCHEVILLE;M;4739102.0;68413.0;370
201600025765;16;4;19;1225;1;2;1;1;6.0;261;BD BERANGER;;;;370
201600025768;16;3;18;920;1;2;1;1;1.0;261;9ème DIVISION DE CAVALER;M;0.0;0.0;370
201600025777;16;4;28;1130;1;2;1;1;3.0;261;95 RUE DE LA FUYE;M;4738864.0;70280.0;370
201600025780;16;4;29;415;5;2;1;1;7.0;261;RUE DU HALLEBARDIER;M;4738117.0;69380.0;370
201600025786;16;5;6;800;1;2;1;1;3.0;261;RUE DE LA VICTOIRE;;;;370
201600025791;16;5;10;1720;1;1;1;1;3.0;233;34 BOULEVARD LANGEVIN;M;4739091.0;72903.0;370
201600025805;16;5;20;1220;1;2;1;1;6.0;261;66 RUE NATIONALE;M;4739283.0;68785.0;370
201600025806;16;5;21;1155;1;2;2;1;3.0;261;RUE VOLTAIRE;M;4739569.0;68901.0;370
201600025808;16;5;21;2005;1;2;1;1;3.0;233;22 AV JACQUES  DUCLOS;M;0.0;0.0;370
201600025832;16;6;7;1512;1;2;1;7;6.0;261;30 RUE BLAISE PASCAL;M;4738755.0;69336.0;370
201600025834;16;6;7;1000;1;2;1;1;7.0;261;12 RUE PETIT CUPIDON;;;;370
201600025840;16;6;11;925;1;2;1;8;7.0;214;RUE DE LA  MAIRIE;M;4739784.0;66619.0;370
201600025846;16;6;15;1330;1;2;6;1;3.0;261;RUE ED VAILLANT;M;4738137.0;70675.0;370
201600025847;16;6;15;1405;1;2;1;1;7.0;261;RUE MICHELET;M;4738889.0;69133.0;370
201600025849;16;6;3;1455;1;2;6;1;7.0;195;86 ROUTE  SAINT-GENOUPH;M;4738483.0;64198.0;370
201600025852;16;6;17;1900;1;2;2;3;6.0;261;BD HEURTELOUP;M;4739114.0;69538.0;370
201600025854;16;6;21;1925;1;2;1;1;1.0;261;09 PLACE DU MAL LECLERC;;;;370
201600025874;16;7;8;1640;1;2;1;1;3.0;214;1 RUE DES   SOURCES;M;4741700.0;66677.0;370
201600025878;16;7;12;1010;1;2;3;1;3.0;261;110 RUE DE LA  FUYE;;;;370
201600025881;16;7;9;2333;5;2;1;1;7.0;261;PONT WILSON;;;;370
201600025882;16;7;18;1040;1;2;6;1;3.0;233;RUE FABIENNE LANDY;M;4738762.0;72685.0;370
201600025884;16;7;20;1120;1;2;3;1;3.0;261;AVENUE STHENDAL;M;4736846.0;71022.0;370
201600025885;16;7;20;1815;1;2;1;1;7.0;122;7 RUE DU COLONEL PICOT;M;4734727.0;66365.0;370
201600025889;16;7;24;35;5;2;2;1;3.0;261;JAURES (PLACE JEAN);M;4739030.0;68873.0;370
201600025891;16;6;10;1136;1;2;1;1;7.0;208;RUE GRAND COUR;;;;370
201600025892;16;7;27;1728;1;2;6;1;3.0;214;BD CHARLES  DE GAULLE;M;4742007.0;66260.0;370
201600025898;16;8;4;1220;1;1;1;2;3.0;261;ROUTE SAVONNIERES;M;4736789.0;66082.0;370
201600025900;16;8;5;2000;1;2;1;1;6.0;261;35, HEURTELOUP (BOULEVAR;M;4739085.0;69448.0;370
201600025914;16;8;17;1240;1;2;2;1;7.0;261;AVENUE DE LA TRANCHEE;M;4740766.0;68156.0;370
201600025917;16;8;18;1745;1;2;1;1;3.0;233;RUE DES  ATELIERS;M;4738716.0;70977.0;370
201600025925;16;8;22;932;1;1;3;1;7.0;261;RUE D AMBOISE;M;0.0;0.0;370
201600025940;16;9;2;1140;1;2;1;1;6.0;261;1 AVENUE DE FLORENCE;M;4737427.0;72008.0;370
201600025943;16;9;6;830;1;2;1;1;3.0;214;204 BD CHARL DE GAULLE;M;4741829.0;66461.0;370
201600025947;16;9;7;1855;1;2;3;1;6.0;122;RUE DU MARECHAL JUIN;;;;370
201600025949;16;9;9;945;1;2;3;1;1.0;261;AVENUE DU MANS;M;4740943.0;68209.0;370
201600025950;16;9;10;1730;1;2;1;1;6.0;261;AV DU GN DE GAULLE;M;4738007.0;69574.0;370
201600025951;16;9;11;1915;1;2;1;1;7.0;261;CARREFOUR DE VERDUN;M;4737384.0;69514.0;370
201600025965;16;9;30;847;1;2;3;1;3.0;233;BD JEAN-JAURES;M;4739575.0;72700.0;370
201600025971;16;10;4;1445;1;2;1;1;7.0;261;JEMMAPES (RUE);M;4741934.0;68414.0;370
201600025972;16;10;4;1940;2;2;1;1;1.0;233;100 RUE GABRIEL PERI;M;4738984.0;71433.0;370
201600025975;16;10;5;1730;1;2;1;1;1.0;122;RD 86 DE MONTS  TOURS;M;4733794.0;66473.0;370
201600025978;16;10;7;1108;1;2;2;1;3.0;261;TRAVERSIERE  (RUE);M;4739240.0;69710.0;370
201600025988;16;10;12;1700;1;2;1;1;1.0;261;55, HOSPITALITE (RUE DE;M;4738998.0;67006.0;370
201600025996;16;10;20;1515;1;2;1;1;7.0;261;RUE NATIONALE;M;4739300.0;68700.0;370
201600026000;16;10;22;1220;1;2;9;1;3.0;195;RUE PORT CORDON;M;4738390.0;65884.0;370
201600026025;16;11;7;1020;1;2;2;2;1.0;261;37  BD  BERANGER;M;4738892.0;67936.0;370
201600026049;16;11;19;1510;1;2;3;1;3.0;261;RUE FROMENTEL;;;;370
201600026053;16;11;22;1720;1;2;1;1;6.0;261;85 RUE MICHELET;M;4738541.0;69262.0;370
201600026054;16;11;23;900;1;2;2;2;3.0;261;RUE MICHELET;M;4738662.0;69220.0;370
201600026057;16;11;28;1430;1;2;6;1;3.0;233;92 RUE DE LA RABATERIE;M;4739203.0;72516.0;370
201600026059;16;11;30;1340;1;2;1;1;6.0;261;58 AV ANDRE MAGINOT;;;;370
201600026081;16;12;15;1920;3;2;1;1;6.0;261;19 RUE DE VAILLANT;M;4738849.0;69649.0;370
201600026086;16;12;21;1910;4;2;1;3;2.0;261;46 RUE GEORGE SAND;M;4738775.0;68763.0;370
201600026091;16;12;23;1555;1;2;1;1;2.0;261;23 RUE GASTON PAILHOU;M;4739137.0;68160.0;370
201600026107;16;5;17;1153;1;2;9;1;6.0;53;0.000, RESIDENCE;;;;380
201600026121;16;2;5;2110;5;2;1;1;2.0;421;AV MARCEL CACHIN;M;4516294.0;575263.0;380
201600026130;16;3;8;1438;1;2;1;2;3.0;185;11, JEAN PAIN (BOULEVARD;M;4518680.0;573620.0;380
201600026138;16;3;21;1340;1;2;1;1;6.0;421;24, AVENUE POTIE;M;4517340.0;575550.0;380
201600026139;16;3;23;1630;1;2;1;1;6.0;169;83, A.BRIAND;M;;;380
201600026140;16;3;25;225;5;2;1;1;6.0;185;31, BOULEVARD JOSEPH VAL;M;4517631.0;572355.0;380
201600026146;16;4;29;1820;1;2;1;1;5.0;516;VERDUN(AV. DE)EST PASSAG;M;4519450.0;574940.0;380
201600026151;16;5;10;850;1;2;3;1;3.0;185;21 AV ALS LORRAINE/R JAY;M;4518930.0;572103.0;380
201600026155;16;5;21;1725;1;2;2;1;3.0;151;AVENUE SALVADOR ALLENDE;M;4515691.0;572466.0;380
201600026157;16;5;25;545;2;2;3;1;3.0;185;112, COURS JEAN JAURES;M;4518188.0;571674.0;380
201600026172;16;7;5;750;1;2;9;1;6.0;185;AVENUE DES MARTYRS;M;;;380
201600026177;16;7;9;1030;1;1;1;1;1.0;179;., CHEMIN DE LA DIGUE;M;4518749.0;580612.0;380
201600026179;16;7;10;750;1;2;2;1;6.0;185;112, COURS BERRIAT;M;4518856.0;571121.0;380
201600026186;16;8;2;1730;1;2;2;1;6.0;421;RUE DES TAILLES;M;4519365.0;575608.0;380
201600026193;16;9;8;1820;1;2;2;1;6.0;185;JEAN PAIN / haxo;M;4518651.0;573511.0;380
201600026196;16;9;15;955;1;2;2;1;3.0;185;RUE CHARLES PGUY;;;;380
201600026200;16;9;29;825;1;1;1;1;1.0;516;av VERDUN pass ricou;M;4519614.0;575293.0;380
201600026201;16;9;30;750;1;2;3;1;6.0;185;NICOLAS CHORIER (RUE);M;4518590.0;571502.0;380
201600026216;16;11;4;1845;5;2;3;1;6.0;185;R M BENOIT / CONDILLAC;M;4518940.0;573057.0;380
201600026219;16;11;16;1440;1;2;2;1;6.0;185;ALFRED DE VIGNY (RUE );M;4517056.0;572762.0;380
201600026221;16;11;21;1645;1;2;2;9;6.0;185;., RUE NICOLAS CHORIER;M;4518588.0;571656.0;380
201600026225;16;12;1;740;1;2;2;1;3.0;185;RUE G. FLAUBERT/ ALLIES;M;4517052.0;572754.0;380
201600026233;16;12;20;910;1;2;1;1;2.0;185;8, COURS BERRIAT;M;4518789.0;572231.0;380
201600026241;16;11;17;1545;1;2;1;1;6.0;544;27, VERDUN(COUR DE);M;4551674.0;486896.0;380
201600026242;16;3;8;1820;2;2;1;1;3.0;544;ROBESPIERRE(RUE);M;4551063.0;485680.0;380
201600026261;16;3;18;1715;1;2;3;1;3.0;563;0, STALINGRAD (PLACE);M;4536722.0;559461.0;380