Num_Acc;an;mois;jour;hrmn;lum;agg;int;atm;col;com;adr;gps;lat;long;dep
201600026314;16;10;29;1530;1;2;1;1;6.0;88;SAINT-PIERRE (BLD);M;4371086.0;-104985.0;400
201600026325;16;7;24;920;1;2;1;1;3.0;192;., PIERRE BENOIT;M;4389663.0;-51253.0;400
201600026329;16;8;12;1000;1;1;1;1;3.0;192;., CANENX (AV DE) R.D. 5;M;4391852.0;-48435.0;400
201600026331;16;8;31;1850;1;2;9;1;3.0;192;397, LACROUTS (AV DE);M;4388588.0;-46978.0;400
201600026336;16;11;26;2122;5;2;1;1;3.0;18;SAINT-JEAN (QUAI);M;4758994.0;134189.0;410
201600026341;16;1;29;1145;1;2;3;1;3.0;47;RD 2152;M;4760799.0;135519.0;410
201600026355;16;3;8;1209;1;2;2;1;6.0;18;CHATEAUDUN (AVENUE DE);M;4760649.0;132758.0;410
201600026365;16;5;4;800;1;2;9;1;3.0;18;CHATEAUDUN (AVENUE DE);M;4760751.0;132762.0;410
201600026389;16;9;15;800;1;2;1;2;7.0;18;18, DORGELES (RUE ROLAND;M;4758206.0;130970.0;410
201600026399;16;11;5;930;1;2;3;1;3.0;18;VASCO DE GAMA (RUE);M;4759237.0;130628.0;410
201600026409;16;12;22;1350;1;2;3;2;3.0;295;CHAMBORD (ROUTE DE);M;4757759.0;137549.0;410
201600026414;16;1;21;1740;2;2;3;1;3.0;269;., CHASSEURS (RUE DU 20E;M;4780322.0;106102.0;410
201600026419;16;5;31;1600;1;1;1;2;1.0;269;MANS (ROUTE DU);M;4781112.0;102546.0;410
201600026421;16;6;26;1820;1;2;6;1;5.0;269;20, INDUSTRIE (BOULEVARD;M;4780061.0;104736.0;410
201600026422;16;6;26;1842;1;2;3;1;3.0;269;CHAPPE (RUE DE LA);M;4778613.0;107858.0;410
201600026433;16;1;29;1720;1;1;3;1;1.0;99;1, CIMETIERE (RUE DU);M;4538929.0;426309.0;420
201600026438;16;4;4;1010;1;2;1;8;1.0;44;5, DE GAULLE (RUE CHARLE;M;4539567.0;432209.0;420
201600026442;16;5;18;1730;1;1;3;1;3.0;316;1, MOULIN (RUE JEAN);M;4540226.0;426023.0;420
201600026461;16;12;20;1854;2;2;3;1;3.0;127;0, DAUDET ALPHONSE (RUE);M;4606375.0;406938.0;420
201600026479;16;2;10;850;1;2;6;1;3.0;127;0, LES SABLES (RP);M;4605777.0;407221.0;420
201600026496;16;3;26;1208;1;2;7;1;3.0;187;0, PROMENADES POPULLE (P;M;4603653.0;406770.0;420
201600026512;16;5;23;1650;1;2;1;2;3.0;187;6, BRISON (RUE);M;4603415.0;406942.0;420
201600026540;16;8;19;1010;1;2;2;1;3.0;187;0, THOMAS (RUE ALBERT);M;4604909.0;407402.0;420
201600026544;16;9;1;900;1;2;6;1;1.0;184;0, OUEST  (BD);M;4604579.0;405597.0;420
201600026559;16;10;12;1640;1;2;3;1;3.0;71;0, ETINES (BOULEVARD DES;M;4602173.0;409223.0;420
201600026577;16;11;11;935;1;2;9;2;6.0;184;0, FOCH MARECHAL (RUE);M;4603985.0;405211.0;420
201600026579;16;11;16;1215;1;2;1;1;1.0;187;38, REPUBLIQUE (COUR DE;M;4603860.0;406414.0;420
201600026603;16;1;22;1226;1;2;1;1;3.0;218;GRIGNARD VICTOR A PARTIR;M;4545714.0;440522.0;420
201600026709;16;12;10;120;5;2;1;1;7.0;218;92, CHARCOT DOCTEURS A P;M;4541680.0;439333.0;420
201600026729;16;10;4;1515;1;2;1;1;3.0;186;MARX SQUARE KARL;M;4552495.0;460948.0;420
201600026733;16;1;8;1000;1;2;1;1;3.0;157;1, GAMBETTA (BD);M;4504430.0;387990.0;430
201600026750;16;10;5;1220;1;2;1;1;3.0;157;23, REPUBLIQUE (BD DE LA;;;;430
201600026764;16;4;14;1810;1;2;1;1;6.0;55;39, OCEAN ( BOULEVARD DE;M;4727767.0;-237013.0;440
201600026769;16;6;5;1823;1;2;6;1;7.0;55;5, OCÉAN ( BOULEVARD DE;M;4727957.0;-237813.0;440
201600026770;16;6;30;1140;1;2;6;1;3.0;132;NS, ST NAZAIRE (BOULEVAR;M;4725638.0;-231729.0;440
201600026773;16;7;14;1140;1;2;1;1;7.0;55;15, DARLU ( BOULEVARD );M;4728177.0;-239758.0;440
201600026777;16;8;15;1850;1;2;1;1;1.0;135;35, MOREAU ( AVENUE );M;4726764.0;-244203.0;440
201600026780;16;9;23;1620;1;2;1;1;3.0;132;3, BRIAND (PLACE ARISTID;M;4726987.0;-234478.0;440
201600026781;16;10;8;1428;1;2;1;1;3.0;135;11, BOUGOUIN ( RUE FRAN;M;4726731.0;-242288.0;440
201600026785;16;11;24;1615;1;2;1;1;6.0;109;AVENUE CARNOT;M;4721443.0;-154558.0;440
201600026786;16;1;9;1345;1;2;2;1;1.0;190;., RUE DES CEVENNES;M;4720260.0;-148848.0;440
201600026797;16;11;9;900;2;2;1;1;6.0;109;PLACE VICTOR MANGIN;M;4720091.0;-154455.0;440
201600026800;16;11;16;800;2;2;6;2;6.0;190;RUE DES COUCOUS;M;4719901.0;-151064.0;440
201600026802;16;1;12;1710;1;2;6;1;3.0;109;PLACE EMILE SARRADIN;M;4722070.0;-157029.0;440
201600026810;16;2;1;2115;5;2;6;1;3.0;109;., PLACE DE LA REPUBLIQU;M;4720550.0;-155468.0;440
201600026817;16;11;15;1030;1;2;3;8;6.0;109;RUE HENRI IV;M;4721941.0;-154941.0;440
201600026822;16;12;7;910;1;2;1;7;3.0;109;RUE DU CROISSANT;M;4723847.0;-152672.0;440
201600026834;16;12;28;2320;5;2;3;1;6.0;109;BOULEVARD LEON BUREAU;M;4720731.0;-156497.0;440
201600026838;16;12;22;1950;2;2;1;1;6.0;109;PLACE ARISTIDE BRIAND;M;4721710.0;-156251.0;440
201600026843;16;1;25;115;5;2;1;9;6.0;109;RUE CREBILLON;M;4721390.0;-155997.0;440
201600026846;16;12;1;1745;5;2;1;1;6.0;109;RUE ANATOLE DE MONZIE;M;4720496.0;-153820.0;440
201600026850;16;1;29;1310;1;2;3;1;2.0;190;RUE DE L'OUCHE QUINET;M;4718820.0;-149510.0;440
201600026854;16;1;6;2110;5;2;1;2;7.0;109;PLACE DU CIRQUE;M;4721750.0;-155719.0;440
201600026855;16;1;4;1610;1;2;1;8;3.0;114;RUE ALFRED NOBEL;M;4724780.0;-159590.0;440
201600026866;16;2;12;155;5;2;9;6;6.0;109;COURS DES 50 OTAGES;M;4721559.0;-155633.0;440
201600026869;16;2;16;1810;2;2;6;1;6.0;109;BOULEVARD DU MASSACRE;M;4723160.0;-159229.0;440
201600026874;16;2;9;715;5;2;1;6;3.0;109;RUE ERIC TABARLY;M;4719470.0;-154637.0;440
201600026895;16;3;9;2000;1;2;1;1;2.0;109;BOULEVARD EUGENE ORIEUX;M;4723520.0;-154941.0;440
201600026899;16;4;1;1045;1;2;1;1;1.0;109;CHEMIN DU HALAGE;M;4722064.0;-150500.0;440
201600026906;16;3;22;750;1;2;1;1;6.0;109;PLACE VICTOR MANGIN;M;4720100.0;-154440.0;440
201600026907;16;3;17;1;5;2;1;1;3.0;109;BOULEVARD ERNEST DALBY;M;4722840.0;-152638.0;440
201600026910;16;4;13;1605;1;2;1;1;3.0;109;AVENUE CARNOT;M;4721480.0;-154599.0;440
201600026917;16;3;17;1700;1;2;1;1;1.0;190;RUE DU LARGEAU;M;4719470.0;-150956.0;440
201600026940;16;4;9;950;1;2;1;1;6.0;109;69, RUE DE LA BOTTIERE;M;4723980.0;-151885.0;440
201600026949;16;5;24;920;1;2;3;1;6.0;109;BOULEVARD DES AMERICAINS;M;4723539.0;-156927.0;440
201600026956;16;6;8;615;1;2;1;1;6.0;109;RUE MARECHAL JOFFRE;M;4722062.0;-154856.0;440
201600026957;16;5;23;1555;1;2;1;1;6.0;109;RUE MARECHAL JOFFRE;M;4722026.0;-154897.0;440
201600026965;16;6;16;1255;1;2;1;1;6.0;109;BEAUJOIRE ( BD DE LA );M;4725852.0;-151838.0;440
201600026967;16;6;11;1915;1;2;2;1;6.0;109;RUE DE LA PRAIRIE D'AVAL;M;4720026.0;-154650.0;440
201600026969;16;5;28;1555;1;1;1;1;5.0;114;165;M;4725472.0;-163370.0;440
201600026978;16;6;8;1725;1;2;1;1;1.0;162;RUE DE L'HOTEL DE VILLE;M;4721129.0;-165001.0;440
201600026982;16;6;8;1635;1;2;1;1;2.0;109;BOULEVARD BATONNIER CHOL;M;4719913.0;-160988.0;440
201600026987;16;6;22;759;1;2;1;1;3.0;109;RUE DU BOIS BRIAND;M;4725117.0;-149876.0;440
201600026990;16;6;13;1430;1;2;1;1;3.0;109;RUE GAETAN RONDEAU;M;4720664.0;-153401.0;440
201600026995;16;6;7;1900;1;2;1;1;1.0;109;RUE DE L'HOTEL DE VILLE;M;4721773.0;-155549.0;440
201600026998;16;7;21;1945;1;2;9;1;6.0;109;RUE DE BOUILLE;M;4722540.0;-155734.0;440
201600027002;16;7;19;830;1;2;1;1;3.0;109;RUE STANISLAS BAUDRY;M;4721895.0;-154406.0;440
201600027007;16;8;11;1645;1;2;1;1;3.0;162;., RUE D'ARRAS;M;4721334.0;-160890.0;440
201600027009;16;7;18;725;1;2;1;1;6.0;109;RUE BEAUREPAIRE;M;4721693.0;-155758.0;440
201600027014;16;8;10;1955;1;2;1;1;3.0;109;BOULEVARD JEAN PHILIPPOT;M;4721226.0;-155457.0;440
201600027015;16;7;17;2143;2;2;1;1;6.0;109;BLANC ( RUE LOUIS );M;4720651.0;-155495.0;440
201600027017;16;7;1;1530;1;2;1;1;6.0;109;RUE DE LA GRENERAIE;M;4719805.0;-152993.0;440
201600027021;16;8;17;2326;5;2;1;1;6.0;109;BOULEVARD JEAN PHILIPPOT;M;4721176.0;-155614.0;440
201600027025;16;7;1;1435;1;2;1;1;6.0;109;COURS JOHN KENNEDY;M;4721605.0;-154679.0;440
201600027029;16;9;16;1430;1;2;1;1;1.0;109;BOULEVARD JEAN PHILIPOT;M;4721278.0;-155349.0;440
201600027032;16;10;2;120;5;2;2;1;1.0;109;BOULEVARD PASTEUR;M;4721214.0;-157906.0;440
201600027034;16;9;2;1355;1;2;6;1;6.0;109;RUE PAUL BEAUPERE;M;4724741.0;-150390.0;440
201600027036;16;8;30;800;1;1;1;1;6.0;109;337, ROUTE DE SAINTE LUC;M;4724606.0;-150291.0;440
201600027037;16;9;24;5;5;1;1;1;6.0;109;DALBY ( BD ERNEST );M;4722794.0;-152730.0;440
201600027053;16;9;12;1748;1;2;1;1;7.0;109;BOULEVARD DE STALINGRAD;M;4721822.0;-154045.0;440
201600027064;16;10;14;1600;1;2;1;1;6.0;109;RUE CREBILLON;M;4721382.0;-156036.0;440
201600027066;16;8;4;1900;2;2;1;1;6.0;109;COURS DES 50 OTAGES;M;4721883.0;-155449.0;440
201600027072;16;9;23;1255;1;2;1;1;6.0;109;BOULEVARD JULES VERNE;M;4724843.0;-152134.0;440
201600027073;16;9;10;900;1;2;6;1;6.0;109;BOULEVARD JULES VERNE;M;4724849.0;-152141.0;440
201600027077;16;9;29;850;1;2;1;1;3.0;109;QUAI PRESIDENT WILSON;M;4719977.0;-156484.0;440
201600027080;16;9;15;1745;1;2;1;1;3.0;109;RUE DE LA DURANTIERE;M;4721338.0;-160242.0;440
201600027084;16;10;3;850;1;2;1;1;2.0;162;RUE DE L'AMAZONE;M;4724053.0;-161053.0;440
201600027088;16;10;19;1830;1;2;1;1;6.0;109;RUE PITRE CHEVALIER;M;4722452.0;-154978.0;440
201600027090;16;10;28;1110;1;2;1;1;3.0;109;BOULEVARD GENERAL DE GAU;M;4720614.0;-153868.0;440
201600027100;16;10;6;1820;1;2;1;1;1.0;109;BOULEVARD DES BELGES;M;4723529.0;-154543.0;440
201600027101;16;10;16;915;1;2;1;1;6.0;109;RUE DE TALENSAC;M;4722162.0;-155744.0;440
201600027108;16;10;24;1930;1;2;1;1;3.0;109;PONT HAUDAUDINE;M;4720906.0;-155597.0;440
201600027109;16;11;23;1230;1;2;6;2;3.0;109;., RUE DE LA GILARDERIE;M;4718958.0;-151933.0;440
201600027113;16;11;12;1819;2;2;1;1;6.0;109;2, RUE DE MADRID;M;4721404.0;-153260.0;440
201600027119;16;1;4;1415;1;2;1;1;3.0;184;11, RD 492 DU RP OCANIS;M;4726358.0;-225887.0;440
201600027129;16;1;23;1130;1;2;1;1;3.0;184;59, PAIX ET DES ARTS (RU;M;4727759.0;-221661.0;440
201600027141;16;5;2;1740;1;2;1;1;3.0;184;47, FRECHETS (ROUTE DES);M;4726399.0;-224409.0;440
201600027150;16;6;17;2215;1;2;1;1;2.0;184;11, ALBERT I (BOULEVARD);M;4725745.0;-222812.0;440
201600027151;16;6;21;1050;1;2;1;1;6.0;184;22, GAUTIER (RUE HENRI);M;4727663.0;-220543.0;440
201600027154;16;6;29;1610;1;2;1;1;1.0;184;48, GRENAPIN (RUE PITRE);M;4726101.0;-225706.0;440
201600027155;16;6;30;1730;1;2;1;1;1.0;184;402, CÔTE D'AMOUR (RTE D;M;4725937.0;-227984.0;440
201600027169;16;9;26;1500;1;2;2;1;1.0;184;13, RePUBLIQUE (AVENUE D;M;4727548.0;-221334.0;440
201600027170;16;9;27;924;1;2;3;2;3.0;184;17, SUNDERLAND (BOULEVAR;M;4727078.0;-224203.0;440
201600027172;16;10;5;900;1;2;6;1;3.0;184;28, TReBALE (ROUTE DE);M;4726479.0;-224331.0;440
201600027181;16;11;10;1805;2;2;3;1;1.0;184;MERMOZ (BOULEVARD JEAN);M;4727892.0;-222648.0;440
201600027185;16;11;22;1530;1;2;2;1;3.0;184;10, LONGUET (RUE CHARLES;M;4728144.0;-222881.0;440
201600027186;16;11;28;630;5;2;1;1;3.0;184;LIBeRATION (BOULEVARD DE;M;4728196.0;-220443.0;440
201600027188;16;11;30;1330;1;2;6;1;1.0;184;21, COUBERTIN (AVENUE PI;M;4726778.0;-223365.0;440
201600027190;16;12;6;750;5;2;1;1;7.0;184;BROODCOORENS (RUE) DU 12;M;4726216.0;-225475.0;440
201600027208;16;2;15;2155;5;2;2;1;3.0;208;R EMILE MENGIN/R GARE;M;4800666.0;274113.0;450
201600027219;16;5;7;1032;1;2;3;1;3.0;68;R GAMBETTA/EDOUARD BRANL;M;4801216.0;273131.0;450
201600027230;16;7;6;1620;1;2;1;1;6.0;68;AV GL LECLERC//DIA;M;4800883.0;274053.0;450
201600027232;16;5;7;1905;1;2;6;1;3.0;68;R ROGER SALENGRO/ALL MON;;;;450
201600027243;16;8;23;1135;1;2;6;1;3.0;68;AV GL LECLERC;M;4800776.0;274046.0;450
201600027244;16;8;29;1645;1;2;1;1;6.0;208;ALSACE-LORRAINE (RUE DE);M;4799744.0;274182.0;450
201600027248;16;9;15;1425;1;2;1;2;3.0;68;R DU 23 AOUT;;;;450
201600027253;16;9;22;1850;1;2;2;1;3.0;208;FG CHAUSSEE/R EUROPE;M;4799799.0;273991.0;450
201600027258;16;10;8;1645;1;2;6;1;3.0;68;PL S.ALLIENDE/R SALENGRO;M;4801206.0;271901.0;450
201600027261;16;10;17;1730;1;2;1;1;6.0;68;15 RUE EMILE COMBES;M;4802459.0;273511.0;450
201600027284;16;12;27;1155;1;2;1;1;6.0;234;RECHERCHE SCIENTIFIQUE (;;;;450
201600027289;16;1;25;1330;1;2;1;1;3.0;286;BOIS GIRAULT (RUE DU);;;;450
201600027302;16;6;9;1355;1;2;3;1;1.0;234;RTE OLIVET/BRETELLE D202;M;4788148.0;190345.0;450
201600027303;16;8;23;1025;1;2;3;1;2.0;286;38, SANDILLON (ROUTE DE);;;;450
201600027310;16;9;27;1830;1;2;1;1;1.0;285;28 R DU CLOS NEUF;M;4790482.0;187603.0;450
201600027312;16;9;15;730;2;2;2;1;3.0;169;R JEU BOULE/PASSE DEBOUT;M;4793007.0;185451.0;450
201600027322;16;5;21;1350;1;1;1;1;5.0;95;DEPARTEMENTALE Nø 811;M;4451452.0;136691.0;460
201600027344;16;5;3;1730;1;1;6;1;3.0;201;GIRATOIRE BEAUREGARD;M;4416960.0;60863.0;470
201600027345;16;5;12;740;1;2;3;2;1.0;1;BLD LIBERTÉ/R COGNASSIER;M;4419550.0;61770.0;470
201600027359;16;9;7;815;1;2;1;7;3.0;201;., MARNE (AV. DE LA);M;4419450.0;60582.0;470
201600027383;16;9;4;1750;1;2;1;1;6.0;323;15, LATTRE DE TASSIGNY(A;M;4441030.0;70873.0;470
201600027385;16;10;10;1710;1;2;1;1;6.0;323;COCTEAU(RUE JEAN);M;4440850.0;71950.0;470
201600027390;16;11;21;1220;1;1;1;1;3.0;323;BARBUSSE (RUE HENRI);M;4439840.0;72396.0;470
201600027404;16;1;6;852;1;2;6;2;6.0;15;52, BOISSIERE AVENUE;M;4749379.0;-58585.0;490
201600027412;16;1;18;1935;5;2;1;1;7.0;7;0, ROI DE POLOGNE QUAI;M;4746717.0;-56503.0;490
201600027415;16;1;19;1340;1;2;1;1;1.0;7;CLEMENCEAU BOULEVARD;M;4747551.0;-56700.0;490
201600027416;16;1;19;2050;1;2;6;1;7.0;7;0, BEAUSSIER BOULEVARD;M;4747692.0;-59889.0;490
201600027423;16;1;24;1511;1;2;1;1;1.0;7;0, BOREAU;M;4747452.0;-54679.0;490
201600027430;16;1;21;1830;2;2;1;1;7.0;7;0, LETANDUERE;M;4745323.0;-55328.0;490
201600027431;16;1;25;1840;5;2;3;1;6.0;7;40, MEILLAND;M;4744846.0;-54740.0;490
201600027435;16;1;27;1124;1;2;2;1;3.0;7;26, MAINE;M;4747992.0;-54551.0;490
201600027441;16;1;28;1425;1;2;1;1;6.0;7;137, PASTEUR;M;4747487.0;-53615.0;490
201600027443;16;1;29;2115;5;2;2;1;3.0;7;POISSONNERIE;M;4747318.0;-55526.0;490
201600027452;16;2;2;1354;1;2;1;1;2.0;7;34, RUE DU MAIL;M;4747413.0;-55197.0;490
201600027453;16;2;2;1327;1;2;1;2;7.0;15;TERNIERE RUE DE LA;M;4750256.0;-59662.0;490
201600027460;16;2;11;1800;5;2;1;1;6.0;353;99, JEAN JAURES RUE;M;4744215.0;-49415.0;490
201600027463;16;2;12;2100;5;2;2;1;3.0;7;BEDIER BOULEVARD;M;4745311.0;-53876.0;490
201600027478;16;2;28;1350;1;2;5;1;6.0;7;BOREAU;M;4747816.0;-54364.0;490
201600027482;16;2;27;1717;1;2;1;1;7.0;7;32, VOLNEY;M;4746245.0;-54313.0;490
201600027485;16;3;1;810;1;2;3;1;1.0;7;48, RABELAIS;M;4746138.0;-54682.0;490
201600027505;16;3;24;1245;1;2;6;1;6.0;7;0, BOUCHEMAINE ROUTE;M;4744887.0;-57311.0;490
201600027506;16;3;25;745;1;2;6;1;6.0;7;GIDE;M;4748338.0;-57460.0;490
201600027507;16;3;25;929;1;2;1;1;7.0;7;137, LETANDUERE;M;4745484.0;-55358.0;490
201600027522;16;4;3;1150;1;2;1;1;6.0;353;0, BAHONNEAU BOULEVARD;M;4745801.0;-48246.0;490
201600027531;16;4;13;1339;1;2;2;1;7.0;7;BOISNET RUE;M;4747436.0;-55238.0;490
201600027534;16;4;19;1310;1;2;6;1;6.0;7;GRAND LAUNAY;M;4746560.0;-59507.0;490
201600027537;16;4;24;1900;1;2;2;1;1.0;7;BOISNET RUE;M;4747437.0;-55237.0;490
201600027542;16;4;26;2048;2;2;2;1;3.0;7;BEAUREPAIRE;M;4747445.0;-56027.0;490
201600027545;16;4;29;650;1;2;5;1;3.0;7;BLANCHOIN BOULEVARD;M;4744452.0;-55133.0;490
201600027548;16;5;3;1833;1;2;1;1;7.0;7;15, GALLIENI BOULEVARD;M;4748650.0;-52975.0;490
201600027549;16;5;4;1105;1;2;1;1;7.0;7;ROMANERIE BOULEVARD;M;4748274.0;-50400.0;490
201600027557;16;4;9;931;1;2;1;2;7.0;7;LETANDUERE;M;4745957.0;-55446.0;490
201600027558;16;5;9;931;1;2;1;2;7.0;7;LETANDUERE;M;4745909.0;-55436.0;490
201600027559;16;5;10;2040;2;2;1;1;6.0;7;CHAFFAUDS;M;4745588.0;-55853.0;490
201600027575;16;5;23;835;1;2;1;1;1.0;7;330, SAINT LEONARD;M;4745976.0;-52301.0;490
201600027576;16;5;24;1000;1;2;3;1;3.0;7;GASNIER AVENUE;M;4748325.0;-56973.0;490
201600027577;16;5;26;1010;1;2;1;1;2.0;7;PASTEUR AVENUE;M;4747647.0;-53287.0;490
201600027580;16;5;25;824;1;2;1;1;7.0;7;ECCE HOMO BOULEVARD;M;4746462.0;-56539.0;490
201600027582;16;5;28;1208;1;2;1;1;7.0;7;DOYENNE BOULEVARD;M;4749073.0;-53217.0;490
201600027587;16;6;1;1652;1;2;1;1;3.0;7;COUBERTIN BOULEVARD;M;4746304.0;-53216.0;490
201600027589;16;5;6;1806;1;2;1;1;6.0;7;0, DAVIERS BOULEVARD;M;4747933.0;-56002.0;490
201600027592;16;6;7;657;1;2;6;1;2.0;15;rue nationale;M;4751257.0;-59736.0;490
201600027594;16;6;9;1845;1;2;1;1;6.0;7;90, QUINCONCE;M;4746742.0;-53950.0;490
201600027595;16;6;13;400;5;2;1;1;7.0;7;13, LETANDUERE;M;4746060.0;-55453.0;490
201600027609;16;6;13;738;1;2;1;1;7.0;7;VIGNE PLACE ET RUE;M;4747520.0;-58564.0;490
201600027614;16;6;23;1920;1;2;1;1;3.0;7;111, PATTON AVENUE;M;4747339.0;-59154.0;490
201600027615;16;6;23;1429;1;2;1;1;1.0;7;45, RUE RECOUVREUR;M;4745354.0;-55772.0;490
201600027616;16;6;18;1523;1;2;1;1;3.0;7;RUE FLORE;M;4747297.0;-54792.0;490
201600027622;16;7;2;1405;1;2;1;1;1.0;7;27, FORT( PAUL);M;4748799.0;-56154.0;490
201600027624;16;7;4;905;1;2;1;1;2.0;7;52, COUBERTIN BOULEVARD;M;4745984.0;-53289.0;490
201600027627;16;7;5;1301;1;2;6;1;3.0;7;ARAGON AVENUE;M;4747175.0;-56690.0;490
201600027628;16;7;4;1612;1;2;1;1;2.0;7;8, Av PASTEUR;M;4747174.0;-54252.0;490
201600027639;16;7;18;1246;1;2;1;1;6.0;7;Parking Leclerc;M;4748298.0;-57544.0;490
201600027644;16;7;21;830;1;2;1;1;3.0;246;1, MOULIN MARCILLE CHEMI;M;4743768.0;-50652.0;490
201600027649;16;7;23;1845;1;2;1;1;6.0;7;0, ARNAULD ( HENRI) BOUL;M;4747235.0;-56344.0;490
201600027651;16;7;27;935;1;2;1;1;6.0;15;CROIX CADEAU LIEU DIT;M;4752051.0;-61136.0;490
201600027660;16;8;6;1740;1;2;1;1;6.0;7;PLANTAGENET;M;4747277.0;-55491.0;490
201600027678;16;8;31;925;1;2;1;1;3.0;246;Av MOULIN MARCILLE;M;4743791.0;-50821.0;490
201600027682;16;9;3;2135;5;2;1;1;7.0;15;251, MENDES FRANCE AVENU;M;4750917.0;-59235.0;490
201600027688;16;9;9;1220;1;2;1;1;6.0;7;65 RUE DE LA TREILLE;M;4746213.0;-52912.0;490
201600027697;16;9;14;2155;5;2;1;1;6.0;267;MARMITIERE;M;4748489.0;-51712.0;490
201600027707;16;9;21;1425;1;2;6;1;6.0;7;RABELAIS;M;4745833.0;-54494.0;490
201600027709;16;9;21;1345;1;2;6;1;6.0;7;0, BEAUSSIER BOULEVARD;M;4747809.0;-59847.0;490
201600027712;16;9;29;1235;1;2;1;1;7.0;7;39, COUBERTIN BOULEVARD;M;4746255.0;-53224.0;490
201600027713;16;9;29;845;1;2;1;1;6.0;7;MILLOT BOULEVARD JACQUES;M;4745709.0;-53332.0;490
201600027723;16;10;4;1335;1;2;1;1;7.0;7;0, BASSE CHAINE PONT;M;4747003.0;-56226.0;490
201600027727;16;10;6;1541;1;2;2;7;3.0;7;0, CARNOT;M;4747442.0;-54688.0;490
201600027730;16;10;7;1530;1;2;1;1;6.0;7;8, PASTEUR AVENUE;M;4747178.0;-54258.0;490
201600027737;16;10;15;1103;1;2;1;1;7.0;7;120, LETANDUERE;M;4745861.0;-55433.0;490
201600027740;16;10;17;1804;1;2;6;1;1.0;7;ARAGON AVENUE;M;4747202.0;-56703.0;490
201600027748;16;10;24;1845;2;2;2;1;3.0;7;POCQUET DE LIVONNIERE;M;4747314.0;-54844.0;490
201600027762;16;11;3;1405;1;2;4;1;3.0;7;0, MICHELET;M;4746472.0;-54537.0;490
201600027768;16;11;8;1840;5;2;1;1;1.0;7;COUBERTIN BOULEVARD;M;4746061.0;-53271.0;490
201600027770;16;11;8;1945;5;2;1;1;6.0;7;BD AYRAULT;M;4747632.0;-55055.0;490
201600027789;16;11;19;1137;1;2;6;1;6.0;7;CHURCHILL AVENUE;M;4744908.0;-55943.0;490
201600027797;16;12;1;912;1;2;6;1;3.0;7;0, LAKANAL;M;4747712.0;-59896.0;490
201600027810;16;12;5;1147;1;2;1;1;6.0;7;137, PASTEUR AVENUE;M;4747492.0;-53586.0;490
201600027820;16;12;8;1745;1;2;1;1;6.0;7;07, ALSACE;M;4747015.0;-55021.0;490
201600027824;16;12;9;1304;1;2;1;1;6.0;7;BEAUSSIER BOULEVARD;M;4747824.0;-59851.0;490
201600027833;16;12;14;1910;5;2;1;1;6.0;7;DUPETIT THOUARS;M;4746242.0;-55249.0;490
201600027834;16;12;14;1630;1;2;1;1;6.0;7;CAMUS BOULEVARD;M;4748350.0;-57606.0;490
201600027843;16;12;26;1250;1;2;1;8;1.0;246;7, GAULLE RUE CHARLES DE;M;4742460.0;-52496.0;490
201600027845;16;12;27;1959;5;2;2;8;6.0;7;PONTS DE CE;M;4744863.0;-53665.0;490
201600027854;16;1;13;1700;1;1;3;1;1.0;99;Rue de St Antoine;M;4704852.0;-91790.0;490
201600027882;16;11;22;1645;1;2;2;1;3.0;99;PORTE BARON (RUE DE LA);M;4705263.0;-86937.0;490
201600027897;16;6;10;1400;1;2;1;1;3.0;328;103, FOUCHARD (RUE DU PO;M;4724407.0;-9642.0;490
201600027903;16;7;22;2000;1;2;1;1;6.0;328;139, ROUEN (RUE DE);M;4727411.0;-6196.0;490
201600027906;16;8;14;930;1;2;1;1;3.0;328;RESISTANCE (PLACE DE LA);M;4726732.0;-6973.0;490
201600027910;16;10;5;1010;1;2;1;1;3.0;328;DELESSERT (BOULEVARD BEN;M;4725752.0;-8803.0;490
201600027915;16;12;8;2025;5;2;6;1;3.0;328;MUSEE DU MOTEUR (RD-POIN;M;4725201.0;-8734.0;490
201600027929;16;1;20;750;5;2;1;1;1.0;129;AVENUE BREMERHAVEN;M;4963090.0;-160534.0;500
201600027955;16;3;1;1215;1;2;1;3;3.0;129;RU DE L'ABBAYE;M;4964430.0;-163290.0;500
201600027970;16;4;4;1240;1;2;3;1;7.0;129;R P TALLUAU/R CHRISTINE;M;4964050.0;-162757.0;500
201600027991;16;5;10;640;2;2;1;2;7.0;129;QUAI ALEXANDRE III;M;4963590.0;-162210.0;500
201600027992;16;5;10;1315;1;1;1;1;7.0;602;ROUTE DES COUPLETS;M;4965050.0;-155365.0;500
201600028000;16;5;25;930;1;2;1;1;7.0;602;BOULEVARD MARITIME;M;4964790.0;-159152.0;500
201600028001;16;5;19;835;1;2;2;1;3.0;129;Q LAWTON COLLINS/VAL SAI;M;4963910.0;-161936.0;500
201600028003;16;5;29;45;5;2;3;1;7.0;129;R DE L'ABBAYE/AM GAUCHET;M;4964410.0;-163163.0;500
201600028016;16;5;27;2110;1;2;1;1;6.0;173;AVENUE DE TOURVILLE;M;4965100.0;-165195.0;500
201600028019;16;6;26;1945;1;2;1;1;7.0;602;CITE CLAIR LOGIS;M;4964740.0;-159116.0;500
201600028027;16;7;7;1810;1;2;4;1;3.0;129;AV M LECLERC/CH AIGUILLO;M;4963610.0;-163692.0;500