Num_Acc;an;mois;jour;hrmn;lum;agg;int;atm;col;com;adr;gps;lat;long;dep
201600028029;16;7;13;1635;1;2;2;1;3.0;129;BD SCHUMAN/R GAMBETTA;M;4963820.0;-162528.0;500
201600028050;16;9;4;1315;1;2;3;8;3.0;129;PONT TOURNANT;M;4963920.0;-162086.0;500
201600028051;16;9;6;1205;1;2;2;1;7.0;173;BD SALINE/R VAUBAN;M;4965390.0;-164910.0;500
201600028057;16;9;23;1805;1;2;1;1;3.0;602;AVENUE DES PRAIRIES;M;4963910.0;-157358.0;500
201600028068;16;11;2;1425;1;2;1;1;3.0;173;RUE DU BRETON;M;4965630.0;-169707.0;500
201600028076;16;11;11;1330;1;1;2;1;5.0;129;AV CESSART/R DE L'ONGLET;M;4964450.0;-162731.0;500
201600028081;16;11;16;1955;5;2;6;1;3.0;129;ROND POINT DE THEMIS;M;4963460.0;-161321.0;500
201600028095;16;12;5;1430;1;2;2;1;1.0;129;R SADI CARNOT/R SALENGRO;M;4962910.0;-164111.0;500
201600028112;16;5;5;1145;1;2;6;1;3.0;147;GEOFFROY DE MONTBRAY;M;4903960.0;-144733.0;500
201600028114;16;7;13;935;1;1;1;1;2.0;376;ROUTE DE GAVRAY;M;4903510.0;-144096.0;500
201600028132;16;5;24;545;2;2;2;1;3.0;218;ROUTE DE VILLEDIEU;M;4883750.0;-154669.0;500
201600028171;16;8;10;900;1;2;6;1;1.0;502;RUE ALSACE LORRAINE;M;4911660.0;-110208.0;500
201600028176;16;10;4;1235;1;2;1;1;6.0;502;BD DE LA DOLLEE;M;4911900.0;-108631.0;500
201600028195;16;5;12;1355;1;2;1;8;3.0;108;RUE JEAN JAURES;M;4895402.0;435002.0;510
201600028196;16;6;1;1500;1;2;1;1;3.0;108;2 AVENUE DU MAL LECLERC;M;4895317.0;436064.0;510
201600028204;16;10;5;1305;1;2;1;1;3.0;108;RUE D'ORLEANS;M;4895185.0;434943.0;510
201600028205;16;10;5;1645;1;2;2;1;3.0;108;D1/PARC DES EXPOS;M;4894539.0;437950.0;510
201600028233;16;1;12;1200;1;2;1;1;6.0;454;29 RUE FRANCOIS DOR;M;4924661.0;401000.0;510
201600028235;16;1;13;1225;1;2;1;1;3.0;55;2 ROUTE DE REIMS;M;4928318.0;405661.0;510
201600028243;16;1;28;1020;1;2;1;1;1.0;454;AVENUE DE LAON;M;4927020.0;402215.0;510
201600028270;16;3;3;755;1;2;1;1;2.0;454;11 RUE GASTON BOYER;M;4926164.0;402031.0;510
201600028278;16;3;11;1710;1;2;1;1;2.0;454;BRET. ACCES PT DE GAULLE;M;4924936.0;402447.0;510
201600028285;16;3;17;1115;1;2;1;1;3.0;454;RUE PONSARDIN;M;4925692.0;403808.0;510
201600028299;16;4;12;1115;1;1;1;1;3.0;454;22 BIS BD L. ROEDERER;M;4925683.0;402292.0;510
201600028311;16;4;24;1900;1;2;1;1;3.0;454;38 RUE DES ELUS;M;4925524.0;403083.0;510
201600028314;16;4;26;1436;1;2;2;8;3.0;454;RUES E. MIGNOT/G. BOYER;M;4926034.0;402229.0;510
201600028318;16;4;30;1935;1;2;1;1;2.0;454;27BIS BD ROBESPIERRE;M;4926993.0;403005.0;510
201600028326;16;5;10;1845;1;2;1;1;1.0;454;1 AVENUE DE PARIS;M;4924906.0;401541.0;510
201600028334;16;5;19;1200;1;2;7;1;3.0;454;PLACE ROYALE/RUE CARNOT;M;4925534.0;403371.0;510
201600028358;16;6;20;2300;5;2;6;2;6.0;454;BD WILSON/F. D ESPEREY;M;4924191.0;401776.0;510
201600028360;16;6;21;2232;5;2;1;2;1.0;454;N44;M;4926245.0;402876.0;510
201600028362;16;6;23;2200;4;2;6;1;3.0;454;DE CONTANT/DE SERBIE;M;4923221.0;403332.0;510
201600028368;16;7;2;2100;1;2;1;1;3.0;454;BD SAINT MARCEAUX;M;4925196.0;404356.0;510
201600028369;16;7;13;1745;1;2;6;1;3.0;454;RUE DU DOCTEUR LEMOINE;M;4926752.0;403721.0;510
201600028378;16;8;10;945;1;2;1;1;2.0;454;RUE HINCMAR;M;4925206.0;403157.0;510
201600028389;16;8;21;1740;1;2;2;1;3.0;454;R. 2 CITE/FOSSE JEAN FAT;M;4927679.0;403014.0;510
201600028411;16;9;13;1935;1;2;3;1;3.0;454;VASCO DE GAMMA/DESCARTES;M;4922816.0;403580.0;510
201600028412;16;9;14;1710;1;2;2;1;6.0;454;AVE NATIONALE/DE BETHENY;M;4928656.0;400802.0;510
201600028419;16;9;20;1715;1;2;1;1;1.0;454;46 BOULEVARD LUNDY;M;4926087.0;403456.0;510
201600028432;16;9;29;1220;1;2;1;1;3.0;454;RUE ROSSET;M;4927614.0;401820.0;510
201600028434;16;10;1;1545;1;2;1;1;3.0;454;RUE DU JARD;M;4925035.0;403453.0;510
201600028436;16;10;5;1350;1;2;3;1;1.0;454;AVE EPERNAY/DE NARBONNE;M;4923312.0;401440.0;510
201600028443;16;10;8;1410;1;2;1;1;3.0;454;AVENUE JEAN JAURES;M;4925868.0;404284.0;510
201600028445;16;10;10;540;5;2;1;1;2.0;454;AVENUE HENRI FARMAN;M;4923779.0;406611.0;510
201600028481;16;11;17;1612;1;2;6;1;1.0;454;BOULEVARD ALBERT 1ER;M;4926481.0;400997.0;510
201600028482;16;11;18;1015;1;2;1;1;3.0;454;AVENUE NATIONALE;M;4928323.0;401104.0;510
201600028483;16;11;19;1400;1;2;1;1;3.0;454;RUE DES COUTURES;M;4924781.0;404746.0;510
201600028488;16;11;27;1530;1;1;3;1;3.0;454;RUE DE LOUVOIS/BRETELLE;M;4923130.0;403428.0;510
201600028505;16;12;17;2023;5;2;1;5;3.0;454;39 AVENUE DE PARIS;M;4924827.0;401090.0;510
201600028511;16;12;14;1800;5;2;3;1;3.0;121;CARNOT (AVENUE);M;4812133.0;513775.0;520
201600028513;16;11;7;1130;1;2;6;7;2.0;121;CARNOT (AVENUE);M;4811650.0;514033.0;520
201600028522;16;4;29;1630;1;2;3;1;6.0;121;REPUBLIQUE (AVENUE);M;4809836.0;514519.0;520
201600028524;16;6;9;1335;1;2;1;1;7.0;121;RD 143;M;4808644.0;514620.0;520
201600028526;16;7;6;725;1;2;3;1;6.0;121;RD 619;M;4811733.0;514055.0;520
201600028533;16;9;27;715;2;2;2;1;6.0;121;0  MARECHAL JUIN (BOULEV;M;4809912.0;515324.0;520
201600028535;16;1;31;1530;1;2;1;2;6.0;448;105, ETATS UNIS (AVENUE;M;4863626.0;497322.0;520
201600028556;16;9;10;2015;5;2;3;1;3.0;130;GAMBETTA ( QUAI );M;4807161.0;-77148.0;530
201600028629;16;7;12;1735;1;2;9;1;3.0;329;42, RUE DE LA POLOGNE;M;4858189.0;650438.0;540
201600028648;16;12;15;930;1;2;1;2;6.0;395;57, SAINT JEAN (RUE);;;;540
201600028657;16;1;11;1010;1;2;1;1;3.0;395;TOMBLAINE (RUE DE);M;0.0;0.0;540
201600028658;16;1;4;740;5;2;1;1;3.0;498;DE GAULLE (AVENUE DU GEN;;;;540
201600028662;16;1;13;1506;1;2;1;1;6.0;184;6, KLEBER (AVENUE);;;;540
201600028681;16;1;28;705;5;2;4;3;3.0;395;0, COMMANDERIE (RUE/PLAC;M;0.0;0.0;540
201600028684;16;2;3;1050;1;2;3;1;3.0;304;VILLERS (ROUTE DE);;;;540
201600028697;16;2;17;845;1;2;1;1;3.0;395;76, MON DESERT (RUE);M;4868352.0;617405.0;540
201600028714;16;3;4;1408;1;2;1;1;2.0;547;ECHTERNACH (RUE D');;;;540
201600028715;16;3;6;1230;1;1;1;2;3.0;482;WASHINGTON (RUE);;;;540
201600028726;16;3;14;1255;1;2;2;1;3.0;578;0, AIGUILLETTES  (BD 5 A;;;;540
201600028730;16;3;18;750;1;2;3;1;3.0;257;LANEUVEVILLE (ROUTE DE);;;;540
201600028735;16;3;18;1300;1;2;3;1;3.0;395;BRAILLE (RUE LOUIS);;;;540
201600028738;16;3;20;2130;5;2;1;1;2.0;395;40, LORRAIN (QUAI CLAUDE;;;;540
201600028749;16;3;10;1700;1;2;1;1;6.0;395;127, LOBAU (BOULEVARD);;;;540
201600028761;16;4;25;700;1;2;1;1;1.0;395;87, LECLERC (AV. DU GENE;;;;540
201600028770;16;3;31;1430;1;2;1;1;3.0;395;BROT (Rond-Point Marcel);;;;540
201600028777;16;4;27;1320;1;2;2;1;2.0;304;MOSELLE (RUE DE LA);;;;540
201600028786;16;5;11;1725;1;2;3;2;3.0;395;0, TIERCELINS (RUE DES);;;;540
201600028798;16;5;19;1555;1;2;2;1;3.0;197;LUPCOURT (ROUTE DE);;;;540
201600028821;16;6;6;1300;1;2;1;1;3.0;482;85, CARNOT (AVENUE);;;;540
201600028825;16;5;29;2049;1;2;3;1;3.0;395;ISABEY (RUE);;;;540
201600028829;16;6;17;2000;1;2;7;1;3.0;395;MILHAUD (PLACE DARIUS);;;;540
201600028831;16;6;18;1850;1;2;1;1;3.0;547;MARKEN (ALLEE DE);;;;540
201600028838;16;6;23;1805;1;2;4;1;3.0;395;LEOPOLD (COURS);;;;540
201600028846;16;7;4;448;5;1;1;1;5.0;184;RD 674;;;;540
201600028849;16;6;24;922;1;2;1;1;3.0;547;32, HUITIEME REGIMENT D';;;;540
201600028852;16;6;28;1245;1;2;1;1;6.0;547;CHARMOIS (AVENUE DU);;;;540
201600028854;16;7;8;1610;1;2;2;1;3.0;395;AMERICAN LEGION  (BD DE;;;;540
201600028882;16;8;8;1825;1;2;1;1;3.0;274;RAMEAU (RUE JEAN PHILIPP;;;;540
201600028884;16;8;10;1525;1;2;1;1;3.0;395;VINGTIEME CORPS (AVENUE;;;;540
201600028888;16;8;15;2030;1;2;6;1;1.0;395;ARMEE PATTON (RUE DE L');;;;540
201600028889;16;8;19;1050;1;2;1;1;6.0;395;16, FOCH (AVENUE 2 A 16/;;;;540
201600028890;16;8;23;1240;1;2;1;1;6.0;274;113 B, REPUBLIQUE (RUE D;;;;540
201600028895;16;8;29;1510;1;2;1;1;3.0;495;CHATEAU (AVENUE DU);;;;540
201600028908;16;9;10;1855;1;2;1;1;3.0;265;108, SAINT EXUPERY (Rue);;;;540
201600028922;16;9;27;2100;5;2;3;1;3.0;304;HARDEVAL (RUE D');M;4867962.0;615309.0;540
201600028923;16;9;28;1205;1;2;1;1;6.0;395;COLLIGNON (Avenue et Pon;M;4868711.0;619553.0;540
201600028926;16;9;28;1945;5;2;2;1;6.0;395;MON DESERT (RUE);M;4868276.0;616888.0;540
201600028938;16;10;4;850;1;2;1;1;2.0;395;67, BERTIN (RUE EMILE);M;4867944.0;616171.0;540
201600028943;16;10;11;744;1;2;2;1;7.0;547;FRERE (RUE DU GENERAL);M;4866140.0;616901.0;540
201600028951;16;10;18;1305;1;2;3;1;3.0;395;LORRAIN (QUAI CLAUDE LE);M;4869062.0;617361.0;540
201600028960;16;10;24;1400;1;2;1;1;6.0;395;26, SAINT NICOLAS (RUE R;M;4868933.0;618514.0;540
201600029003;16;11;23;1523;1;2;1;1;3.0;395;Marcel BROT (Rue et Rond;;;;540
201600029012;16;10;20;1405;1;2;1;1;3.0;300;0, CANAL DE L'EST (CHEMI;M;4865983.0;623133.0;540
201600029022;16;12;9;755;1;2;3;1;3.0;395;MOUILLERON (RUE GABRIEL);M;4868476.0;617369.0;540
201600029028;16;12;20;1655;5;2;2;1;6.0;395;AMERICAN LEGION  (BD DE;M;0.0;0.0;540
201600029051;16;7;29;940;1;2;1;1;3.0;167;RD909;M;4867327.0;592608.0;540
201600029053;16;9;23;1720;1;2;1;1;3.0;528;COLONEL PECHOT (AVENUE D;M;0.0;0.0;540
201600029054;16;9;28;1750;1;2;1;1;1.0;528;PONT CHARDON;M;4868870.0;588847.0;540
201600029060;16;5;15;1340;1;2;3;1;7.0;580;0, BARBUSSE HENRI (RUE);M;4947064.0;593048.0;540
201600029087;16;4;12;1745;1;2;1;1;3.0;505;CHEMINOTS (DES );M;4916869.0;536218.0;550
201600029094;16;7;17;1930;1;2;1;1;3.0;545;20, DOUAUMONT ( AVENUE D;M;4916002.0;538754.0;550
201600029107;16;1;6;1525;1;2;1;1;6.0;98;34, CROIZAT ( AVE AMBROI;M;4777220.0;-334813.0;560
201600029110;16;1;11;931;1;2;1;1;3.0;162;0, DASSAULT (PLACE MARCE;M;4773388.0;-342427.0;560
201600029115;16;1;15;2030;5;2;1;5;3.0;98;13, KESLER-DEVILLERS ( A;M;4776970.0;-334883.0;560
201600029147;16;3;3;1826;1;2;6;2;2.0;121;76, DE GAULLE ( AVE DU G;M;4774131.0;-337299.0;560
201600029148;16;3;6;1255;1;2;1;1;3.0;121;0, PONT CHINOIS ( PL DU;M;4775447.0;-337565.0;560
201600029156;16;3;21;1451;1;2;1;1;7.0;121;67, BLUM ( BD LEON );M;4774782.0;-337530.0;560
201600029157;16;3;25;1433;1;1;1;1;2.0;83;0, MANE EL CULF (LIEU-DI;M;4782030.0;-329472.0;560
201600029164;16;4;5;1850;1;2;1;1;3.0;121;0, SAINT-MARCEL (RUE);M;4774675.0;-338145.0;560
201600029180;16;4;20;1210;1;2;1;1;3.0;121;0, KERLOUANO (RUE  DE );M;4776035.0;-339326.0;560
201600029183;16;4;23;1113;1;2;1;1;3.0;107;20, DUNES (BOULEVARD DES;M;4770996.0;-337593.0;560
201600029186;16;4;26;1605;1;2;1;1;2.0;107;0, BEAURIVAGE (RUE);M;4770692.0;-338368.0;560
201600029188;16;4;29;1805;1;2;1;2;3.0;121;0, NORMANDIE ( BD ET IMP;M;4775974.0;-336641.0;560
201600029198;16;5;17;430;5;1;1;1;7.0;121;0, KERMELO ( ET IMP. DE;M;4773535.0;-338535.0;560
201600029201;16;5;20;855;1;2;1;2;2.0;98;29, REPUBLIQUE (RUE DE L;M;4775697.0;-334404.0;560
201600029223;16;6;17;1700;1;2;2;1;3.0;121;0, FERRY ( PL. JULES );M;4774685.0;-336603.0;560
201600029224;16;6;18;1530;1;2;2;1;3.0;121;50, GALLIENI ( BD MARECH;M;4773747.0;-337812.0;560
201600029225;16;6;20;1855;1;2;1;1;3.0;121;52, CHENAILLER DIT COLON;M;4773597.0;-338989.0;560
201600029226;16;6;21;850;1;2;6;2;3.0;98;0, PEN MANE (RUE DE);M;4775944.0;-332639.0;560
201600029228;16;6;22;1607;1;2;1;1;6.0;121;29, VERDUN (RUE  DE );M;4775852.0;-336530.0;560
201600029229;16;6;23;1145;1;2;6;3;2.0;121;0, KERLIN (RUE  DE );M;4774725.0;-337657.0;560
201600029239;16;7;8;1055;1;2;1;1;2.0;107;LE PORT (ROGER BOULEVARD;M;4772253.0;-337702.0;560
201600029256;16;7;29;1650;1;2;1;1;3.0;121;1, VIENNET (RUE  GUILLAU;M;4773712.0;-337891.0;560
201600029271;16;8;11;1720;1;1;1;1;7.0;107;0, BOUCHON (RUE DU GRAND;M;4772333.0;-338243.0;560
201600029276;16;8;14;1817;1;2;1;1;7.0;83;13, SAINT-CARADEC ( ET Q;M;4780508.0;-328350.0;560
201600029277;16;8;17;220;5;2;1;1;3.0;121;0, BEAUVAIS (RUE);M;4775586.0;-336581.0;560
201600029281;16;8;21;1530;1;2;1;1;7.0;121;2, FAURE (RUE  GABRIEL );M;4776589.0;-337410.0;560
201600029284;16;8;22;1325;1;2;1;1;3.0;121;0, DE GAULLE ( AVE DU GE;M;4774239.0;-336950.0;560
201600029285;16;8;26;1615;1;2;6;1;3.0;107;0, KERHOAS (RUE DE);M;4772309.0;-339043.0;560
201600029286;16;8;26;1738;1;2;1;1;7.0;98;0, LANN-SEVELIN (ROND PO;M;4777766.0;-334396.0;560
201600029293;16;8;31;1745;1;2;1;1;3.0;121;0, BOVE ( COURS DE LA );M;4774775.0;-335905.0;560
201600029297;16;9;3;1015;1;2;1;1;6.0;162;0, SAINT BIEUZY (RUE DE);M;4773576.0;-342871.0;560
201600029303;16;9;11;1238;1;2;3;1;3.0;98;24, MITTERAND ( AV. FRAN;M;4776641.0;-333466.0;560
201600029306;16;9;16;7;5;2;1;1;2.0;121;38, ORADOUR SUR GLANE (;M;4775705.0;-337167.0;560
201600029307;16;9;16;1430;1;2;1;1;3.0;121;1, DUNANT (RUE  HENRI );M;4775067.0;-337596.0;560
201600029311;16;9;11;1559;1;2;1;1;7.0;121;0, PONT CARRE (RUE  DE );M;4774677.0;-335805.0;560
201600029312;16;9;13;1628;1;2;1;1;7.0;121;53, BLUM ( BD LEON );M;4774861.0;-337423.0;560
201600029313;16;9;23;1700;1;2;1;1;7.0;162;0, FORT BLOQUE (RUE DU);M;4773658.0;-343249.0;560
201600029322;16;10;6;1539;1;2;1;1;6.0;121;0, BOLLARDIERE (RUE  GEN;M;4775780.0;-339030.0;560
201600029327;16;10;11;1442;1;2;1;1;2.0;121;2, FOCH (RUE  MARECHAL );M;4775183.0;-336509.0;560
201600029337;16;10;18;1540;1;2;1;1;3.0;121;27, MONISTROL (RUE);M;4773813.0;-338180.0;560
201600029356;16;11;8;1652;1;2;6;2;3.0;121;80, BLUM ( BD LEON );M;4774726.0;-337642.0;560
201600029371;16;11;30;1610;1;2;1;1;7.0;121;0, PLENENO ( RD PT DU );M;4776030.0;-338961.0;560
201600029372;16;12;1;1110;1;2;1;1;6.0;121;0, FAOUEDIC ( AVE DU );M;4774756.0;-336519.0;560
201600029378;16;12;7;820;2;2;6;5;3.0;121;0, BLUM ( BD LEON );M;4774727.0;-337643.0;560
201600029392;16;8;13;1115;1;2;1;1;1.0;60;PK 26.750;M;4376950.0;359588.0;340
201600029398;16;1;19;855;5;2;1;1;6.0;260;., BILLAULT(RUE);M;4765876.0;-275832.0;560
201600029406;16;4;11;1830;1;2;2;1;3.0;260;HUGO(AVENUE VICTOR) 1 A;M;4766134.0;-275711.0;560
201600029412;16;5;14;1740;1;2;1;1;3.0;260;28, CHURCHILL(RUE WINSTO;M;4764429.0;-277132.0;560
201600029417;16;5;25;1218;1;2;2;1;1.0;260;., HUGO(AVENUE VICTOR) 1;M;4766145.0;-275713.0;560
201600029425;16;7;16;1204;1;2;1;1;6.0;260;., DECKER(RUE FRANCIS);M;4765533.0;-275552.0;560
201600029428;16;8;5;1000;1;2;4;1;3.0;260;., LE PONTOIS(RUE ALEXAN;M;4765492.0;-275600.0;560
201600029440;16;9;28;740;5;2;1;2;3.0;260;., POMPIDOU(AVENUE GEORG;M;4766367.0;-276663.0;560
201600029441;16;10;7;750;2;2;3;1;3.0;260;., LE BARTZ(RUE GUILLAUM;M;4764682.0;-277897.0;560
201600029452;16;11;24;752;5;2;6;1;3.0;260;., BOHALGO(GIRATOIRE);M;4766153.0;-272571.0;560
201600029457;16;12;14;1405;1;2;6;1;3.0;260;., EVECHE(GIRATOIRE DE L;M;4765347.0;-274111.0;560
201600029467;16;8;17;1845;1;2;1;1;3.0;392;Le Bourg;M;4459389.0;-28300.0;330
201600029486;16;7;31;1357;1;2;1;1;2.0;606;22, CLEMENCEAU (AVENUE G;M;4910638.0;670500.0;570
201600029495;16;9;13;1718;1;2;6;1;3.0;597;CD9;M;4925665.0;607277.0;570
201600029536;16;6;6;1705;1;2;1;1;3.0;412;15, SAINT SYMPHORIEN (BO;M;4911175.0;615989.0;570
201600029538;16;6;6;1050;1;2;6;1;3.0;487;00, JOUY (ROUTE DE );M;4908172.0;610892.0;570
201600029548;16;6;30;2040;1;2;2;1;3.0;463;00, LECLERC DE HAUTECLOC;M;4910936.0;617024.0;570
201600029551;16;7;29;1325;1;2;1;1;3.0;751;10, VICTOR POULAIN (RUE;M;4915016.0;616482.0;570
201600029560;16;9;3;1235;1;2;3;1;6.0;463;83, GEORGES DUCROCQ (RUE;M;4910329.0;618757.0;570
201600029561;16;9;8;1404;1;1;1;1;6.0;480;1, FRESCATY (RUE DE );M;4909356.0;615120.0;570
201600029565;16;9;21;1640;1;1;1;1;6.0;447;00, RD5b;M;4905654.0;613657.0;570
201600029570;16;9;29;1955;5;2;1;1;3.0;463;92, XX EME CORPS AMERICA;M;4909907.0;616145.0;570
201600029571;16;10;4;845;1;2;6;1;3.0;447;0, BRETAGNE (RUE DE);M;4906013.0;616327.0;570
201600029586;16;11;25;1636;2;2;1;1;3.0;463;00, BELLE ISLE (RUE );M;4912104.0;616851.0;570
201600029606;16;5;8;1100;1;2;3;7;6.0;630;REBBERG (DU);M;4872625.0;705366.0;570
201600029658;16;5;26;1410;1;2;1;1;2.0;221;37, GARE (RUE DE LA);M;4932866.0;611645.0;570
201600029678;16;11;9;920;1;2;2;2;3.0;672;CLEMENCEAU (AVENUE) 1 A;M;4936136.0;616551.0;570
201600029688;16;12;12;1750;5;2;1;1;3.0;757;ILLANGE (ROUTE D');M;4934398.0;617681.0;570
201600029693;16;8;25;1145;1;2;1;1;3.0;259;280 RTE DE PARIS;M;0.0;0.0;450
201600029709;16;1;8;1305;1;2;1;2;6.0;194;SANS, JEAN GAUTHERIN;M;4699764.0;316440.0;580
201600029712;16;1;16;1545;1;2;1;1;7.0;194;SANS, RAVELIN;M;;;580
201600029715;16;1;27;1340;1;2;1;1;1.0;194;37, NIEVRE;M;4699041.0;316554.0;580
201600029728;16;4;10;1220;1;2;1;1;1.0;194;SANS, HENRI BOUQUILLARD;M;;;580
201600029732;16;4;18;1720;1;2;3;1;1.0;194;SANS, MARECHAL JUIN;M;4700426.0;315413.0;580
201600029733;16;4;22;1130;1;2;6;1;2.0;194;SANS, Rond point de la L;M;4697800.0;312497.0;580
201600029739;16;5;29;1620;1;2;1;1;7.0;194;BILLEREUX;M;4698326.0;314904.0;580
201600029746;16;6;14;1825;1;2;1;2;3.0;194;CHAMP DE FOIRE (RUE);;;;580
201600029753;16;7;20;800;1;2;1;1;7.0;194;FOSSE AUX LOUPS;;;;580
201600029757;16;7;27;900;1;2;3;1;1.0;194;SANS, MARZY;M;4698881.0;312672.0;580
201600029766;16;9;1;1718;1;2;1;1;2.0;194;3 bis, SAINT BENIN;M;4698703.0;314747.0;580
201600029776;16;10;7;800;1;2;3;1;6.0;194;sans, GENERAL DE GAULLE;M;4698755.0;315175.0;580
201600029843;16;5;3;1710;1;1;1;1;1.0;17;IGNORE, BLUM  (AVENUE LE;;;;590
201600029844;16;5;5;920;1;2;1;1;6.0;43;6542, CASSEL (RUE DE);;;;590
201600029848;16;7;19;1500;1;2;1;1;6.0;17;49, NATIONALE (RUE);;;;590
201600029850;16;8;5;1050;1;2;3;1;3.0;17;0, CARNOT (RUE SADI );;;;590
201600029867;16;12;8;1445;1;2;3;1;3.0;17;BEAUVAIS (QUAI DE);;;;590
201600029874;16;3;3;530;5;2;1;3;1.0;122;LIBERTE (BOULEVARD DE LA;;;;590
201600029889;16;11;27;1945;5;2;9;1;2.0;616;CABY (RUE MARCEL );;;;590
201600029891;16;12;5;1000;1;2;3;1;2.0;205;GUESDE (R. JULES);;;;590
201600029900;16;2;27;435;5;2;1;1;6.0;361;1285, JAURES (RES. JEAN);M;5019016.0;21423.0;590
201600029909;16;7;27;1745;1;2;1;1;2.0;172;BRUNET (R. ARTHUR);;;;590
201600029934;16;3;27;400;3;1;1;2;2.0;486;Rue d'Orchies;M;5042678.0;315149.0;590
201600029937;16;5;5;1330;1;2;4;1;6.0;2;08, JARDINAGE (RUE DU);M;5023228.0;307216.0;590
201600029938;16;4;15;850;1;2;1;1;6.0;486;334, NATIONALE (RUE);M;5041327.0;313547.0;590
201600029942;16;5;16;1050;1;2;2;1;2.0;8;110, DRION (BOULEVARD);M;5032397.0;325266.0;590
201600029948;16;5;30;1630;1;2;1;3;6.0;178;09, PONT DE LA DEULE (RU;M;5023415.0;305122.0;590
201600029953;16;8;15;1435;1;2;3;1;3.0;509;BROSSOLETTE (RUE PIERRE);M;5041772.0;309883.0;590
201600029960;16;9;23;1820;1;2;1;1;3.0;28;13, ARAGON (RUE LOUIS);M;;;590
201600029982;16;2;6;1850;3;2;6;1;3.0;183;., NANCY;M;5101780.0;233294.0;590
201600029987;16;2;13;143;3;2;1;1;3.0;183;MARECHAUX DE FRANCE;;;;590
201600029993;16;4;17;1745;1;2;2;1;1.0;155;GUESDE JULES;M;5101133.0;221065.0;590
201600029996;16;4;22;1015;1;2;1;1;1.0;271;., FERRER FRANCISCO - AL;;;;590
201600030017;16;7;30;540;1;2;1;1;3.0;273;616, ESPLANADE (PLACE DE;M;5098519.0;212827.0;590
201600030033;16;10;14;1315;1;2;1;1;1.0;540;., VERDI - BOULEVARD;;;;590
201600030034;16;10;7;2035;5;2;1;1;3.0;273;10, LEBAS (RUE JEAN BAPT;;;;590
201600030039;16;11;25;1530;1;2;1;1;1.0;183;EUROPE - PONT;;;;590
201600030061;16;1;7;1300;1;2;2;2;3.0;350;METZ BOULEVARD;M;5062056.0;62056.0;590
201600030063;16;1;9;440;5;2;1;1;2.0;350;BIGO DANEL BOULEVARD Nø1;M;5062631.0;304030.0;590
201600030067;16;1;11;750;5;1;3;2;3.0;378;89, DERAIN RUE RAYMOND N;M;5067310.0;309210.0;590
201600030073;16;1;12;1945;5;1;1;1;2.0;350;44, FAUBOURG DE ROUBAIX;M;5063984.0;307919.0;590
201600030076;16;11;23;1230;1;2;1;1;2.0;350;, GAMBETTA LEON RUE N°2-;M;5062801.0;305126.0;590
201600030095;16;2;8;1035;1;2;2;7;1.0;350;80, BRULE MAISON RUE Nø;;;;590
201600030110;16;3;7;1130;1;2;1;8;3.0;350;8, POSTES RUE Nø RESTE;M;5062822.0;305800.0;590
201600030124;16;4;18;850;1;2;2;1;3.0;350;200, NATIONALE RUE NøRES;M;5063216.0;305097.0;590
201600030131;16;3;8;710;1;2;1;1;1.0;350;POSTES RUE Nø RESTE;;;;590
201600030137;16;4;9;1020;1;2;3;1;6.0;350;NOIRS RUE;M;5062952.0;309005.0;590
201600030141;16;5;26;1900;1;2;1;1;3.0;9;DOUMER PAUL RUE DU PRESI;;;;590
201600030147;16;6;8;1810;1;2;3;1;1.0;350;2, SALENGRO ROGER AVENUE;M;5038394.0;259189.0;590
201600030152;16;6;15;1720;1;2;2;1;3.0;350;107A, GAMBETTA LEON RUE;;;;590
201600030157;16;6;16;720;1;2;2;1;3.0;350;NATIONALE RUE N°RESTE PA;;;;590
201600030164;16;6;12;1115;1;2;3;1;3.0;527;MUCHAUX CHEMIN DES;M;;;590
201600030176;16;8;6;1810;1;2;1;1;3.0;350;JACQUART;;;;590
201600030183;16;8;6;2357;5;2;2;1;3.0;350;PRIMEURS RUE;M;5063194.0;305327.0;590
201600030184;16;9;5;1530;1;2;3;1;3.0;350;DUNKERQUE AVENUE DE;M;5064113.0;301830.0;590
201600030189;16;9;28;1100;1;2;3;1;3.0;636;NC, YPRES RUE D;;;;590
201600030192;16;9;15;1400;1;2;2;1;3.0;350;72, ARCOLE RUE D;M;5062304.0;304649.0;590
201600030203;16;9;13;1730;1;2;6;1;3.0;527;LILLE RUE DE Nø44 -104-6;;;;590
201600030204;16;10;20;1630;1;2;1;9;3.0;350;ESPLANADE FACADE;;;;590
201600030207;16;10;26;5;5;2;1;1;5.0;350;25, LEBAS JEAN BAPTISTE;M;5062662.0;306969.0;590
201600030214;16;11;24;1745;5;2;2;1;3.0;350;MERCIER ALPHONSE RUE;M;5063097.0;305219.0;590
201600030225;16;7;8;325;5;2;2;1;6.0;392;02, USINES (RUE DES);;;;590
201600030226;16;7;22;1140;1;1;1;1;2.0;543;62, AULNOYE (RUE D');;;;590
201600030231;16;1;7;925;1;2;6;3;3.0;646;GRAND COTTIGNIES (AVENUE;;;;590
201600030243;16;1;17;1845;5;2;1;1;6.0;650;LECLERC (RUE DU GENERAL);;;;590
201600030245;16;1;20;750;2;2;2;1;1.0;367;LECLERC (RUE DU GENERAL);;;;590