Num_Acc;an;mois;jour;hrmn;lum;agg;int;atm;col;com;adr;gps;lat;long;dep
201600030290;16;3;20;1110;1;2;1;1;2.0;512;BLANCHEMAILLE (RUE DE);;;;590
201600030293;16;3;23;1815;1;2;3;1;6.0;646;37, MARCQ EN BAROEUL (RU;;;;590
201600030320;16;4;26;1905;1;2;6;1;3.0;512;COQ FRANCAIS (RUE DU);;;;590
201600030333;16;5;19;940;1;2;1;1;3.0;512;660, NATIONS UNIES (AVEN;;;;590
201600030341;16;5;24;1115;1;2;6;1;6.0;512;313, DELORY (AVENUE GUST;;;;590
201600030352;16;6;15;1210;1;2;2;1;1.0;512;NADAUD (RUE);;;;590
201600030357;16;6;22;1145;1;2;6;1;2.0;650;EGALITE (BOULEVARD DE L';;;;590
201600030366;16;7;10;1805;1;2;2;1;3.0;512;EPEULE  (RUE DE L');;;;590
201600030374;16;7;9;1915;1;1;3;1;3.0;512;DELORY  (AVENUE GUSTAVE);;;;590
201600030385;16;7;28;1245;1;2;2;1;6.0;512;98, INKERMANN (RUE D');;;;590
201600030386;16;8;2;1320;1;2;3;2;2.0;512;DUNANT (RUE HENRI);;;;590
201600030406;16;9;8;1520;1;2;9;1;3.0;650;DELECOURT (RUE ALFRED);;;;590
201600030414;16;9;22;2145;5;2;1;1;3.0;512;102, MONTESQUIEU (BOULEV;;;;590
201600030426;16;10;6;2245;5;1;1;1;3.0;299;EUROPE (AVENUE DE L');;;;590
201600030442;16;11;8;2130;5;2;3;1;1.0;646;ALLENDE (RUE SALVADOR);;;;590
201600030481;16;2;9;830;1;2;6;3;3.0;599;SEMARD (PLACE PIERRE);;;;590
201600030492;16;5;3;1045;1;2;1;1;3.0;90;GAULLE (AVENUE DU GENERA;;;;590
201600030493;16;5;8;1545;1;2;1;1;3.0;599;, FRANCS (RUE DES);M;5071869.0;313983.0;590
201600030501;16;6;15;1615;1;2;1;1;6.0;599;., COLBERT (RUE);;;;590
201600030537;16;12;16;820;2;2;1;8;1.0;421;LORTHIOIS (RUE)320A356-2;;;;590
201600030539;16;12;19;1720;5;2;3;1;1.0;279;258, LYS (RUE DE LA);M;5076823.0;310323.0;590
201600030562;16;2;24;1700;2;2;1;1;3.0;564;339, JAURES (AVENUE JEAN;M;5034833.0;348636.0;590
201600030575;16;2;15;1700;1;2;1;1;6.0;447;00, JAURES (RUE JEAN);M;5038644.0;360002.0;590
201600030584;16;4;21;1745;1;2;1;1;2.0;459;82, 19 MARS 1962;M;;;590
201600030585;16;4;16;2020;1;2;1;1;2.0;606;5, GUISEZ (IMPASSE) - AV;M;;;590
201600030589;16;6;6;820;1;2;1;1;2.0;112;0.0, LAGRANGE (BOULEVARD;M;5039613.0;353288.0;590
201600030590;16;6;6;830;1;2;1;1;3.0;484;0.0, JAURES (AVENUE JEAN;M;5040052.0;365863.0;590
201600030601;16;6;2;1755;1;2;1;1;6.0;447;317, JAURES (RUE JEAN);M;;;590
201600030635;16;12;1;2315;5;2;1;1;6.0;315;route de Guebwiller;M;0.0;0.0;680
201600030651;16;7;11;1530;1;2;7;1;1.0;40;PLACE CHAMPANNE;;;;430
201600030655;16;1;21;1045;1;2;6;1;3.0;194;Avenue de Villefranche;M;4734715.0;174798.0;410
201600030676;16;10;10;1200;1;2;1;1;6.0;57;22, CHAMPAGNE (AVENUE DE;M;4943826.0;209855.0;600
201600030691;16;8;17;1000;1;1;6;7;2.0;357;;M;4856502.0;-218935.0;220
201600030697;16;4;8;1445;1;1;6;1;3.0;188;la barricade;M;4852216.0;-287277.0;220
201600030702;16;8;22;1130;1;2;1;1;3.0;121;ZA DU PONT LO;M;4863345.0;-297496.0;220
201600030707;16;1;3;1805;3;2;1;3;3.0;665;289, MARTYRS (DES);M;4941810.0;280362.0;600
201600030716;16;4;18;1730;1;2;2;1;5.0;159;60, SABLONS (DES);M;4941091.0;283827.0;600
201600030719;16;5;24;1940;1;2;3;1;3.0;159;24, NORMANDIE (DE);M;4940266.0;281852.0;600
201600030721;16;7;24;1745;1;2;3;1;3.0;159;106, ETATS-UNIS (BOULEVA;M;4940800.0;282238.0;600
201600030728;16;9;7;2015;1;2;1;1;3.0;159;04, DUMAS (ALEXANDRE);M;4940705.0;280322.0;600
201600030751;16;5;27;1930;2;2;1;1;3.0;684;109, BRIAND (RUE ARISTID;M;4929129.0;249685.0;600
201600030752;16;6;6;1955;1;2;1;1;3.0;463;19, SAINT-EXUPERY (RUE D;M;4927007.0;246075.0;600
201600030765;16;10;19;1555;1;2;2;1;3.0;463;LA FONTAINE (RUE JEAN DE;M;4927676.0;247346.0;600
201600030778;16;11;2;1015;1;1;1;8;1.0;87;;M;4656011.0;471413.0;710
201600030807;16;6;25;1105;1;2;6;1;3.0;143;BELLEVUE (RUE DE);M;4845423.0;8462.0;610
201600030812;16;7;28;1620;1;2;1;1;3.0;1;128, GENERAL LECLERC (AV;M;4841652.0;8939.0;610
201600030816;16;8;15;1104;1;2;6;1;3.0;397;LA BELLE CHARPENTE (RUE;M;4842160.0;7980.0;610
201600030817;16;9;11;930;1;2;6;1;3.0;1;MEZERAY (BOULEVARD);M;4843898.0;8332.0;610
201600030826;16;5;31;740;1;2;6;2;3.0;6;5, FORET NORMANDE (AVENU;M;4874130.0;-2148.0;610
201600030827;16;6;22;1810;1;2;1;1;6.0;6;12, WOLF (RUE JEAN);M;4874061.0;-2724.0;610
201600030828;16;7;7;1120;1;2;3;7;3.0;6;aucun, ALMENECHES (ROUTE;M;4873953.0;-456.0;610
201600030830;16;10;5;1615;1;2;2;1;3.0;6;REPUBLIQUE (RUE DE LA) A;M;4874471.0;-2367.0;610
201600030832;16;9;27;1010;1;2;6;1;3.0;6;SAINT LOUIS (QUAI);M;4874144.0;-2162.0;610
201600030858;16;8;25;800;1;1;6;1;3.0;194;;M;4613549.0;-100962.0;170
201600030867;16;1;16;1825;5;2;3;1;3.0;744;LENS ( ROUTE DE );M;5031064.0;276629.0;620
201600030877;16;4;12;1005;1;2;1;1;7.0;41;10, DIDEROT;M;5029703.0;273442.0;620
201600030893;16;6;9;1400;1;2;1;1;3.0;41;65, DOUAI ( DE );M;5028936.0;278649.0;620
201600030902;16;10;6;1700;1;2;1;1;6.0;41;39, LEMIRE ( DE L'ABBE );M;5027809.0;278488.0;620
201600030912;16;4;8;2015;1;2;1;1;3.0;48;385, RAOUL BRIQUET (RUE);M;5051861.0;245755.0;620
201600030930;16;8;25;900;1;2;6;1;3.0;724;ARRAS;M;5038757.0;291712.0;620
201600030932;16;11;17;840;1;2;3;8;3.0;570;ROBESPIERRE;M;5040691.0;288142.0;620
201600030946;16;4;10;1700;1;2;1;1;1.0;132;183, DE GAULLE ( RUE DU;M;5052120.0;287069.0;620
201600030950;16;5;5;1500;1;1;1;1;4.0;126;ARMENTIERES ( RUE D' );M;5055115.0;267665.0;620
201600030958;16;9;22;1800;1;2;6;1;3.0;119;MOULIN ( BOULEVARD JEAN;M;5052710.0;263274.0;620
201600030974;16;2;10;1500;1;1;1;1;7.0;894;CALAIS ( Route de )RD 23;M;5076761.0;164199.0;620
201600030975;16;2;25;1910;3;2;1;1;3.0;160;1, BOULEVARD DE L EUROPE;M;5072032.0;159920.0;620
201600030989;16;11;12;1750;5;2;1;2;6.0;160;, DE GAULLE (Ave Charles;M;5073096.0;161947.0;620
201600031007;16;8;29;1645;1;2;2;1;3.0;457;FOND MADAME (RUE DU);M;5045030.0;252499.0;620
201600031019;16;2;3;930;1;2;6;1;3.0;193;VERDUN (RUE DE);M;5095222.0;183195.0;620
201600031027;16;3;5;10;5;2;9;1;6.0;244;DEPARTEMENTALE 943;M;5092669.0;190346.0;620
201600031060;16;1;5;1720;2;2;3;1;3.0;587;00, CREIL (R DE);M;5043697.0;292872.0;620
201600031073;16;12;10;1230;1;2;1;1;3.0;427;1, PIETTE (BD JACQUES) );M;5041460.0;296834.0;620
201600031074;16;1;8;1225;1;2;1;1;3.0;351;SANS, REIMS (R DE);M;5042282.0;290656.0;620
201600031105;16;2;24;1115;1;2;1;1;3.0;427;SCHWEITZER ALBERT (BD);M;5041794.0;297072.0;620
201600031115;16;2;22;1700;1;2;3;2;3.0;637;SANS, ZOLA (R EMILE);M;5047033.0;299616.0;620
201600031120;16;5;21;1930;1;2;3;1;3.0;250;SANS, BRIAND (R ARISTIDE;M;5045369.0;294038.0;620
201600031149;16;7;4;1600;1;2;1;1;3.0;637;18, DIX NEUF MARS 1962 (;M;5047186.0;299352.0;620
201600031150;16;7;22;1600;1;2;9;1;3.0;573;sans, BEUGNET (R CASIMIR;M;5049555.0;290166.0;620
201600031151;16;7;31;1600;1;2;1;1;6.0;510;149, DEFERNEZ (R JEAN BA;M;5042216.0;278130.0;620
201600031163;16;8;21;2300;5;2;1;1;1.0;427;00, ALLENDE (BD DU PRESI;M;5041964.0;293419.0;620
201600031165;16;8;29;2000;1;2;1;1;1.0;32;6, AIX (R D');M;5041334.0;274949.0;620
201600031169;16;8;26;1450;1;2;1;1;6.0;186;90, BEUGNET (R CASIMIR );M;5045685.0;272123.0;620
201600031174;16;9;13;1205;1;2;1;1;3.0;510;MITTERAND (AV FRANCOIS);M;5042407.0;278125.0;620
201600031188;16;10;12;1105;1;2;1;2;3.0;351;55, SALENGRO (R ROGER );M;5041987.0;289410.0;620
201600031199;16;11;27;1515;1;2;2;1;3.0;842;sans, HUIT MAI (R DU);M;5046137.0;285646.0;620
201600031204;16;9;27;830;1;2;1;1;1.0;215;SANS, NATIONALE 17  (RTE;M;5047998.0;295118.0;620
201600031216;16;9;8;1410;1;2;3;1;3.0;224;LILLERS (RUE DE);M;5054103.0;256193.0;620
201600031244;16;7;17;1640;1;2;2;1;3.0;826;DOROTHEE (RUE);M;5051829.0;158275.0;620
201600031245;16;7;19;2128;2;2;1;1;1.0;826;DUNE AUX LOUPS (AVENUE D;M;5051947.0;161014.0;620
201600031254;16;12;29;1815;5;2;1;1;6.0;113;151, BLUM (AVENUE LEON);M;4576271.0;309959.0;630
201600031266;16;5;17;1825;1;1;9;1;3.0;113;CRISTAL (AVENUE ERNEST);M;4575960.0;314216.0;630
201600031288;16;11;21;1850;3;2;2;3;3.0;113;chambrettes/meunier;M;4576730.0;310460.0;630
201600031294;16;2;26;1645;1;2;6;1;6.0;124;FOIRAIL (RUE DU);M;4573158.0;320458.0;630
201600031297;16;6;14;1525;1;2;2;1;2.0;124;FOIRAIL (RUE DU);M;4573165.0;320457.0;630
201600031316;16;6;29;1230;1;2;6;1;3.0;245;SAINT MARTIN (RUE);M;4589112.0;308136.0;630
201600031352;16;5;7;1010;1;2;6;8;7.0;24;9 RUE DES CINQ CANTONS;M;4348450.0;-151815.0;640
201600031371;16;7;4;1726;1;2;1;1;3.0;102;AVENUE DU 14 AVRIL 1814;M;4350359.0;-147768.0;640
201600031399;16;8;26;1430;1;2;1;1;5.0;102;CHEMIN SAINT BERNARD;M;4350022.0;-147975.0;640
201600031402;16;9;3;1740;1;2;2;1;6.0;24;RUE ALEXANDRE;M;4348880.0;-151931.0;640
201600031425;16;12;2;1840;5;2;1;1;3.0;102;ALLEES MARINES;M;4349718.0;-148286.0;640
201600031474;16;8;12;2120;2;2;1;1;3.0;122;AVENUE DE L'IMPERATRICE;M;4348522.0;-155627.0;640
201600031479;16;8;19;1100;1;2;1;1;3.0;122;RUE DE MADRID;M;4346960.0;-156946.0;640
201600031486;16;10;4;1010;1;2;1;1;3.0;122;95 AVENUE-IMPAS PIOCHE;M;4346902.0;-155812.0;640
201600031507;16;1;8;1220;1;2;1;1;3.0;445;AVENUE JEAN MERMOZ;M;4330648.0;-37627.0;640
201600031513;16;1;17;1145;1;2;6;1;2.0;348;ROND POINT DES COMBATTAN;M;4333872.0;-37987.0;640
201600031520;16;1;25;1320;1;2;1;1;6.0;132;CHEMIN DE L' AVIATION;M;4330865.0;-32576.0;640
201600031531;16;2;8;1530;1;2;2;1;3.0;335;RUE MAURICE COUSTEAU;M;4333380.0;-42404.0;640
201600031541;16;2;18;15;5;2;2;1;6.0;445;BD ALSACE LORRAINE;M;4330450.0;-36807.0;640
201600031543;16;2;18;1840;2;2;6;2;2.0;445;RP COMMUNE DE PARIS;M;4331110.0;-36327.0;640
201600031548;16;2;27;2140;5;2;6;2;3.0;445;PLACE PEYROULET;M;4330420.0;-35658.0;640
201600031556;16;3;7;1420;1;2;3;8;3.0;445;RUE EMILE GARET;M;4330205.0;-36074.0;640
201600031566;16;3;17;750;1;2;3;1;1.0;445;RUE HOO PARIS;M;4330340.0;-36429.0;640
201600031575;16;4;5;2155;4;2;1;2;2.0;284;PONT D' ESPAGNE;M;4329414.0;-38696.0;640
201600031576;16;4;6;1435;1;2;1;1;2.0;335;RUE SAINTE-CATHERINE;M;4332835.0;-43816.0;640
201600031580;16;4;11;950;1;2;1;1;3.0;335;0, LONS DE;M;4332298.0;-42007.0;640
201600031589;16;4;18;1405;1;2;1;1;3.0;284;AV DU 18 JUIN 1940;M;4329193.0;-40707.0;640
201600031594;16;4;24;1045;1;2;6;1;3.0;445;RP BACHAGA BOUALAN;M;4331634.0;-37479.0;640
201600031608;16;5;17;1710;1;2;1;1;3.0;445;RUE RONSARD;M;4331835.0;-35777.0;640
201600031615;16;5;23;1350;1;2;6;2;3.0;445;ROND POINT YITZHAK RABIN;M;4330668.0;-33377.0;640
201600031618;16;5;27;1235;1;2;1;1;3.0;445;188 AV JEAN MERMOZ;M;4331730.0;-37829.0;640
201600031621;16;5;30;1323;1;2;1;1;3.0;445;RUE JEAN REVEIL;M;4330043.0;-36519.0;640
201600031622;16;5;31;1720;1;2;6;1;3.0;335;GIRATOIRE DE L'EUROPE;M;4331819.0;-42462.0;640
201600031624;16;6;1;1400;1;2;1;1;3.0;445;ROND POINT YITZHAK RABIN;M;4330630.0;-33378.0;640
201600031628;16;6;4;1453;1;2;6;1;1.0;445;RUE RONSARD;M;4331880.0;-35976.0;640
201600031638;16;6;20;1210;1;2;1;1;1.0;445;AV DE  MONTARDON;M;4331512.0;-37564.0;640
201600031643;16;6;23;1640;1;2;1;1;3.0;335;ROND POINT DE L'EUROPE;M;4331870.0;-42495.0;640
201600031648;16;7;1;1745;1;2;1;1;2.0;348;ALLEE DE L'ARREMOULIT;M;4332015.0;-39141.0;640
201600031653;16;7;11;755;1;2;1;1;7.0;335;CHEMIN DU BILAA;M;4332445.0;-41480.0;640
201600031655;16;7;5;920;1;2;1;1;1.0;445;RUE DE LA REPUBLIQUE;M;4329898.0;-36995.0;640
201600031666;16;7;27;1900;1;2;1;1;3.0;129;AVENUE DE LONS;M;4331227.0;-38635.0;640
201600031679;16;8;19;845;1;2;6;1;3.0;129;RUE DU PIEDMONT;M;4330714.0;-39882.0;640
201600031695;16;9;14;1040;1;2;6;1;2.0;445;RP ALLEES DE MORLAAS;M;4330771.0;-33851.0;640
201600031702;16;9;21;1630;1;2;1;1;5.0;348;BOUL. CHARLES DE GAULLE;M;4330867.0;-40835.0;640
201600031713;16;10;6;1636;1;2;2;1;3.0;129;RUE DE LA MAIRIE;M;4330280.0;-39569.0;640
201600031718;16;10;12;1310;1;2;3;1;1.0;445;DOYEN ROBERT POPLAWSKI;M;4331681.0;-36826.0;640
201600031730;16;10;27;1505;1;2;1;1;1.0;445;ALLEE CONDORCET;M;4331523.0;-36165.0;640
201600031731;16;10;27;1535;1;2;1;1;3.0;445;10, AVENUE FOUCHET;M;4331322.0;-37066.0;640
201600031737;16;11;5;610;5;2;2;3;3.0;132;BOULEVARD DE L'AVIATION;M;4330669.0;-32749.0;640
201600031738;16;11;5;1250;1;2;3;3;3.0;445;AVENUE PHILIPPON;M;4333141.0;-36156.0;640
201600031750;16;11;15;740;5;2;1;1;3.0;445;AVENUE TRESPOEY;M;4329880.0;-35285.0;640
201600031761;16;11;23;1130;1;2;1;1;3.0;445;BOULEVARD BARBANEGRE;M;4329671.0;-36352.0;640
201600031762;16;11;24;1933;5;2;2;1;1.0;445;BOUL D'ALSACE LORRAINE;M;4330242.0;-36046.0;640
201600031781;16;12;13;913;1;2;1;1;3.0;445;AVENUE DE L'UNIVERSITE;M;4331144.0;-36451.0;640
201600031795;16;12;27;1649;2;2;1;1;3.0;445;41 RUE DE SUEDE;M;4331019.0;-34681.0;640
201600031798;16;1;20;1030;1;1;1;1;1.0;260;ROUTE DE LA CORNICHE;M;4337422.0;-176042.0;640
201600031812;16;4;3;1205;1;2;1;1;3.0;483;AVENUE DE VERDUN;M;4338636.0;-166213.0;640
201600031831;16;5;28;2225;5;2;1;1;3.0;260;5 RUE DE BIATURENIA;M;4336530.0;-176840.0;640
201600031832;16;5;29;2300;5;2;1;1;3.0;189;CARREFOUR DES EVADES;M;4338462.0;-166642.0;640
201600031842;16;6;11;2220;5;1;1;1;1.0;189;BOULEVARD PIERRE BENOIT;M;4338809.0;-167659.0;640
201600031849;16;7;6;1210;1;2;3;1;1.0;260;BOUL DU GENERAL LECLERC;M;4336876.0;-177114.0;640
201600031854;16;7;17;1209;1;2;1;1;3.0;260;BOUL. GNERAL DE GAULLE;M;4335402.0;-177987.0;640
201600031860;16;7;31;1835;1;2;1;1;3.0;260;BOUL. GNERAL DE GAULLE;M;4335864.0;-177610.0;640
201600031876;16;9;3;1350;1;2;1;1;2.0;483;RD810;M;4338606.0;-166102.0;640
201600031880;16;9;28;1850;2;1;1;1;1.0;545;ROUTE D'IBARDIN;M;4335542.0;-169075.0;640
201600031884;16;10;10;1710;1;2;1;1;6.0;483;AVENUE DE CHANTACO;M;4337680.0;-163770.0;640
201600031887;16;10;13;1730;1;2;1;8;6.0;189;ALLEE DU PETIT BOIS;M;4337520.0;-166010.0;640
201600031900;16;12;6;1134;1;2;1;1;1.0;483;AV PIERRE LARRAMENDY;M;4338469.0;-166130.0;640
201600031923;16;8;19;800;1;1;3;1;6.0;286;0, ROUTE NATIONALE 21;M;4311603.0;-3285.0;650
201600031935;16;2;10;1350;1;2;6;2;3.0;47;116, NOVEMBRE (RUE DU XI;M;4324640.0;8956.0;650
201600031937;16;2;20;1900;1;2;3;1;6.0;440;., RENAUDET (BOULEVARD P;M;4324495.0;7842.0;650
201600031945;16;4;19;740;1;2;1;1;3.0;417;SAINT FRAI (PONT);M;4322920.0;9156.0;650
201600031961;16;8;23;1800;1;2;6;1;3.0;440;., FERRE (PLACE);M;4322845.0;7573.0;650
201600031972;16;10;31;1440;1;2;1;1;6.0;440;., ROSTAND (RUE JEAN);M;4322697.0;7892.0;650
201600031973;16;10;31;1425;1;2;1;1;6.0;440;., ALSTHOM (PONT);M;4322312.0;9160.0;650
201600031994;16;1;14;844;1;2;2;1;3.0;136;VAUVENARGUES (LUC DE);M;4268901.0;288817.0;660
201600032016;16;3;11;1243;1;2;1;1;3.0;136;ROTTERDAM (ROND POINT DE;M;4269415.0;285079.0;660
201600032038;16;5;8;1435;1;1;1;1;1.0;136;BLANC AVENUE ROSETTE;M;4269942.0;291672.0;660
201600032042;16;5;18;1530;1;1;1;1;3.0;136;ARCADES (RD POINT);M;4267407.0;288751.0;660
201600032043;16;5;23;840;1;2;1;1;1.0;136;RIBERE (HENRI);M;4269159.0;288267.0;660
201600032053;16;6;14;840;1;2;2;1;6.0;136;GAUGUIN (AVENUE PAUL);M;4268637.0;287283.0;660
201600032075;16;8;23;735;1;1;1;1;7.0;136;03, LAMBERT (JEAN);M;4271031.0;289948.0;660
201600032080;16;9;6;845;1;2;1;1;6.0;136;FLANDRES/DUNKERQUE (CARR;M;4268629.0;290670.0;660
201600032081;16;9;8;1018;1;2;1;1;6.0;136;LECLERC (AVENUE DU GENER;M;4270149.0;289077.0;660
201600032097;16;10;5;1229;1;2;1;1;3.0;136;CAMUS AVENUE ALBERT;M;4269122.0;290776.0;660
201600032106;16;10;19;1845;1;2;1;1;6.0;136;CLEMENCEAU (BOULEVARD);M;4270027.0;288968.0;660
201600032108;16;10;26;1900;2;2;1;1;3.0;136;COQUELICOTS (DES);M;4270535.0;290179.0;660
201600032129;16;11;24;1645;1;1;1;1;6.0;136;., FRANCE LIBRE (BOULEVA;M;4270727.0;290944.0;660
201600032220;16;4;6;850;1;2;1;1;3.0;180;LANDAU (ROND-POINT DE);;;;670
201600032234;16;11;3;1319;1;2;1;1;3.0;180;BITCHE (ROUTE DE);;;;670
201600032270;16;9;21;1345;1;2;3;1;1.0;425;Route des dames;M;4540046.0;476035.0;380
201600032275;16;11;26;1345;3;1;1;1;1.0;19;;M;0.0;0.0;380
201600032287;16;4;8;1550;1;2;1;1;2.0;462;CHENES (RUE DES);M;4826688.0;744758.0;670
201600032290;16;6;23;920;1;2;3;1;3.0;462;06, SAINTE MARIE-AUX-MIN;;;;670
201600032292;16;7;20;1030;1;2;1;1;3.0;462;DOCTEUR CH. HOUILLON (AV;;;;670
201600032296;16;10;26;1435;1;2;1;1;3.0;462;RN 83 NORD;;;;670
201600032297;16;10;27;2022;5;2;1;1;3.0;462;MARECHAL DE LATTRE DE TA;;;;670
201600032298;16;11;21;945;1;2;1;1;2.0;462;PARADIESWEG (CHEMIN DIT);;;;670
201600032300;16;1;2;1115;1;2;3;2;6.0;482;0, ROMAINS (ROUTE DES);M;4857790.0;770399.0;670
201600032322;16;1;22;2300;5;2;1;1;1.0;482;SPV, PLACE DE HAGUENAU;;;;670
201600032330;16;2;2;1015;1;2;1;1;6.0;482;SPV, RUE D'AUSTERLITZ;M;4857859.0;775235.0;670
201600032331;16;2;2;1335;1;2;1;1;6.0;204;0, WANTZENAU (ROUTE DE L;M;4863852.0;778150.0;670
201600032332;16;2;3;820;1;2;1;1;6.0;482;03, TWINGER (RUE);M;4858999.0;776835.0;670
201600032344;16;2;10;1355;1;2;4;1;3.0;482;0, ERNEST MUNCH (RUE);M;4858235.0;775720.0;670
201600032347;16;2;12;531;5;2;1;1;6.0;482;26, MARNE (BOULEVARD DE;M;4858587.0;777566.0;670
201600032348;16;2;12;645;5;2;1;1;1.0;482;1, COMTES (ALLEE DES);M;4858454.0;771463.0;670
201600032349;16;2;12;1805;5;2;1;2;3.0;482;0, FUSTEL DE COULANGES (;M;4857520.0;775369.0;670
201600032350;16;2;13;640;5;2;2;1;3.0;482;0, BRIGADE ALSACE LORRAI;M;4857530.0;775464.0;670
201600032352;16;2;17;715;1;2;3;1;3.0;482;0, KOENIGSHOFFEN (RUE DE;M;4858057.0;772766.0;670
201600032355;16;2;22;1615;1;2;3;1;3.0;482;0, LOESS (RUE DU);M;4860413.0;771252.0;670
201600032357;16;2;23;1320;1;2;2;2;3.0;482;VEAUX (RUE DES);M;4858200.0;775426.0;670
201600032358;16;2;24;1020;1;2;1;1;2.0;482;1, BOURGOGNE (RUE DE);M;4854907.0;774987.0;670
201600032361;16;2;27;715;2;2;3;1;3.0;482;0, JOB (RUE);M;4856231.0;774581.0;670
201600032365;16;3;3;1635;1;2;1;1;3.0;482;0, BELGES (QUAI DES);M;4857416.0;777125.0;670
201600032378;16;3;11;1735;1;2;1;1;3.0;482;0, TRAVAIL (RUE DU);M;4858900.0;774218.0;670
201600032382;16;3;14;1620;1;2;3;1;3.0;218;0, RHIN (ROUTE DU);M;4852026.0;773077.0;670
201600032385;16;3;16;1706;1;2;1;1;6.0;482;57, POLYGONE (ROUTE DU);M;4856834.0;775742.0;670
201600032393;16;3;29;1400;1;2;1;1;3.0;482;63, VIRGILE (RUE);M;4858102.0;769713.0;670
201600032395;16;3;30;730;1;2;1;1;3.0;447;SCHIRMECK (RUE DE);M;4856204.0;769984.0;670
201600032396;16;3;30;825;1;2;2;2;3.0;482;0, CURIE (RUE);M;4860102.0;771480.0;670
201600032399;16;3;31;700;1;2;1;8;2.0;482;36, LYON (BOULEVARD DE);;;;670
201600032410;16;4;9;1920;1;2;1;1;1.0;482;SPV, 12 AV. JEAN JAURES;M;4857120.0;857120.0;670
201600032414;16;4;11;1435;1;2;3;1;3.0;267;0, NORMANDIE (RUE DE);M;4856173.0;768160.0;670
201600032416;16;4;13;2000;1;2;1;1;3.0;482;01, PROVENCE (RUE DE);M;4854617.0;775129.0;670
201600032417;16;4;14;830;1;2;1;1;3.0;447;50, BISCHWILLER (ROUTE D;M;4860117.0;774427.0;670
201600032419;16;4;15;1900;1;2;1;1;1.0;447;0, GABRIELLE COLETTE (RU;M;4861279.0;773906.0;670
201600032427;16;4;21;1700;1;2;1;1;3.0;482;17, PREMIERE ARMEE (RUE;M;4857772.0;775107.0;670
201600032430;16;4;22;1720;1;2;3;1;3.0;482;19, GROSSAU (RUE DE LA);M;4856720.0;776254.0;670
201600032431;16;4;23;2320;3;2;1;1;1.0;482;18, FUSTEL DE COULANGES;M;;;670
201600032433;16;4;24;1315;1;2;1;1;3.0;482;18, ALPES (QUAI DES);;;;670
201600032434;16;4;24;2025;1;1;1;1;3.0;482;0, RHIN (AVENUE DU);M;4857152.0;777038.0;670
201600032441;16;5;3;830;1;1;2;1;1.0;482;0, BORDEAUX (PLACE DE);M;4859371.0;775817.0;670
201600032442;16;5;4;1731;1;2;1;1;1.0;482;41, FAUBOURG DE SAVERNE;M;4858680.0;773914.0;670
201600032443;16;5;6;1700;1;2;3;1;3.0;482;0, CHARMILLE (RUE DE LA);M;4858752.0;771777.0;670
201600032448;16;5;11;1435;1;2;1;1;6.0;482;0, rue Edmond Michelet;M;4858706.0;776658.0;670
201600032454;16;5;16;1800;1;2;1;2;6.0;482;7, BEHLENHEIM (RUE DE);M;4860070.0;770946.0;670
201600032455;16;5;16;1701;1;2;2;1;3.0;482;0, ROMAINS (ROUTE DES);M;4857768.0;770391.0;670
201600032458;16;5;19;1010;1;2;3;1;3.0;482;0, VIEIL HOPITAL (RUE DU;M;4858072.0;774935.0;670
201600032461;16;5;21;1324;1;2;2;1;3.0;482;0, RHIN (AVENUE DU);M;4857045.0;777574.0;670
201600032463;16;5;23;1050;1;2;2;3;1.0;482;0, JACQUES KABLE (RUE);;;;670
201600032465;16;5;24;1210;1;2;2;1;6.0;482;0, BRULEE (RUE);M;4858460.0;775144.0;670
201600032467;16;5;25;810;1;2;3;1;1.0;43;0, MUNDOLSHEIM (RUE DE);M;4861621.0;773348.0;670
201600032468;16;5;25;1215;1;2;1;1;3.0;482;0, HOCHFELDEN (RUE DE);M;4859931.0;772456.0;670
201600032470;16;5;27;1215;1;2;1;1;1.0;267;0, SPORTS (RUE DES);M;4856389.0;768989.0;670
201600032478;16;5;31;920;1;2;1;1;3.0;218;39, ANDRE MALRAUX (AVENU;M;4852419.0;772142.0;670
201600032483;16;6;3;2225;5;2;3;2;3.0;482;0, VIENNE (ROUTE DE);M;4857325.0;775550.0;670
201600032484;16;6;5;1645;1;2;1;1;6.0;482;SPV, 37 RUE CHARMILLE;M;4858373.0;771873.0;670
201600032486;16;6;7;705;1;2;2;1;3.0;482;0, PORT DU RHIN (RUE DU);M;4857549.0;779074.0;670
201600032489;16;6;8;1935;1;2;1;1;6.0;482;0, DAUPHINE (PROMENADE);M;4857474.0;775619.0;670
201600032490;16;6;10;1340;1;2;1;1;3.0;482;0, COMEDIE (RUE DE LA);M;4858518.0;775094.0;670
201600032493;16;6;10;1930;1;2;2;1;3.0;482;0, CLEMENCEAU (BOULEVARD;M;4859185.0;775308.0;670
201600032494;16;6;11;1410;1;2;3;1;3.0;482;0, FRIED (CHEMIN);M;4857126.0;777216.0;670
201600032496;16;6;15;1210;1;2;1;2;3.0;482;0, FEDERATION (ROUTE DE;M;4856128.0;775170.0;670