Num_Acc;an;mois;jour;hrmn;lum;agg;int;atm;col;com;adr;gps;lat;long;dep
201600032505;16;6;20;1635;1;2;3;1;3.0;482;0, GEORGES BERNANOS (RUE;M;4858749.0;770019.0;670
201600032511;16;6;26;1905;1;2;1;1;3.0;43;6, RONSARD (RUE);M;4861276.0;773542.0;670
201600032513;16;6;29;845;1;2;3;1;1.0;43;0, PHILIPPE RUEFF (RUE);M;4861079.0;776649.0;670
201600032520;16;7;1;2055;1;2;3;1;3.0;482;0, POLYGONE (ROUTE DU);M;4856806.0;775753.0;670
201600032525;16;7;7;1620;1;2;2;1;3.0;482;0, ORPHELINS (RUE DES);M;4857758.0;775304.0;670
201600032532;16;7;17;1220;1;2;1;1;6.0;365;0, HOLLAU (RUE DE LA);M;4854863.0;771055.0;670
201600032533;16;7;19;1405;1;2;1;1;3.0;482;134, POLYGONE (ROUTE DU);M;4856315.0;776224.0;670
201600032536;16;7;20;840;1;2;3;1;3.0;482;0, EDMOND LABBE (RUE);M;4858278.0;776345.0;670
201600032545;16;7;31;1610;1;2;1;1;6.0;482;18, PRESIDENT WILSON (BO;M;4858685.0;773846.0;670
201600032546;16;7;31;1955;1;2;2;1;1.0;447;0, VENDENHEIM (RUE DE);M;4860924.0;774464.0;670
201600032550;16;8;4;1850;1;1;1;2;3.0;482;0, GARE AUX MARCHANDISES;M;4859252.0;773282.0;670
201600032552;16;8;6;1140;1;2;3;1;3.0;482;47, ZIEGELAU (RUE DE LA);M;4856554.0;776817.0;670
201600032555;16;8;10;1610;1;2;1;1;6.0;218;0, PROVENCE (RUE DE);M;4853125.0;772977.0;670
201600032557;16;8;13;13;5;2;1;1;3.0;482;0, SCHIRMECK (ROUTE DE);M;4856352.0;770416.0;670
201600032558;16;8;13;1855;1;2;3;1;3.0;482;0, LAZARET (RUE DU);M;4856305.0;775804.0;670
201600032561;16;8;17;1010;1;2;2;1;3.0;482;39, LAMPROIE (RUE DE LA);M;4859899.0;779096.0;670
201600032562;16;8;17;2120;3;2;1;1;1.0;218;0, FORT UHRICH (ROUTE DU;M;4850961.0;772711.0;670
201600032563;16;8;18;1130;1;2;2;1;3.0;447;0, DETTWILLER (RUE DE);M;4860995.0;774351.0;670
201600032564;16;8;19;1515;1;2;1;1;3.0;482;0, DAUPHINE (PROMENADE);;;;670
201600032567;16;8;25;1430;1;2;1;1;3.0;482;0, MONTAGNE VERTE (RUE D;M;4857037.0;773797.0;670
201600032568;16;8;25;1700;1;2;1;1;3.0;482;0, PECHEURS (QUAI DES);M;4858411.0;775880.0;670
201600032569;16;8;25;1705;1;2;1;1;3.0;482;80, ROBERTSAU (ALLEE DE;M;4859224.0;776998.0;670
201600032572;16;8;26;1630;1;2;2;1;3.0;482;0, LAZARET (RUE DU);M;4856397.0;775435.0;670
201600032573;16;8;26;1920;1;2;1;1;3.0;218;, 23 NOVEMBRE (RUE DU);M;4853160.0;770757.0;670
201600032579;16;8;30;1640;1;2;1;1;3.0;482;15, NORMANDIE (AVENUE DE;;;;670
201600032582;16;9;1;1530;1;2;1;1;1.0;482;1, DOUBS (RUE DU);M;4856562.0;773491.0;670
201600032590;16;9;5;1630;1;1;1;1;3.0;482;7, CRASTATT (RUE DE);M;4856301.0;769830.0;670
201600032593;16;9;8;1635;1;2;3;1;3.0;482;138, ROMAINS (ROUTE DES);M;4857819.0;770642.0;670
201600032596;16;9;9;1905;1;2;1;1;2.0;482;65, POLYGONE (ROUTE DU);M;4856785.0;775760.0;670
201600032599;16;9;12;845;1;2;2;1;3.0;482;77, CLEMENCEAU (BOULEVAR;M;4859096.0;774624.0;670
201600032602;16;9;12;1524;1;2;3;1;3.0;482;0, PECHEURS (QUAI DES);M;4858815.0;775881.0;670
201600032608;16;9;14;750;1;2;1;1;6.0;482;21, KEMBS (RUE DE);M;4856763.0;776328.0;670
201600032609;16;9;15;1300;1;2;1;1;6.0;482;33, VIEUX MARCHE AUX POI;M;4858153.0;774849.0;670
201600032610;16;9;17;517;5;2;2;1;3.0;482;0, RHIN (ROUTE DU);M;4857172.0;777026.0;670
201600032612;16;9;19;1645;1;2;1;1;3.0;482;43, RHIN (AVENUE DU);M;;;670
201600032613;16;9;20;720;1;2;3;1;3.0;482;0, KURVAU (RUE DE LA);M;4857213.0;776723.0;670
201600032614;16;9;20;730;2;2;2;1;3.0;482;0, LIEPVRE (RUE DE);M;4857153.0;777015.0;670
201600032623;16;9;27;1215;1;2;3;1;3.0;365;0, EQUERRES (RUE DES);;;;670
201600032624;16;9;28;745;1;2;1;1;2.0;482;1, LAUSANNE (RUE DE);M;4857716.0;775837.0;670
201600032627;16;9;29;815;1;2;3;1;3.0;43;2, NOYER (RUE DU);M;4861439.0;775914.0;670
201600032628;16;9;29;830;1;2;2;1;3.0;482;0, ALPES (QUAI DES);M;4857423.0;777119.0;670
201600032631;16;9;30;1450;1;2;2;1;3.0;447;0, CHATEAU (SQUARE DU);M;4860401.0;775036.0;670
201600032637;16;10;3;1620;1;2;1;1;3.0;482;87, ROMAINS (ROUTE DES);M;4857876.0;771101.0;670
201600032638;16;10;3;2110;5;2;1;1;6.0;482;41, GRAND RUE;M;4858220.0;774162.0;670
201600032648;16;10;10;755;1;2;1;1;6.0;482;0, REPUBLIQUE (PLACE DE;M;4858782.0;775353.0;670
201600032654;16;10;12;1335;1;2;1;1;6.0;482;0, PIERRE CORNEILLE (AVE;M;4859062.0;770040.0;670
201600032656;16;10;14;1315;1;2;2;1;1.0;218;0, ERCKMANN CHATRIAN;M;4852224.0;772172.0;670
201600032658;16;10;14;1655;1;2;1;1;3.0;482;29, RHONE (RUE DU);M;4854978.0;773418.0;670
201600032661;16;10;15;1230;1;2;1;1;3.0;482;2, ESPLANADE;M;4857714.0;776889.0;670
201600032662;16;10;16;542;5;2;2;1;3.0;447;0, HERRENSCHMIDT (AVENUE;M;4860025.0;775381.0;670
201600032663;16;10;17;1040;1;2;2;1;3.0;482;0, STRAUSS DURKHEIM (RUE;M;4859027.0;775468.0;670
201600032665;16;10;21;1225;1;2;3;1;3.0;482;0, MOLSHEIM (RUE DE);M;4857907.0;773490.0;670
201600032667;16;10;23;2035;5;2;2;1;3.0;482;COLMAR (AVENUE DE);M;4856134.0;775153.0;670
201600032668;16;10;25;1948;1;2;2;1;3.0;447;0, VOSGES (RUE DES);M;4861008.0;774741.0;670
201600032671;16;10;28;1959;1;2;2;1;3.0;482;0, PRESIDENT WILSON (BOU;M;4858745.0;773866.0;670
201600032675;16;10;31;1457;1;2;2;1;3.0;482;0, SCHIRMECK (ROUTE DE);M;4857216.0;771420.0;670
201600032677;16;11;2;1040;1;2;2;1;3.0;482;0, COLMAR (AVENUE DE);M;4854883.0;774150.0;670
201600032678;16;11;3;1930;5;2;3;1;3.0;482;0, COLMAR (AVENUE DE);M;4856050.0;775097.0;670
201600032680;16;11;7;845;1;2;1;1;1.0;218;0, RHIN (ROUTE DU);M;4852932.0;773401.0;670
201600032682;16;11;8;1730;5;2;1;8;3.0;482;0, BRUMATH (ROUTE DE);M;4859683.0;774142.0;670
201600032683;16;11;9;1905;5;2;1;2;3.0;482;104, RHIN (ROUTE DU);M;4857113.0;777346.0;670
201600032686;16;11;13;1230;1;2;1;1;3.0;482;15, BISCHWILLER (RUE DE);M;4859676.0;774255.0;670
201600032689;16;11;16;910;1;2;1;1;3.0;482;0, EDMOND LABBE (RUE);M;4858193.0;776305.0;670
201600032690;16;11;16;1200;1;2;2;2;3.0;482;0, GOETHE (RUE);M;4858464.0;776869.0;670
201600032692;16;11;17;1320;1;2;1;1;3.0;482;0, HOPITAL (ROUTE DE L );M;4856960.0;775109.0;670
201600032693;16;11;17;1730;5;2;1;1;6.0;482;8, VIEUX MARCHE AUX POIS;M;4858002.0;775029.0;670
201600032701;16;11;23;1700;5;2;1;1;3.0;218;22, LIXENBUHL (RUE);M;4852979.0;772555.0;670
201600032703;16;11;23;1215;1;2;3;1;3.0;218;0, LIXENBUHL (RUE);M;4852982.0;772529.0;670
201600032716;16;12;2;1340;1;2;1;1;6.0;447;0, ZORN (RUE DE LA);M;4860950.0;775590.0;670
201600032722;16;12;6;900;1;2;5;1;3.0;482;1, OBERLIN (RUE);M;4858953.0;775159.0;670
201600032724;16;12;7;855;1;2;2;1;3.0;482;0, HOPITAL (ROUTE DE L );M;4857462.0;774981.0;670
201600032731;16;12;12;1825;5;2;1;1;1.0;482;GENERAL KOENIG (QUAI DU);M;4857532.0;775750.0;670
201600032733;16;12;13;750;1;2;1;1;1.0;482;34, BAN DE LA ROCHE (RUE;M;4857739.0;772803.0;670
201600032742;16;12;20;2200;5;2;1;1;6.0;482;0, GENERAL CONRAD (RUE D;M;4858983.0;778659.0;670
201600032755;16;8;26;715;1;1;1;1;2.0;648;RD 26;M;4856504.0;236248.0;910
201600032769;16;12;5;829;1;2;3;1;3.0;66;10, INGERSHEIM (ROUTE D';M;4808320.0;735000.0;680
201600032772;16;1;23;1100;1;2;2;1;2.0;66;3, PARIS (AVENUE DE);M;4807823.0;733276.0;680
201600032774;16;2;25;1830;2;2;1;1;3.0;66;109, ALSACE (RUE D');M;4807294.0;736611.0;680
201600032776;16;4;3;745;1;2;6;1;6.0;66;10, DE GAULLE (AVENUE DU;M;4807461.0;734386.0;680
201600032777;16;4;4;710;1;1;6;1;3.0;66;LORRAINE (AVENUE DE);M;4809229.0;734891.0;680
201600032778;16;4;8;1530;1;2;5;1;3.0;66;7, REIMS (RUE DE);M;4807421.0;735258.0;680
201600032785;16;6;10;1400;1;2;3;1;2.0;66;;M;4807084.0;736580.0;680
201600032790;16;7;19;925;1;2;6;1;3.0;66;1, REY (AVENUE JOSEPH);M;4809435.0;736182.0;680
201600032792;16;8;12;1543;1;2;2;1;6.0;66;31, ROUFFACH (ROUTE DE);M;4806759.0;734410.0;680
201600032796;16;10;10;1006;1;2;3;1;3.0;66;13, INGERSHEIM (ROUTE D';M;4808345.0;735057.0;680
201600032798;16;10;27;1600;1;2;2;1;1.0;66;49, SOULTZ (RUE DE);;;;680
201600032800;16;11;3;910;1;2;2;1;3.0;66;16, JOFFRE (AVENUE);M;4807032.0;735341.0;680
201600032801;16;11;14;803;2;2;2;1;3.0;66;14, SCHWEITZER (RUE DU D;M;4807978.0;733745.0;680
201600032802;16;11;14;1737;5;2;3;1;3.0;66;17A, GRILLENBREIT (RUE D;;;;680
201600032806;16;12;3;1537;1;2;3;1;3.0;66;FLORIMONT (RUE DU);;;;680
201600032809;16;1;25;1110;1;2;2;1;1.0;224;THIERSTEIN (RUE);M;4776047.0;732629.0;680
201600032811;16;2;19;1304;1;2;3;1;3.0;224;FURSTENBERGER (RUE);M;4775688.0;732303.0;680
201600032826;16;6;23;955;1;2;2;1;3.0;224;DIX-SEPT NOVEMBRE (RUE D;M;4774325.0;734158.0;680
201600032829;16;6;30;815;1;2;2;1;3.0;224;141, MITTERRAND (AVENUE;M;4774322.0;731053.0;680
201600032831;16;6;30;1920;1;2;1;1;1.0;224;70, BELFORT (RUE DE);M;4774357.0;730878.0;680
201600032839;16;11;3;910;1;2;6;1;3.0;224;CAMPION GERMAINE (ROND-P;M;0.0;0.0;680
201600032846;16;5;9;945;1;2;3;1;3.0;297;CHARITE ( RUE DE LA );M;4757717.0;754981.0;680
201600032848;16;8;23;1110;1;2;2;1;1.0;297;11, HUNINGUE ( RUE DE );M;4758635.0;756611.0;680
201600032888;16;3;22;845;1;2;3;1;3.0;91;X, MARCEL CACHIN ( R );M;4559638.0;476666.0;690
201600032932;16;11;25;1725;5;1;1;8;3.0;92;MONTMELAS (route de);;;;690
201600032957;16;1;25;1420;1;2;1;1;6.0;266;26, TOLSTOI    (Cours);M;4576366.0;487183.0;690
201600032979;16;2;27;1100;1;2;1;1;3.0;256;72, FRANKLIN ROOSEVELT;M;4576166.0;493694.0;690
201600032988;16;3;24;1815;1;2;6;1;3.0;271;SEPT CHEMINS (DES);;;;690
201600032998;16;4;13;1825;1;2;1;1;3.0;266;0, FLORIAN      (Rue);M;4576041.0;488069.0;690
201600033009;16;4;28;2038;1;2;1;1;6.0;256;JEAN JAURES;M;4578716.0;492513.0;690
201600033022;16;5;13;1420;1;2;2;2;5.0;266;0, GENAS    (Route de);M;4574926.0;491424.0;690
201600033038;16;6;1;2320;5;2;4;1;3.0;266;0, CHARMETTES    (Rue de;M;4577077.0;486711.0;690
201600033049;16;6;7;750;1;2;6;1;3.0;256;SOIE  (DE LA );M;4577236.0;493386.0;690
201600033059;16;6;10;830;1;2;2;1;3.0;256;CONDORCET;;;;690
201600033067;16;6;23;1740;1;2;2;1;3.0;256;CONDORCET;;;;690
201600033072;16;6;26;1820;1;2;1;1;3.0;256;1, HENRI GORMAND;;;;690
201600033073;16;6;13;1910;1;2;3;2;1.0;290;ANDRE BOULLOCHE;M;4572058.0;492272.0;690
201600033113;16;8;23;1820;1;2;1;1;2.0;290;346, GRENOBLE (DE)  -  R;M;4572036.0;494105.0;690
201600033115;16;8;26;1000;1;2;1;1;3.0;266;49, EDOUARD VAILLANT;M;4577508.0;488033.0;690
201600033125;16;9;12;1010;1;2;2;1;5.0;266;27, ANDRE PHILIP      (C;M;4577272.0;486194.0;690
201600033126;16;9;13;610;1;2;1;1;3.0;29;34, 8 MAI 1945 (DU);M;4572786.0;491597.0;690
201600033136;16;9;26;2205;5;2;2;1;1.0;266;4, ANDRE PHILIP      (Co;;;;690
201600033144;16;10;3;1620;1;1;1;1;3.0;266;76, EMILE ZOLA     (Cour;M;4577077.0;487039.0;690
201600033152;16;10;4;1346;1;2;6;1;3.0;271;RENE CASSIN;;;;690
201600033156;16;8;31;1250;1;2;1;1;6.0;266;., HONORE DE BALZAC   (B;M;4575564.0;488930.0;690
201600033160;16;10;17;1730;1;2;1;1;6.0;275;262, JEAN JAURES;M;;;690
201600033161;16;10;17;2220;4;2;1;1;2.0;266;CUSSET   (Pont de);M;4576903.0;490568.0;690
201600033169;16;10;29;1900;5;2;2;1;3.0;266;GEORGES COURTELINE    (R;M;4577931.0;487921.0;690
201600033175;16;11;4;1345;1;1;6;1;3.0;266;., ALBERT EINSTEIN    (A;M;4577954.0;487508.0;690
201600033190;16;11;26;1400;1;2;3;1;3.0;282;., HENRI LEBRUN;M;;;690
201600033203;16;10;30;1535;1;2;2;1;3.0;290;., PARILLY (DE);M;4571158.0;490228.0;690
201600033209;16;11;24;630;5;2;2;3;1.0;266;AUGUSTE BLANQUI    (Aven;M;4576095.0;488476.0;690
201600033211;16;12;19;1245;1;2;9;2;1.0;266;18, SALVADOR ALLENDE;M;4577536.0;486480.0;690
201600033231;16;9;24;915;1;2;1;1;2.0;262;D14;M;4869621.0;457784.0;510
201600033237;16;10;29;800;1;1;1;1;1.0;462;LA FEUILLADE;M;4504610.0;36775.0;240
201600033243;16;3;14;1715;1;1;1;1;3.0;175;;M;0.0;0.0;560
201600033249;16;9;24;1510;1;2;9;1;3.0;285;18, ANDRE MALRAUX (AV);M;4756834.0;676017.0;700
201600033285;16;12;1;1400;1;2;1;1;3.0;447;rue de jérusalem;M;5037700.0;203900.0;620
201600033306;16;6;8;1215;1;2;3;1;3.0;76;rue du BAS DES PRES;M;4678048.0;484156.0;710
201600033311;16;8;3;1900;1;2;1;1;6.0;445;55 rue de la  VARENNE;M;4678666.0;490166.0;710
201600033321;16;6;14;1625;1;2;9;1;3.0;309;MARECHAL JOFFRE;M;4678982.0;440011.0;710
201600033324;16;12;10;1600;1;2;9;7;3.0;59;route de COUCHES;M;4680991.0;447281.0;710
201600033329;16;7;7;1430;1;2;1;1;6.0;153;8 BD SCHNEIDER;M;4680660.0;442817.0;710
201600033343;16;2;1;745;5;2;2;2;6.0;153;rue DOCTEUR REBILLARD;M;4681170.0;444851.0;710
201600033369;16;10;17;2000;3;1;1;1;6.0;219;PROXIMITÉ LDT CAILLAUDIE;M;4465650.0;76689.0;470
201600033375;16;6;23;1950;1;2;1;1;3.0;306;25 RUE DE BELLEVUE;M;4667029.0;437318.0;710
201600033390;16;5;9;900;1;2;6;1;6.0;181;BANJAN (RUE) Nø IMP;M;4801574.0;20229.0;720
201600033411;16;12;18;1800;5;2;1;5;3.0;181;207, DURAND GEORGES (AV);M;4797507.0;21530.0;720
201600033417;16;8;31;1530;1;2;6;1;2.0;8;HOPITAUX CARREFOUR DES;;;;730
201600033427;16;4;28;1404;1;2;2;1;6.0;65;X, BIOLLAY (CHEMIN DU);M;4556293.0;590819.0;730
201600033433;16;9;8;30;5;1;1;1;2.0;222;0, CHAMBERY (AVENUE DE);M;4557341.0;595716.0;730
201600033459;16;9;12;1645;1;2;1;1;6.0;10;2, AVENUE DE BROGNY;M;4590255.0;612177.0;740
201600033461;16;11;10;1810;5;2;4;2;6.0;10;RUE DE LA PAIX;M;4590455.0;613107.0;740
201600033472;16;4;22;1745;1;2;3;1;3.0;12;2 AVENUE DE VERDUN;M;4618861.0;624305.0;740
201600033475;16;7;7;920;1;2;6;1;3.0;12;RUE DE ROMAGNY;;;;740
201600033507;16;10;15;1120;1;1;2;1;3.0;218;CARTHERAY (RUE DE);M;4638949.0;652406.0;740
201600033509;16;10;29;1735;1;2;1;1;6.0;281;10, RUE DES RANGES;M;4637200.0;648050.0;740
201600033547;16;7;1;1555;1;2;3;1;3.0;707;;M;4985261.0;110162.0;760
201600033564;16;11;1;1645;1;2;1;1;1.0;217;1, ARC DE LA BOURSE;M;4992680.0;107959.0;760
201600033572;16;12;21;1750;5;2;3;2;3.0;217;169, R DU GENERAL CHANZY;M;4991324.0;108205.0;760
201600033574;16;1;2;1715;5;2;6;2;3.0;259;;M;4975075.0;40363.0;760
201600033578;16;9;13;1135;1;2;3;1;3.0;259;AV GAMBETTA;M;4975858.0;37578.0;760
201600033601;16;1;31;1200;1;2;1;1;7.0;351;AV LUCIEN CORBEAUX;M;4947958.0;11992.0;760
201600033626;16;3;1;2310;5;2;3;1;6.0;351;44, AV PABLO PICASSO;M;4950263.0;15289.0;760
201600033628;16;3;1;745;1;2;3;1;3.0;351;34, R DEMIDOFF;M;4949742.0;13263.0;760
201600033631;16;3;11;850;1;2;1;1;6.0;351;114, BD ALBERT 1ER;M;4950068.0;8849.0;760
201600033633;16;3;14;1710;1;2;2;1;3.0;351;26, R ANATOLE FRANCE;M;4949486.0;11119.0;760
201600033639;16;3;25;1800;1;2;2;1;3.0;351;R FERRER;M;4948902.0;13964.0;760
201600033661;16;5;4;1650;1;2;3;1;6.0;351;GENERAL DE GAULLE;M;4952208.0;15731.0;760
201600033667;16;5;14;1855;1;2;1;1;2.0;351;63, R DE VERDUN;M;4950151.0;15109.0;760
201600033676;16;6;5;1815;1;2;2;1;7.0;351;R ANATOLE FRANCE;M;4949607.0;12084.0;760
201600033692;16;7;2;2005;1;2;3;1;3.0;351;17, R JEANNETTE;M;4951400.0;12644.0;760
201600033749;16;10;4;1315;1;2;1;1;2.0;351;NEANT, SAINTE ADRESSE (D;M;4950110.0;9016.0;760
201600033781;16;12;22;1800;5;2;3;1;3.0;552;9, R ALBERT DUBOSC;M;4950621.0;8447.0;760
201600033817;16;2;22;1515;1;2;1;3;3.0;410;18, R CHARLES CAPELLE;M;4947454.0;103809.0;760
201600033818;16;3;1;1520;1;2;2;2;3.0;540;4, R BRISOUT DE BARNEVIL;M;4943402.0;108220.0;760
201600033870;16;5;2;830;1;2;1;1;6.0;540;8,R ROLLON;M;4944268.0;108996.0;760
201600033886;16;5;29;1015;1;2;1;1;2.0;705;2, R JEAN BAPTISTE CLEME;M;4932763.0;107447.0;760
201600033891;16;5;27;2245;5;2;1;1;2.0;540;43, R SAINT VIVIEN;M;4944218.0;110483.0;760
201600033910;16;6;18;1640;1;2;3;1;3.0;212;R DU DOCTEUR ROUX;M;4944325.0;114873.0;760
201600033925;16;6;28;1220;1;2;1;1;2.0;540;18, AV ARISTIDE BRIAND;M;4943608.0;110136.0;760
201600033955;16;8;12;1745;1;2;3;1;3.0;540;R JEAN PHILIPPE RAMEAU;M;4944841.0;114213.0;760
201600033991;16;9;20;2355;5;2;2;1;3.0;540;18, R DE LA CROIX D'YONV;M;4945086.0;106637.0;760
201600034053;16;1;26;845;1;2;1;1;7.0;108;GOURNAY (RUE DE);M;4886693.0;257530.0;770
201600034054;16;3;14;1050;1;2;6;1;6.0;108;D224 X D34A X R. BEL AIR;M;4888676.0;258526.0;770
201600034055;16;5;1;1100;1;2;1;1;6.0;108;30, AV. DES ABBESSES;M;4887527.0;257869.0;770
201600034064;16;8;20;1730;1;2;1;1;6.0;108;RUE DU TIR;M;4888920.0;260033.0;770
201600034090;16;1;24;1040;1;1;6;1;3.0;186;D137 X D138;M;4843354.0;274011.0;770
201600034091;16;1;27;1500;1;1;1;1;2.0;186;D606;M;4838600.0;276430.0;770
201600034095;16;2;12;835;1;1;6;1;3.0;186;D607 X D606 X D417 NORD;M;4840839.0;268702.0;770
201600034099;16;4;3;1630;1;1;6;1;3.0;186;D116 X D138 CRX TOULOUSE;M;4844396.0;271839.0;770
201600034139;16;3;27;1640;1;2;1;1;1.0;181;59, PARIS (AVENUE DE );M;4882823.0;269921.0;770
201600034143;16;5;21;920;1;2;3;1;2.0;59;GUERMANTES  (RUE DE  );M;4884988.0;267557.0;770
201600034148;16;6;13;1645;1;2;6;1;2.0;58;BD GENETS X AV MALRAUX;M;4884180.0;272069.0;770
201600034149;16;6;23;800;1;1;6;1;3.0;58;RD10;M;4885002.0;273416.0;770
201600034171;16;11;7;1712;5;2;4;1;6.0;475;18, JOFFRE (RUE DU MAL.);M;4895773.0;294678.0;770
201600034205;16;8;23;1110;1;2;4;1;1.0;152;PRESSENCE(AVENUE FRANCIS;M;4850969.0;259969.0;770
201600034206;16;8;23;950;1;1;6;1;3.0;285;CORBEIL (GIRATOIRE DE);M;4854870.0;263974.0;770
201600034208;16;9;12;1625;1;2;9;1;2.0;288;D605;M;4855290.0;266491.0;770
201600034211;16;9;30;1730;1;2;3;2;1.0;152;32, ZOLA(AVENUE EMILE);M;4851962.0;264574.0;770
201600034216;16;11;17;725;5;2;4;9;3.0;288;D39 X BD ARISTIDE BRIAND;M;4853853.0;265406.0;770
201600034222;16;12;20;1500;1;1;1;1;7.0;326;144,MORSANG (ROUTE DE);M;4857512.0;252732.0;770
201600034230;16;5;13;1700;1;1;1;8;6.0;114;D471;M;4873701.0;270136.0;770
201600034246;16;8;31;1730;1;2;1;1;1.0;495;D.306;M;4856039.0;263471.0;770
201600034267;16;9;26;2025;3;1;1;1;2.0;194;D 67;M;4839862.0;294484.0;770
201600034287;16;1;8;1230;1;2;1;1;6.0;83;2, FORESTIERE (AVENUE);M;4883933.0;260286.0;770
201600034311;16;6;24;2030;1;2;3;1;3.0;337;JACQUES MENIER (SQUARE);M;4885520.0;262500.0;770
201600034315;16;8;5;1420;1;2;2;1;3.0;337;1, LUZARD (COURS DU);M;4884705.0;261719.0;770
201600034341;16;3;25;910;1;2;3;3;1.0;390;18, JUSSIEU (RUE DE);M;4879850.0;264342.0;770
201600034350;16;5;31;1400;1;2;3;2;3.0;373;112, BERCHERES (RUE DES);M;4878964.0;261475.0;770
201600034401;16;10;23;1605;1;2;1;3;7.0;404;74, DEPARTEMENTALE 403;M;4852526.0;324876.0;770
201600034407;16;3;7;1625;1;2;1;1;3.0;514;INDUSTRIE (RUE DE L');M;4895160.0;262409.0;770
201600034447;16;3;13;1740;1;2;1;1;6.0;498;, AIGREMONT RUE D';;;;780
201600034477;16;7;28;2111;1;2;1;1;3.0;123;302, BERTAUX RUE MAURICE;M;4856309.0;213278.0;780
201600034483;16;11;1;1215;1;2;6;1;3.0;643;EUROPE ROND POINT DE L';M;4897633.0;198163.0;780
201600034504;16;3;23;1230;1;2;1;1;6.0;688;PLAN DE L'EGLISE;;;;780
201600034509;16;6;29;1242;1;2;1;1;2.0;621;52, FRERES LUMIERE (AVEN;M;4875660.0;198029.0;780
201600034512;16;8;23;1850;1;2;1;1;3.0;208;DAMPIERRE (ROUTE DE);;;;780
201600034524;16;11;3;745;5;2;1;1;3.0;168;Route nationale 10;;;;780
201600034540;16;7;7;805;1;2;2;1;3.0;335;60, RUE NATIONALE;M;4859431.0;143542.0;780
201600034573;16;4;10;855;1;1;1;5;7.0;401;0, D 922;;;;780
201600034603;16;10;6;1620;1;1;1;1;1.0;674;CD 11;M;4882000.0;202500.0;780
201600034605;16;1;10;1845;4;2;1;9;3.0;165;BARBUSSE (AVENUE HENRY);;;;780
201600034608;16;12;9;850;1;2;6;1;3.0;490;SAINT GERMAIN (AVENUE DE;;;;780
201600034652;16;1;4;2055;5;2;1;1;3.0;146;3 BIS, ECOLES (RUE DES);;;;780
201600034653;16;11;1;1800;2;2;3;1;3.0;146;1, DARCIS (RUE);M;4891011.0;213952.0;780
201600034655;16;1;16;950;1;2;1;1;3.0;650;GALLIENI (AVENUE);;;;780
201600034657;16;11;21;1530;1;2;1;1;3.0;146;70, GENERAL LECLERC (RUE;;;;780
201600034665;16;11;30;1305;1;2;4;1;3.0;481;CHARLES DE GAULLE (AVENU;;;;780
201600034692;16;5;23;1100;1;2;1;3;3.0;311;96, MARTYRS DE LA RESIST;;;;780
201600034694;16;5;11;1515;1;2;3;2;6.0;586;0, CORMEILLES N° IMPAIR;M;0.0;217572.0;780
201600034739;16;3;27;1310;1;2;1;1;6.0;646;19, BERTHIER (RUE);M;4881190.0;212618.0;780
201600034741;16;1;20;2020;5;2;3;1;3.0;640;1, SADI LECOINTE (AVENUE;M;4878302.0;218472.0;780
201600034746;16;5;3;1630;1;2;1;1;3.0;646;RUEIL (ROUTE DE);M;4885660.0;235222.0;780
201600034755;16;6;10;1055;1;2;1;1;4.0;117;JEAN CASALE (AVENUE);M;4876626.0;212863.0;780
201600034756;16;6;11;1715;1;2;1;1;3.0;646;81, rue du Maréchal Foch;M;4881343.0;213617.0;780
201600034767;16;9;1;1825;1;2;2;1;2.0;524;SAINT GERMAIN (ROUTE DE);;;;780
201600034771;16;11;2;1300;1;2;4;1;1.0;646;8, PETITS BOIS (RUE DES);M;4880635.0;215791.0;780
201600034784;16;11;30;2110;5;2;1;1;3.0;646;50BIS, SAINT CLOUD (AVEN;M;4848170.0;281000.0;780
201600034785;16;12;15;2310;5;2;3;1;3.0;646;PARIS (AVENUE DE);;;;780
201600034801;16;3;17;755;1;2;6;1;3.0;191;102 RUE DE CHOLETTE;M;4634212.0;-45250.0;790
201600034808;16;7;4;1230;1;2;2;8;5.0;191;51B RUE SAINT-SYMPHORIEN;M;4631613.0;-46883.0;790
201600034812;16;9;2;1430;1;2;1;1;6.0;191;103, PARIS (AV)  50  A;M;4632600.0;-45230.0;790
201600034816;16;9;23;1840;1;2;2;1;6.0;191;20 RUE SUSAN SONTAG;M;4631840.0;-51110.0;790
201600034818;16;9;27;1610;1;2;3;1;3.0;191;43 AV DU MCHAL TASSIGNY;M;4633087.0;-47053.0;790
201600034837;16;7;11;1615;1;2;3;1;3.0;329;46 RUE LA FONTAINE;M;4698971.0;-22205.0;790
201600034839;16;7;16;1535;1;2;1;1;3.0;329;31 AV EMILE ZOLA;M;4698722.0;-21081.0;790
201600034842;16;8;29;1000;1;2;6;2;3.0;329;BOULEVARD DE DIEPHOLZ;M;4697937.0;-19859.0;790
201600034854;16;5;18;1510;1;2;6;2;3.0;1;60, BD VAUBAN;M;5010421.0;184308.0;800