Num_Acc;an;mois;jour;hrmn;lum;agg;int;atm;col;com;adr;gps;lat;long;dep
201600034880;16;1;22;800;3;1;6;1;3.0;261;D1001, GIRATOIRE A29;M;4986016.0;227498.0;800
201600034910;16;3;30;855;1;2;1;1;3.0;21;15, RUE SAINT FUSCIEN;M;4988646.0;230354.0;800
201600034929;16;5;11;1735;1;2;3;1;3.0;21;50, R SAINT-LEU;M;4989814.0;230074.0;800
201600034930;16;5;13;1430;1;2;2;1;3.0;21;257, CHS JULES FERRY;M;4988060.0;233182.0;800
201600034938;16;5;27;854;1;2;1;1;3.0;21;143, RUE JULES BARNI;M;4988794.0;231379.0;800
201600034963;16;8;24;1747;1;2;3;1;3.0;21;BELFORT (BD de);M;4988920.0;230555.0;800
201600034967;16;9;1;1345;1;2;3;1;6.0;21;SAINT QUENTIN (BD DE);M;4987886.0;230275.0;800
201600034972;16;9;14;1830;1;2;1;1;3.0;21;13, DREUIL (CHEMIN DE);M;4990480.0;226505.0;800
201600034975;16;9;20;1010;1;2;1;1;3.0;21;25, ABBEVILLE (RUE D');M;4990603.0;227026.0;800
201600034987;16;11;3;1830;5;2;3;1;3.0;21;74, BD DES FEDERES;M;4989679.0;228304.0;800
201600035002;16;12;3;30;5;2;2;1;3.0;21;RUE DE LA 2EME DB;M;4989399.0;229295.0;800
201600035004;16;12;6;1825;5;2;3;1;3.0;21;RD1235 - R D'ABBEVILLE;M;4990800.0;226449.0;800
201600035007;16;12;9;1438;1;2;1;1;2.0;21;1, R DU FAUBOURG DE HEM;M;4990066.0;228214.0;800
201600035019;16;10;12;1340;1;2;1;1;3.0;4;3, STRASBOURG (BD DE);M;4393340.0;214641.0;810
201600035022;16;7;3;756;1;2;1;1;1.0;60;JAURES ( PLACE JEAN );;;;810
201600035053;16;9;3;945;1;1;4;1;3.0;33;0, TOULOUSE RD 813 (ROUT;;;;820
201600035059;16;11;19;1025;1;2;7;1;6.0;121;NC, place du coq;M;4401688.0;135370.0;820
201600035062;16;1;26;930;1;2;6;1;6.0;121;NC, GIRATOIRE DU TELETHO;M;4401178.0;137237.0;820
201600035081;16;5;20;1530;1;2;1;1;6.0;121;13, FRAICHE (RUE);M;4401768.0;135471.0;820
201600035097;16;9;27;1100;1;2;3;1;3.0;121;551, MOULIN N 20 (AVENUE;M;4402758.0;136797.0;820
201600035098;16;10;3;1130;1;2;6;1;3.0;121;NC, ARDUS (AVENUE D');M;4403471.0;135714.0;820
201600035105;16;3;22;1905;1;1;1;1;1.0;50;HUIT MAI 1945(AVENUE DU);M;4353286.0;647153.0;830
201600035120;16;8;9;905;1;2;3;1;3.0;50;JOFFRE(BD DU M JOFFRE;M;4353644.0;646031.0;830
201600035123;16;9;5;1845;1;1;6;1;3.0;50;PLACE LEROUX;M;4353191.0;644922.0;830
201600035148;16;11;24;1810;5;1;1;3;3.0;61;RUE DES COMBATTANTS D'A.;;;;830
201600035160;16;5;6;925;1;1;1;1;6.0;69;1, ARBANAIS (AVENUE DES);M;4302810.0;615559.0;830
201600035179;16;8;21;1850;1;1;1;1;4.0;34;1520, RUE DES 3 PINS;M;4310383.0;605472.0;830
201600035186;16;10;1;2210;5;2;8;1;3.0;69;OLBIA  (VOIE);M;4311341.0;612922.0;830
201600035188;16;10;18;1220;1;2;1;1;2.0;69;288, MARINE (BOULEVARD D;M;4308417.0;615242.0;830
201600035221;16;5;26;840;1;2;6;1;3.0;9;LUCIEN ARTAUD (PLACE);M;4313699.0;576027.0;830
201600035223;16;6;9;1710;1;2;1;1;6.0;129;400, MER (AVENUE DE LA);;;;830
201600035231;16;7;19;1825;1;2;1;1;5.0;129;LERY (BOULEVARD DE);M;4311805.0;584730.0;830
201600035251;16;9;28;1605;1;2;6;1;3.0;129;TRAITE DE L'ELYSEE (ROND;M;4310658.0;581434.0;830
201600035256;16;10;26;1745;1;2;1;1;6.0;129;MER (AVENUE DE LA) Nø PA;M;4309601.0;583124.0;830
201600035268;16;2;17;1700;1;2;1;1;3.0;126;42, AV DE LA 1ERE ARMEE;M;4311335.0;588358.0;830
201600035277;16;6;24;1545;1;2;1;1;3.0;126;300, AV DE LA 1ERE ARMEE;M;4311039.0;587883.0;830
201600035279;16;8;20;1430;1;2;1;1;3.0;126;42, GAMBETTA (AV);M;4310452.0;587884.0;830
201600035306;16;3;15;1810;1;2;1;1;3.0;137;369, ORTOLAN (AVE);M;4312802.0;595490.0;830
201600035313;16;3;25;1015;1;2;1;1;3.0;62;2076, ROUTE DE HYERES;M;4313292.0;604217.0;830
201600035319;16;4;9;2052;5;2;6;1;3.0;90;0, CAGNARDE (ROND POINT;M;4312705.0;587794.0;830
201600035328;16;5;4;930;1;2;1;7;3.0;137;Avenue Forbin;M;4312372.0;596969.0;830
201600035339;16;6;4;2010;1;1;1;1;3.0;137;0, BRIAND (AVE ARISTIDE;M;4312750.0;590555.0;830
201600035340;16;6;6;1100;1;2;1;1;6.0;137;0, CAMUS (AVE ALBERT);M;4313213.0;588200.0;830
201600035344;16;6;13;2255;5;2;3;1;3.0;137;682, 15EME CORPS (AVE DU;M;4312834.0;590931.0;830
201600035369;16;8;9;1840;1;1;1;1;3.0;62;0, HOUOT (AVENUE CDT);M;4310808.0;598405.0;830
201600035376;16;8;10;700;1;2;1;1;3.0;137;0, ARMARIS (BD DES);M;4312338.0;598194.0;830
201600035381;16;9;1;735;2;2;1;7;3.0;62;805, DE LATTRE DE TASSIG;M;4311308.0;599330.0;830
201600035385;16;9;3;2025;5;2;1;1;3.0;90;0, SCHUMAN (ROND POINT);M;4313503.0;584643.0;830
201600035408;16;10;5;1815;1;2;1;1;2.0;137;761, DAVID (RUE);M;4313929.0;588545.0;830
201600035413;16;10;11;1620;1;2;1;1;3.0;137;CLEMENCEAU (BD GEORGES);M;4312203.0;594019.0;830
201600035416;16;10;12;1745;1;2;1;8;3.0;137;54, NOBEL (AVE);M;4312099.0;594724.0;830
201600035441;16;11;26;1820;2;2;1;1;1.0;144;146, 11 NOVEMBRE 1918 (A;M;4313889.0;599472.0;830
201600035442;16;11;26;2235;5;2;6;1;2.0;137;0, INFANTERIE DE MARINE;M;4311773.0;593570.0;830
201600035452;16;12;4;1620;1;2;1;1;3.0;144;UNIVERSITE (AVE DE L');M;4313785.0;601563.0;830
201600035470;16;11;11;900;1;2;1;1;3.0;7;SIXTE ISNARD (Boulevard);;;;840
201600035478;16;3;6;1935;5;2;1;1;6.0;7;C.De GAULLE (Rocade);M;4393022.0;482472.0;840
201600035491;16;8;23;628;2;2;5;1;2.0;7;C.De GAULLE (Rocade);M;4393222.0;482933.0;840
201600035503;16;7;13;925;1;1;3;1;1.0;7;FOLIE (Avenue de la);;;;840
201600035504;16;7;29;940;1;1;4;1;3.0;7;TRILLADE (avenue de la );;;;840
201600035525;16;7;4;1900;1;2;4;1;1.0;31;CHALON MARIE THERESE;M;4405510.0;503321.0;840
201600035533;16;10;24;600;2;2;3;1;3.0;35;BOUSCARLE (RUE AUGUSTIN);;;;840
201600035548;16;9;7;930;1;1;1;1;2.0;87;1739, MARTIGNAN (CHEMIN);;;;840
201600035561;16;3;3;1155;1;2;1;1;2.0;191;BOULEVARD  LAVOISIER;M;4666613.0;-144514.0;850
201600035571;16;10;27;1230;1;2;1;7;1.0;191;RUE HELIODORE DURAND;M;4666068.0;-140187.0;850
201600035583;16;1;27;1450;1;2;6;1;3.0;60;RUE DES PLESSES;M;4649017.0;-173935.0;850
201600035590;16;5;10;1535;1;2;6;1;3.0;166;BOULEVARD VENDEE GLOBE;M;4651442.0;-178993.0;850
201600035595;16;5;4;610;5;2;6;1;3.0;194;ROND-POINT CHARCOT;M;4650517.0;-178949.0;850
201600035599;16;6;17;1045;1;2;1;1;2.0;60;Bd Vendée Globe;M;4649077.0;-174969.0;850
201600035605;16;7;18;1410;1;2;6;1;6.0;194;1  PLACE DE STRASBOURG;M;4649045.0;-177275.0;850
201600035607;16;9;14;1245;1;2;1;1;6.0;194;Rue la PETITE GARLIERE;M;4650319.0;-178476.0;850
201600035614;16;10;5;1200;1;2;6;1;3.0;166;RUE DE BELLE OLONNAISE;M;4651942.0;176519.0;850
201600035633;16;3;17;1830;1;1;1;1;3.0;66;ROND POINT PAUTRON D161;M;4678643.0;54750.0;860
201600035643;16;5;13;1700;1;2;6;2;3.0;66;RUE BRANLY;M;4680219.0;54557.0;860
201600035648;16;6;20;1505;1;2;1;1;1.0;66;PONT LYAUTEY;M;4679955.0;53715.0;860
201600035652;16;7;8;1810;1;2;3;1;3.0;66;***, CASSIN (RUE RENE);M;4679982.0;53009.0;860
201600035659;16;9;21;840;1;2;1;1;6.0;66;23, KREBS (RUE LOUIS CLE;M;4681449.0;53458.0;860
201600035675;16;11;30;1258;1;2;1;1;3.0;66;22, VILLENEUVE (RUE CHAN;M;4681310.0;54069.0;860
201600035677;16;12;2;1000;1;2;1;1;3.0;66;10, BASTIE (RUE MARYSE);M;4684856.0;54751.0;860
201600035701;16;2;5;1900;5;2;2;1;3.0;194;37, PAUL VERLAINE (RUE);M;4656710.0;35987.0;860
201600035748;16;4;7;945;1;2;3;1;3.0;194;., JEAN JAURES (RUE);M;4657955.0;34897.0;860
201600035762;16;5;11;5;5;2;3;1;3.0;194;EUROPE (AVENUE DE L');M;0.0;0.0;860
201600035770;16;5;21;1735;1;2;1;1;3.0;194;71, GRAND CERF (BOULEVAR;M;4658370.0;33600.0;860
201600035790;16;6;23;1920;1;2;1;1;1.0;41;6, ABEL TASSIN (RUE);M;4659660.0;34380.0;860
201600035811;16;7;26;820;1;2;3;1;3.0;133;GALONNIERE (CHEMIN LA);M;4650669.0;27836.0;860
201600035816;16;7;29;1900;1;2;1;1;1.0;194;04, CHANTERIE (RUE DE LA;M;4657358.0;32830.0;860
201600035820;16;8;8;2110;2;2;1;1;1.0;194;6, COLIGNY (BOULEVARD);M;4657713.0;35413.0;860
201600035871;16;11;8;1645;1;2;2;1;1.0;194;11 NOVEMBRE (AVENUE DU);M;4656926.0;36930.0;860
201600035876;16;11;15;1730;2;2;6;1;3.0;41;DEUX COMMUNES (RUE DES);M;4659356.0;36317.0;860
201600035909;16;12;30;1749;2;2;3;1;3.0;85;0, ISLE (RUE D');M;4582470.0;123459.0;870
201600035949;16;2;4;1750;1;2;9;3;6.0;85;FOUGERAS (RUE DE);M;4586000.0;128737.0;870
201600035996;16;3;30;1306;1;2;3;1;6.0;85;MAUROIS (ALLEE ANDRE);M;4583500.0;122684.0;870
201600036029;16;5;6;912;1;2;1;1;6.0;85;64BIS, ROUSSILLON (AVENU;M;4581780.0;122319.0;870
201600036046;16;5;30;814;1;2;1;2;6.0;50;75, LIMOGES (AVENUE DE);M;4586750.0;123811.0;870
201600036066;16;6;14;916;1;2;1;1;6.0;50;2, EGLISE (RUE DE L');;;;870
201600036075;16;6;22;1705;1;1;1;1;6.0;75;RN 21;M;4578740.0;121312.0;870
201600036100;16;7;25;1050;1;1;1;1;6.0;85;0, BEAUNE (AVENUE DE);M;4588670.0;126716.0;870
201600036103;16;7;25;2215;5;2;1;1;6.0;85;29, VANTEAUX (BOULEVARD;M;4582080.0;123840.0;870
201600036105;16;7;26;1807;1;2;1;1;6.0;85;78, SANTOS DUMONT (RUE);M;4581110.0;127444.0;870
201600036118;16;8;12;1727;1;2;1;1;6.0;50;62, LIMOGES (AVENUE DE);M;4586620.0;123804.0;870
201600036129;16;8;30;850;1;2;3;1;3.0;85;28, LE BAIL (RUE JEAN);M;4583970.0;122576.0;870
201600036130;16;8;30;1045;1;1;3;1;3.0;85;85, LOUYAT (AVENUE DE);M;4584860.0;125856.0;870
201600036157;16;10;4;2012;4;2;1;1;6.0;85;0, KING (AVENUE MARTIN L;M;4581810.0;123399.0;870
201600036172;16;10;19;1612;1;1;3;1;3.0;50;0, MOLIERE (RUE);M;4587680.0;124388.0;870
201600036219;16;12;3;1900;5;2;4;1;6.0;85;83, LATTRE-DE-TASSIGNY (;M;4582480.0;127580.0;870
201600036224;16;12;10;1331;1;2;1;1;6.0;114;10, JEAN ZAY (AVE);M;4582970.0;130702.0;870
201600036230;16;12;16;1451;1;2;1;1;6.0;85;29, REBIER (ALLEE JEAN);M;4584400.0;122962.0;870
201600036232;16;11;30;1308;1;1;1;1;6.0;114;3, JAURES (AVENUE JEAN-);M;4583870.0;130992.0;870
201600036262;16;9;24;1924;1;2;3;1;1.0;415;RUE DU VELODROME;M;4801177.0;660886.0;880
201600036268;16;3;17;1445;1;2;1;1;3.0;413;11, rue de l'universit;M;4829041.0;694209.0;880
201600036270;16;5;24;1045;1;2;1;1;6.0;413;6, PLACE DU MARCHE;M;;;880
201600036281;16;9;1;1830;1;2;1;1;4.0;413;03, Avenue le Corbusier;M;4829138.0;692833.0;880
201600036301;16;11;29;950;1;1;1;1;2.0;24;00, PERRIGNY (RUE DE);M;4781476.0;355774.0;890
201600036303;16;1;21;916;1;2;9;1;2.0;387;0, DRAPES (RUE);M;4819906.0;328404.0;890
201600036307;16;3;24;1305;1;2;1;1;3.0;387;PIERRE CASTETS (RUE);M;4820507.0;329461.0;890
201600036308;16;3;30;1325;1;2;6;2;6.0;387;0, DEMI LUNE (ROND POINT;M;4820116.0;328227.0;890
201600036310;16;5;8;910;1;2;9;1;2.0;287;0, ROND POINT GALETTE CH;M;4817910.0;325817.0;890
201600036317;16;6;3;840;1;2;1;2;7.0;387;0, DOCTEUR ALBERT SCHWEI;M;4819892.0;327671.0;890
201600036330;16;7;18;1150;1;2;1;1;3.0;387;0, LA FONTAINE (RUE );M;4819504.0;330940.0;890
201600036350;16;11;25;820;1;2;1;1;6.0;387;6, GENERAL DE GAULLE (RU;M;4819442.0;328358.0;890
201600036359;16;1;11;1715;2;2;1;2;6.0;10;4, LA FONTAINE (RUE JEAN;M;0.0;0.0;900
201600036392;16;4;28;1735;1;2;1;1;7.0;39;1, DE GAULLE (RUE DU GEN;;;;900
201600036398;16;5;31;1554;1;2;6;3;1.0;8;ARGIESANS (RUE D');M;4761094.0;682816.0;900
201600036400;16;7;3;950;1;2;1;1;1.0;10;LECLERC (AVENUE);;;;900
201600036414;16;9;30;1337;1;2;1;1;1.0;10;1, PREMIERE ARMEE FRANCA;;;;900
201600036469;16;5;8;1510;1;2;3;1;1.0;425;MARCOUSSIS (ROUTE DE);M;4863975.0;226644.0;910
201600036471;16;5;11;1730;1;2;1;2;2.0;103;COMMUNE DE PARIS (AV DE;M;4858537.0;229947.0;910
201600036497;16;7;10;215;3;2;2;1;3.0;103;FELICIEN REVOL(RUE);M;4860251.0;229546.0;910
201600036522;16;10;23;1156;1;1;6;1;3.0;103;Avenue Jeaun Mermoz;M;4860862.0;231269.0;910
201600036553;16;10;14;1805;2;2;2;2;3.0;27;REPUBLIQUE (AVENUE DE LA;M;4871021.0;238901.0;910
201600036582;16;5;5;1200;1;2;1;1;6.0;114;27, ACACIAS (AVENUE DES);M;4868513.0;250125.0;910
201600036619;16;9;26;1915;1;2;6;1;1.0;215;JACQUES ANQUETIL (ROND-P;M;4869764.0;251950.0;910
201600036626;16;11;20;2010;5;2;3;2;3.0;114;DU PETIT CHATEAU (AVENUE;M;4869645.0;249830.0;910
201600036633;16;9;13;810;2;2;1;1;3.0;114;MONTGERON (RUE DE);M;4869400.0;249000.0;910
201600036655;16;2;20;1150;1;2;5;1;1.0;657;1, MAINVILLE (RUE DE);M;4869920.0;241728.0;910
201600036660;16;3;12;900;1;2;4;7;3.0;201;2, MAINVILLE(RUE DE);M;4868577.0;241122.0;910
201600036683;16;6;28;750;1;2;6;1;3.0;657;PIERRE MARIN (RUE);M;4870363.0;241331.0;910
201600036693;16;7;28;2105;1;2;2;1;2.0;657;FREDERIC JOLIOT CURIE (A;M;4870503.0;242141.0;910
201600036697;16;9;3;1815;1;2;6;1;3.0;657;TOURELLE (AVENUE DE LA );M;4868910.0;243643.0;910
201600036699;16;9;27;1810;1;2;3;1;3.0;201;VILLIERS ( AVENUE DE );M;4868308.0;240810.0;910
201600036709;16;12;9;940;1;2;4;1;3.0;201;GENERAL DE GAULLE(BOULEV;M;4868646.0;240416.0;910
201600036713;16;1;8;835;1;2;1;1;7.0;223;MEUNIERS (AVENUE;M;4843697.0;214616.0;910
201600036753;16;5;15;1500;1;2;1;1;6.0;223;LIBERATION (SQUARE;M;4843371.0;215507.0;910
201600036764;16;6;12;1145;1;2;1;1;6.0;223;BONNEVAUX (AVENUE;M;4842994.0;215785.0;910
201600036799;16;12;4;2345;5;2;1;1;7.0;223;69, HENRI IV (BOULEVARD);M;4843271.0;215117.0;910
201600036827;16;1;14;1440;1;2;6;2;3.0;161;DIEMA (CARREFOUR DE);M;4870823.0;231007.0;910
201600036872;16;2;3;1715;1;2;6;8;3.0;377;ALLENDE (ROND POINT SALV;M;4873249.0;226590.0;910
201600036883;16;5;17;1937;1;1;1;1;3.0;689;EUROPE (BOULEVARD DE L');M;4872691.0;232194.0;910
201600036893;16;9;26;820;1;1;1;1;3.0;377;9, PEROU (RUE DU);M;4872103.0;230205.0;910
201600036902;16;12;9;1800;3;1;1;1;1.0;689;EUROPE (BOULEVARD DE L');M;4872713.0;232282.0;910
201600036911;16;1;18;1230;1;2;1;1;3.0;421;9, GENERAL LELONG (RUE D;M;4870254.0;246649.0;910
201600036931;16;4;3;1130;1;2;6;1;2.0;421;MAURICE GARIN (PISTE CYC;M;4843098.0;226290.0;910
201600036934;16;5;9;1605;1;2;1;1;6.0;191;GLACIERE (RUE DE LA);M;4871484.0;246326.0;910
201600036951;16;8;4;2300;5;2;1;1;6.0;691;4, CAMBRELANG(RUE);M;4871692.0;249021.0;910
201600036965;16;9;12;1645;1;2;2;1;3.0;691;HENRI BARBUSSE(RUE);M;4871110.0;248618.0;910
201600036985;16;12;7;755;1;2;1;1;2.0;421;RAYMOND POMIER (RUE);M;4870418.0;244686.0;910
201600036996;16;2;24;950;1;2;1;1;6.0;692;BERRY (AVENUE DU);M;4868270.0;216688.0;910
201600037006;16;4;23;1420;1;2;1;1;1.0;471;VERSAILLES (RUE DE);M;4871175.0;218350.0;910
201600037012;16;5;16;1142;1;1;2;1;3.0;471;NICOLAS APPERT (RUE);M;4871051.0;217643.0;910
201600037032;16;9;15;955;1;2;3;2;3.0;645;FOCH (BOULEVARD DU MA;M;4874219.0;226216.0;910
201600037035;16;9;28;1310;1;2;2;1;6.0;645;MARECHAL FOCH (BOULEV;M;4874259.0;226309.0;910
201600037044;16;10;22;1800;1;2;1;1;3.0;122;29, PRE LAUNAY (DOMAINE;M;4868844.0;215315.0;910
201600037047;16;10;30;1758;5;2;1;1;2.0;477;GUTENBERG (RUE);M;4870974.0;225419.0;910
201600037070;16;5;16;1000;1;2;2;1;3.0;549;08, HOCHE (RUE);M;4864580.0;232702.0;910
201600037098;16;12;20;1045;1;2;1;1;3.0;589;79, DE GAULLE  (AVENUE C;M;4868059.0;234292.0;910
201600037138;16;1;23;1200;1;2;1;1;3.0;2;122, ARMAND GUILLEBAUD (;;;;920
201600037168;16;9;17;2230;5;2;2;1;6.0;2;29, DIVISION LECLERC (1;;;;920
201600037198;16;3;3;1345;1;1;3;1;2.0;9;90, HENRI LITOLFF ( RUE;;;;920
201600037199;16;3;7;1140;1;2;1;2;3.0;4;NS, REDOUTE ( AVENUE DE;;;;920
201600037225;16;4;23;924;1;2;1;1;3.0;9;9, REPUBLIQUE ( PLACE  M;;;;920
201600037242;16;5;27;1825;1;2;3;1;3.0;4;NS, GRANDE RUE CHARLES D;;;;920
201600037257;16;6;11;2220;4;2;1;1;1.0;4;NS, ARGENTEUIL AV D';;;;920
201600037258;16;6;15;1620;1;2;1;1;6.0;4;NS, PONT DE CLICHY;;;;920
201600037269;16;7;5;1630;1;2;3;1;2.0;4;NS, REDOUTE ( AVENUE DE;;;;920
201600037281;16;7;31;1915;1;2;2;1;3.0;4;GALLIENI ( RUE );;;;920
201600037282;16;7;29;1445;1;2;2;1;3.0;4;NS, ROBERT DUPONT;;;;920
201600037287;16;8;22;1500;1;2;3;1;3.0;4;NS, MARNE   ( AVENUE DE;;;;920
201600037293;16;9;7;2145;4;2;3;1;3.0;4;17, MARNE   ( AVENUE DE;;;;920
201600037297;16;9;11;1550;1;2;3;1;2.0;4;ns, HENRI POINCARE;;;;920
201600037331;16;11;14;840;1;2;2;1;1.0;4;NS, COMETE  ( RUE DE LA;;;;920
201600037336;16;11;17;1650;2;2;2;1;3.0;9;NS, EUROPE (AVENUE);;;;920
201600037396;16;11;16;1940;5;2;1;2;6.0;7;7 BIS, FORTIN (AVENUE JE;;;;920
201600037404;16;1;15;1155;1;2;1;1;3.0;12;94, AGUESSEAU (RUE D') 9;;;;920
201600037430;16;3;11;1305;1;2;1;1;6.0;12;122, GENERAL LECLERC (AV;;;;920
201600037434;16;3;22;1648;1;1;1;1;2.0;12;25, AUTEUIL (BOULEVARD D;;;;920
201600037496;16;7;20;2026;1;2;1;7;3.0;12;97/99, JEAN BAPTISTE CLE;;;;920
201600037506;16;8;1;1000;1;2;2;1;1.0;12;168, VIEUX PONT DE SEVRE;;;;920
201600037531;16;9;19;1445;1;2;1;1;3.0;12;52, LONGS PRES (RUE DES);;;;920
201600037532;16;9;20;1025;1;2;1;1;3.0;12;39, REINE (ROUTE DE LA);;;;920
201600037544;16;10;4;1930;5;2;1;1;3.0;12;160, REINE (ROUTE DE LA);;;;920
201600037548;16;10;9;1705;1;2;1;1;3.0;12;01, GEORGES GORSE (QUAI);;;;920
201600037550;16;10;11;1800;1;2;1;1;3.0;12;26, REPUBLIQUE (BOULEVAR;;;;920
201600037563;16;10;24;1630;1;2;1;1;6.0;12;96, JEAN JAURES (BOULEVA;;;;920
201600037570;16;11;1;110;1;2;7;1;3.0;12;1, MARCEL SEMBAT (PLACE);;;;920
201600037591;16;12;12;1830;5;2;1;2;6.0;12;2, SAUSSIERE (RUE DE LA);;;;920
201600037594;16;12;15;730;2;2;6;1;6.0;12;1, RHIN ET DANUBE (ROND;;;;920
201600037596;16;12;18;1200;1;2;1;1;6.0;12;81, LES ENFANTS DU PARAD;;;;920
201600037602;16;1;19;1150;1;2;3;1;3.0;32;LAVAUD JEAN (RUE);;;;920
201600037621;16;7;10;2355;5;2;1;1;6.0;19;93, JAURES JEAN (RUE);;;;920
201600037626;16;9;8;1815;1;2;6;1;3.0;19;DIVISION LECLERC (AVENUE;;;;920
201600037631;16;10;16;1330;1;2;2;1;3.0;32;SAINT SAUVEUR (RUE DES);;;;920
201600037656;16;2;3;2030;5;2;1;1;3.0;60;2, CHARLES DE GAULLE (AV;;;;920
201600037662;16;2;24;825;1;2;1;1;3.0;23;65, GENERAL DE GAULLE (A;;;;920
201600037667;16;2;19;1630;1;2;1;1;3.0;60;RESISTANCE (PLACE DE LA);;;;920
201600037698;16;6;4;2235;5;2;1;1;3.0;23;165, JEAN JAURES (AVENUE;;;;920
201600037700;16;6;6;1910;1;2;1;1;2.0;23;38, MEUDON (RUE DE);;;;920
201600037727;16;8;26;1130;1;2;1;1;2.0;23;202, JEAN JAURES (AVENUE;;;;920
201600037735;16;9;10;1450;1;2;1;1;2.0;23;147, JEAN BAPTISTE CLEME;;;;920
201600037753;16;11;3;1735;2;2;2;1;2.0;23;0, GENERAL DE GAULLE (AV;;;;920
201600037765;16;10;30;215;5;2;1;1;6.0;23;99, ROISSIS (RUE DES);;;;920
201600037794;16;1;15;10;5;1;1;1;3.0;24;84, MARTRE (RUE) DE (59;;;;920
201600037803;16;2;8;930;1;2;1;1;3.0;24;61, JEAN JAURES (BD) DE;;;;920
201600037816;16;5;3;940;1;2;1;1;7.0;24;92, PARIS (RUE DE) DE (1;;;;920
201600037822;16;5;12;1220;1;2;1;1;3.0;24;14, VICTOR HUGO (BD);;;;920
201600037833;16;6;8;1730;1;2;1;1;3.0;24;116, MARTRE (RUE) DE (11;;;;920
201600037844;16;7;13;1700;1;2;2;1;3.0;24;67, JEAN JAURES (BD) DE;;;;920
201600037875;16;10;27;2120;5;2;1;1;2.0;24;59, VICTOR HUGO (BD);;;;920
201600037881;16;11;16;1055;1;2;3;1;3.0;24;6, HENRI BARBUSSE (RUE);;;;920
201600037898;16;8;5;855;1;2;1;1;3.0;24;44, MARTRE DE (4 A 54);;;;920
201600037903;16;1;8;1300;1;2;1;1;7.0;25;57, EGALITE (RUE DE L');;;;920
201600037935;16;3;7;1400;1;2;1;1;6.0;25;44, GABRIEL PERI (RUE);;;;920
201600037945;16;3;30;1500;1;2;3;2;3.0;25;0, ROUTE DU PORT DE PARI;;;;920
201600037951;16;4;11;1015;1;2;1;2;7.0;25;44, GABRIEL PERI (RUE);;;;920
201600037954;16;4;22;2010;1;2;1;1;7.0;25;56, HENRI LITTOLFF N° PA;;;;920
201600037960;16;5;12;1200;1;2;3;1;2.0;25;0, GABRIEL PERI (RUE);;;;920
201600037961;16;5;15;1650;1;2;1;1;7.0;25;0, STALINGRAD (AV DE);;;;920
201600037978;16;6;24;2110;1;2;3;1;1.0;25;0, HENRI BARBUSSE (AV);;;;920
201600037989;16;7;21;1500;1;2;1;1;2.0;25;95, CHARLES DE GAULLE (B;;;;920
201600038002;16;8;30;1015;1;2;1;1;1.0;25;118, HOCHE (RUE);;;;920
201600038005;16;9;3;715;1;2;2;1;6.0;25;44, C.DE G.<> 2 A 62 & 1;;;;920
201600038007;16;9;6;1720;1;2;2;1;6.0;25;21, PAUL BERT (RUE);;;;920
201600038009;16;9;12;1710;1;2;2;1;3.0;25;BELLLEVILLE/PARMENTIER;;;;920
201600038027;16;10;31;1850;1;2;2;1;6.0;25;55, VALMY (BD DE);;;;920
201600038033;16;11;14;1225;1;2;1;1;3.0;25;25, EUROPE (AV DE L');;;;920
201600038035;16;11;15;1755;5;2;1;1;3.0;25;GENERAL LECLERC (PLACE D;;;;920
201600038038;16;11;21;1250;1;2;1;2;3.0;25;5, GABRIEL (AV);;;;920
201600038049;16;12;3;2005;5;2;1;1;3.0;25;0, VERDUN (RUE DE);;;;920
201600038050;16;12;4;1210;1;2;1;1;3.0;25;64, CHARLES DE GAULLE (B;;;;920
201600038058;16;12;21;2000;5;2;2;2;3.0;25;, GABRIEL PERI (RUE);;;;920
201600038097;16;3;29;1645;1;1;1;1;2.0;26;41, PRÉSIDENT PAUL DOUME;;;;920
201600038098;16;4;3;1645;1;2;1;1;3.0;26;9, PRÉSIDENT PAUL DOUMER;;;;920
201600038126;16;7;21;1405;1;2;1;1;3.0;26;PRÉSIDENT PAUL DOUMER (Q;;;;920
201600038137;16;10;11;1605;1;2;1;1;3.0;26;105, MISSION MARCHAND (C;;;;920
201600038180;16;7;6;1955;1;2;7;1;2.0;35;Liberté ( place de );;;;920
201600038185;16;8;1;925;1;2;5;1;3.0;35;République ( boulevard d;;;;920
201600038194;16;9;24;2020;5;2;3;1;3.0;35;22, Verdun 1916 ( avenue;;;;920
201600038240;16;5;10;1620;1;2;6;1;6.0;36;0, HENRI BARBUSSE (RUE);;;;920
201600038254;16;6;11;1755;1;2;6;1;6.0;36;0, PRINCIPALE DU PORT (R;;;;920
201600038259;16;6;29;1950;1;2;1;1;6.0;36;64, BAS (RUE DES) (64 AU;;;;920
201600038266;16;7;6;2000;1;2;3;1;6.0;36;0, BOULEVARD INTERCOMMUN;;;;920
201600038280;16;8;1;950;1;2;2;1;6.0;36;0, LAURENT CELY (AVENUE);;;;920
201600038286;16;8;26;1500;1;2;1;1;6.0;36;0, LAURENT CELY (AVENUE);;;;920
201600038291;16;8;31;1910;1;2;1;1;2.0;36;112, GENERAL DE GAULLE (;;;;920
201600038341;16;2;3;1838;5;2;1;9;1.0;40;75, GALLIENI (BOULEVARD);;;;920
201600038357;16;3;14;920;1;2;2;1;4.0;40;ROUGET DE L'ISLE;;;;920