Num_Acc;an;mois;jour;hrmn;lum;agg;int;atm;col;com;adr;gps;lat;long;dep
201600038377;16;6;6;950;1;2;1;2;6.0;40;143, VERDUN (AVENUE DE);;;;920
201600038380;16;8;1;750;1;2;1;1;7.0;40;61, CAMILLE DESMOULINS;;;;920
201600038381;16;5;28;1935;2;2;1;1;6.0;40;40, ERNEST RENAN;;;;920
201600038405;16;5;11;1850;1;2;1;1;6.0;40;RESISTANCE (PLACE DE LA);;;;920
201600038408;16;9;27;1820;1;2;1;1;3.0;40;27, DIDEROT;;;;920
201600038410;16;9;21;1815;1;2;2;1;3.0;40;285, STALINGRAD (QUAI DE;;;;920
201600038418;16;9;2;940;1;2;2;1;6.0;40;angle, GALLIENI (BOULEVA;;;;920
201600038439;16;1;25;1305;1;2;1;1;3.0;44;98, ANA. FRANCE(RUE)1A75;;;;920
201600038461;16;3;30;920;1;2;1;2;7.0;44;79, CHAPTAL(RUE) 1A79 ET;;;;920
201600038477;16;5;30;1050;1;2;1;1;6.0;44;PDT WILSON(RUE)51A75 ET;;;;920
201600038482;16;6;15;1705;1;2;2;1;3.0;44;1, ANDRE MALRAUX(AVENUE);;;;920
201600038488;16;7;15;1430;1;2;1;1;6.0;44;54, VILLIERS(RUE DE)  54;;;;920
201600038492;16;8;5;1245;1;2;1;1;6.0;44;69, ED.VAILLANT(RUE) 47A;;;;920
201600038496;16;8;29;2000;1;2;2;1;3.0;44;2, DOCTEUR DUMONT(RUE DU;;;;920
201600038532;16;10;22;1705;1;2;2;1;1.0;48;., ONZE NOVEMBRE 1918 (A;;;;920
201600038563;16;5;20;1930;1;2;1;1;6.0;48;10, ROSERAIE (RUE DE LA);;;;920
201600038576;16;8;28;1600;1;1;2;1;3.0;48;., PAVILLON L'ABBE (ROUT;;;;920
201600038600;16;1;3;1745;5;2;1;2;6.0;49;48, ROLLAND RUE LOUIS;;;;920
201600038602;16;1;8;1645;2;2;1;1;6.0;20;19, DIVISION LECLERC AVE;;;;920
201600038639;16;4;6;910;1;2;1;1;6.0;49;50, JAURES AV. JEAN N°1;;;;920
201600038641;16;4;7;1250;1;2;1;1;1.0;49;VERDIER AVENUE N°1 A 23;;;;920
201600038653;16;5;15;1735;1;2;1;1;6.0;20;76, VANVES BOULEVARD DE;;;;920
201600038683;16;8;2;1750;1;2;3;1;3.0;49;DORMOY AVENUE MARX N°102;;;;920
201600038684;16;8;4;2150;5;2;6;2;3.0;49;DORMOY AVENUE MARX N°2 A;;;;920
201600038706;16;9;28;725;1;2;1;1;6.0;20;140, REPUBLIQUE AV. N°27;;;;920
201600038709;16;9;29;1745;1;2;1;1;3.0;49;206, DORMOY AVENUE MARX;;;;920
201600038710;16;9;30;2200;5;2;3;1;6.0;49;82, VERDIER AVENUE AUTRE;;;;920
201600038722;16;10;10;910;1;2;2;1;3.0;20;CHATEAUBRIAND RUE DE;;;;920
201600038735;16;11;4;1830;5;2;1;1;6.0;49;38, BARBES RUE;;;;920
201600038739;16;11;11;1545;1;2;3;1;3.0;20;VERDUN AVENUE DE AUTRES;;;;920
201600038741;16;11;20;1905;5;2;1;1;6.0;49;71, GINOUX AV. HENRI N°1;;;;920
201600038804;16;4;19;930;1;2;3;7;1.0;50;SADI CARNOT RUE;;;;920
201600038850;16;7;14;2050;1;2;3;1;3.0;50;PONT DE BEZONS;;;;920
201600038879;16;10;3;1015;1;2;1;1;7.0;50;NÉANT, VIEUX PONT RUE DU;;;;920
201600038893;16;11;2;955;1;2;2;1;1.0;50;néant, REPUBLIQUE AVENUE;;;;920
201600038897;16;11;16;1800;5;2;1;2;3.0;50;4, PONS NOEL RUE;;;;920
201600038901;16;11;24;755;2;2;3;1;1.0;50;MARGUERITES RUE DES;;;;920
201600038903;16;11;30;2030;5;2;1;9;3.0;50;47, HAVRE BOULEVARD DU;;;;920
201600038912;16;12;12;850;1;2;1;8;7.0;50;335, GARENNE RUE DE LA;;;;920
201600038965;16;5;2;940;1;2;1;1;3.0;51;71, BINEAU (BOULEVARD, N;;;;920
201600038970;16;5;19;1905;1;2;1;1;2.0;51;93, ACHILLE PERETTI (AVE;;;;920
201600038972;16;5;13;925;1;2;1;8;6.0;51;36, CHARLES DE GAULLE (A;;;;920
201600038975;16;6;2;815;1;2;1;2;5.0;51;47, GENERAL LECLERC (BOU;;;;920
201600038980;16;6;21;1745;1;2;1;8;2.0;51;12, GENERAL KOENIG (BOUL;;;;920
201600038981;16;6;23;950;1;2;1;1;6.0;51;2, CHATEAU (RUE DU);;;;920
201600039013;16;9;18;1950;5;2;1;2;5.0;51;14, VITAL-BOUHOT (BOULEV;;;;920
201600039094;16;12;14;1900;5;2;3;1;3.0;62;FRANCE/MONTAIGNE;;;;920
201600039099;16;1;16;1735;2;2;1;1;6.0;63;43, RICHELIEU (BOULEVARD;;;;920
201600039101;16;1;21;2025;5;2;3;1;2.0;63;****, FOUILLEUSE (AVENUE;;;;920
201600039107;16;2;11;1520;1;2;1;1;2.0;63;****, CHATOU (PONT DE);;;;920
201600039120;16;3;30;1250;1;2;1;2;6.0;63;****, COLMAR (AVENUE DE);;;;920
201600039127;16;4;18;1715;1;2;1;1;3.0;63;****, JACQUOT (RUE DU CO;;;;920
201600039145;16;6;27;1630;1;2;1;1;3.0;63;101, DOUMER (AVENUE PAUL;;;;920
201600039152;16;8;11;1040;1;2;1;1;3.0;63;109, DOUMER (AVENUE PAUL;;;;920
201600039153;16;8;24;650;1;2;1;1;7.0;63;30, DIX-HUIT JUIN 1940 (;;;;920
201600039155;16;9;1;1120;1;2;1;1;6.0;63;****, JONCHERE (CHEMIN D;;;;920
201600039160;16;9;11;1850;1;2;1;1;6.0;63;121, MONTBRISON (RUE DU;;;;920
201600039161;16;9;12;1720;1;2;1;1;6.0;63;76 bis, ALBERT 1ER (AVEN;;;;920
201600039170;16;10;4;850;1;2;3;1;5.0;63;****, HUGO (AVENUE VICTO;;;;920
201600039203;16;2;8;1630;1;2;1;2;7.0;64;2, EGLISE;;;;920
201600039216;16;4;12;1835;1;2;4;1;3.0;33;134BIS, PORTE JAUNE;;;;920
201600039234;16;5;21;1110;1;2;1;1;2.0;64;69, MARCEL DASSAULT;;;;920
201600039243;16;6;22;1630;1;2;2;1;6.0;64;56, TENNEROLLES;;;;920
201600039306;16;2;17;915;1;2;1;1;2.0;22;21, FRANCE (RUE ANATOLE);;;;920
201600039314;16;5;6;1050;1;2;1;1;3.0;72;38, GRANDE RUE;;;;920
201600039318;16;5;13;1810;1;2;1;1;7.0;72;02, EUROPE (AVENUE DE L';;;;920
201600039320;16;5;29;1630;1;2;3;2;3.0;72;., LECLERC (AVENUE DE LA;;;;920
201600039322;16;6;13;1915;1;2;1;1;3.0;22;832, SALENGRO (AVENUE RO;;;;920
201600039340;16;9;2;1620;1;2;1;1;7.0;72;., BRUYERES (RUE DES);;;;920
201600039351;16;10;21;550;3;2;1;1;6.0;77;SEVRES (RUE DE);;;;920
201600039352;16;10;21;1815;2;2;2;2;3.0;22;., SALENGRO (AVENUE ROGE;;;;920
201600039363;16;12;13;1010;1;2;1;1;6.0;22;24, SALENGRO (AVENUE ROG;;;;920
201600039378;16;3;25;1930;5;2;3;1;6.0;73;SELLIER (BOULEVARD HENRI;;;;920
201600039391;16;6;24;2115;2;2;1;1;1.0;73;17, SELLIER (BOULEVARD H;;;;920
201600039398;16;7;26;1900;1;2;3;1;3.0;73;27, VERDUN (RUE DE);;;;920
201600039401;16;8;28;2130;5;2;1;1;3.0;73;98, SELLIER (BOULEVARD H;;;;920
201600039427;16;2;14;1430;1;2;2;2;1.0;46;., PIERRE LAROUSSE (AVEN;;;;920
201600039450;16;6;1;1100;1;2;6;1;3.0;46;1, HENRI BARBUSSE (ROND;;;;920
201600039462;16;7;7;1735;1;2;1;1;7.0;75;., JACQUES JEZEQUEL (AVE;;;;920
201600039463;16;7;8;845;1;2;2;1;3.0;75;3, MANSARD (RUE);;;;920
201600039486;16;10;12;830;1;2;3;1;3.0;75;50, LARMEROUX (RUE);;;;920
201600039487;16;10;24;955;1;2;2;2;3.0;46;DE STALINGRAD;;;;920
201600039489;16;11;18;1022;1;2;3;1;7.0;75;14, DE GAULLE (AVENUE DU;;;;920
201600039499;16;12;4;1040;1;2;6;1;3.0;75;1, CARREFOUR DE L'INSURR;;;;920
201600039518;16;3;22;1735;1;2;1;1;7.0;78;34, VERDUN (AVENUE) (PAI;;;;920
201600039547;16;9;14;1800;1;2;1;1;3.0;26;10, DIVISION LECLERC (AV;;;;920
201600039603;16;5;9;1015;1;2;2;1;3.0;1;FELIX FAURE (BLD) =>174/;;;;930
201600039604;16;5;13;1444;1;2;2;1;6.0;1;IGNORE, VICTOR HUGO (AVE;;;;930
201600039609;16;5;24;2300;5;2;1;1;1.0;1;46, POSTES (RUE DES);;;;930
201600039624;16;7;8;1355;1;1;1;1;3.0;1;VICTOR HUGO (AVE)  => 12;;;;930
201600039625;16;7;10;1620;1;2;1;7;2.0;1;2, REPUBLIQUE (AVE DE LA;;;;930
201600039635;16;8;20;1453;1;2;2;1;3.0;1;48, PRESIDENT ROOSEVELT;;;;930
201600039636;16;8;20;1330;1;2;1;1;3.0;1;68, COURNEUVE (RUE DE LA;;;;930
201600039650;16;9;23;955;1;2;1;1;6.0;1;67, LANDY (RUE DU) 34/29;;;;930
201600039662;16;10;20;935;1;2;2;2;3.0;1;FELIX FAURE (BLD) => 121;;;;930
201600039677;16;12;27;500;5;2;1;1;1.0;1;168, VICTOR HUGO (AVE);;;;930
201600039685;16;1;7;1520;1;2;1;1;3.0;5;PAUL CEZANNE (RUE);;;;930
201600039712;16;2;13;2000;5;2;3;2;1.0;5;IRENE ET FREDERIC JOLIOT;;;;930
201600039724;16;3;5;1725;1;2;9;1;3.0;5;JACQUES DUCLOS [CD44] (R;;;;930
201600039758;16;5;25;700;2;2;1;1;1.0;5;BALAGNY (RUE DE);;;;930
201600039766;16;6;15;740;1;2;1;2;1.0;5;JACQUES DUCLOS [CD44] (R;;;;930
201600039770;16;6;25;1400;1;2;1;1;3.0;5;57, POLLET (RUE);;;;930
201600039783;16;7;25;1140;1;2;1;1;3.0;5;DOCTEUR LAENNEC (ALLEE D;;;;930
201600039785;16;8;7;2015;1;2;1;1;2.0;5;CHARLES FLOQUET (BOULEVA;;;;930
201600039808;16;10;7;1710;1;2;1;1;6.0;5;MARECHAL JUIN (AVENUE DU;;;;930
201600039818;16;10;27;800;2;2;2;5;3.0;5;74, STRASBOURG (BOULEVAR;;;;930
201600039828;16;12;2;1740;5;2;1;1;1.0;5;79, NONNEVILLE (AVENUE D;;;;930
201600039836;16;12;26;1800;5;2;4;1;1.0;5;JULES VALLES (RUE);;;;930
201600039881;16;9;2;1720;1;2;1;1;6.0;7;POITOU (PLACE DU);;;;930
201600039901;16;12;4;1850;5;2;2;1;3.0;7;PASTEUR (AVENUE);;;;930
201600039930;16;4;7;1300;1;2;1;2;2.0;8;0, BARBUSSE (AVENUE HENR;;;;930
201600039938;16;4;18;1020;1;2;7;1;1.0;8;00, PLACE SAINT JUSTE;;;;930
201600039944;16;5;14;1430;1;2;3;1;6.0;8;000, TAILLEFERRE (RUE GE;;;;930
201600039987;16;10;18;1600;1;2;1;8;3.0;8;20, ETOILE (RUE DE L');;;;930
201600040088;16;9;15;1745;1;2;1;1;3.0;10;VARAGNAT (AVENUE HENRI);;;;930
201600040090;16;9;22;525;5;2;3;1;1.0;10;SAKHAROV (RUE ANDREI);;;;930
201600040095;16;10;3;1635;1;2;4;7;3.0;10;PASTEUR (AV.);;;;930
201600040136;16;3;2;2010;5;2;3;3;3.0;47;21, GENERAL LECLERC  (RU;;;;930
201600040154;16;5;1;750;1;2;1;1;1.0;47;105, HARDY  (BOULEVARD);;;;930
201600040179;16;8;2;1315;1;2;1;2;3.0;47;93, HARDY  (BOULEVARD);;;;930
201600040227;16;3;15;1730;1;2;1;1;3.0;27;4, LECLERC (AVENUE DU GE;;;;930
201600040234;16;4;6;1850;1;2;3;2;3.0;13;GUYNEMER (RUE);;;;930
201600040263;16;6;28;1430;1;2;3;1;3.0;30;22, LARIVIERE (RUE LOUIS;;;;930
201600040264;16;6;28;1650;1;2;1;1;6.0;27;62, VAILLANT-COUTURIER (;;;;930
201600040270;16;7;10;1900;1;2;1;1;3.0;27;PASTEUR (BOULEVARD) DE 4;;;;930
201600040296;16;10;21;1249;1;2;1;2;2.0;13;2, LECLERC (AVENU DE LA;;;;930
201600040370;16;8;26;1530;1;2;2;1;6.0;29;1, PAUL VAILLANT COUTURI;;;;930
201600040377;16;9;26;1318;1;2;1;1;2.0;29;78, JEAN JAURES (AVENUE);;;;930
201600040443;16;4;22;2210;5;2;1;1;3.0;31;36, ENGHIEN (AV D');;;;930
201600040526;16;6;13;1240;1;2;1;1;2.0;32;MONTGUICHET  (CHEMIN DE);;;;930
201600040539;16;9;30;825;1;2;9;1;3.0;32;TAINTURIER  (RUE);;;;930
201600040541;16;10;5;1941;5;2;5;1;3.0;32;PAUL VAILLANT COUTURIER;;;;930
201600040600;16;7;10;1140;1;2;1;1;3.0;63;14, VAILLANT-COUTURIER A;;;;930
201600040602;16;7;15;1850;1;2;3;1;1.0;63;1, VASSOU RUE;;;;930
201600040637;16;11;6;1600;1;2;1;1;6.0;45;141, PARIS RUE DE;;;;930
201600040659;16;1;11;1208;1;2;3;2;3.0;46;SULLY AVENUE;;;;930
201600040685;16;4;18;1820;1;1;1;1;6.0;15;BOIS DE BERNOUILLE ROUTE;;;;930
201600040734;16;11;3;900;1;1;6;1;3.0;15;STRATEGIQUE ROUTE;;;;930
201600040756;16;9;5;1750;1;2;1;2;6.0;46;JEAN JAURES BOULEVARD;;;;930
201600040762;16;1;9;1010;1;2;1;8;6.0;48;15, ARISTIDE BRIAND (BOU;;;;930
201600040763;16;1;11;830;5;2;9;2;2.0;48;., MARCEAU (RUE);;;;930
201600040770;16;2;10;2007;5;2;2;8;3.0;48;49, REPUBLIQUE (RUE DE L;;;;930
201600040783;16;4;7;1330;1;2;1;2;6.0;48;BOISSIERE (BOULEVARD DE;;;;930
201600040789;16;4;19;2120;4;2;1;1;3.0;48;66, PARIS (RUE DE);;;;930
201600040823;16;7;17;1205;1;2;1;1;3.0;48;., VOLTAIRE (RUE);;;;930
201600040841;16;9;12;915;1;2;3;1;3.0;48;ALEXIS LEPERE S2 (RUE);;;;930
201600040857;16;10;12;1630;1;2;1;1;3.0;48;PRESIDENT WILSON (AVENUE;;;;930
201600040900;16;1;5;1850;5;2;1;2;3.0;50;266, HUIT MAI 1945;;;;930
201600040949;16;9;12;1702;1;2;1;1;3.0;50;MARX DORMOY (RUE);;;;930
201600040991;16;2;24;1340;1;2;1;1;7.0;51;GRAHAM BELL;;;;930
201600041025;16;7;5;1812;1;2;2;1;3.0;51;45, ROUGET DE LISLE;;;;930
201600041028;16;7;23;810;1;2;1;1;2.0;51;VILLIERS (ROUTE);;;;930
201600041066;16;11;22;935;1;2;2;1;3.0;51;MARECHAL FOCH (BOULEVARD;;;;930
201600041087;16;5;1;1055;1;2;9;1;3.0;53;60, GALLIENI (AVENUE);;;;930
201600041108;16;10;19;745;1;2;1;1;3.0;53;98, ANATOLE FRANCE (RUE);;;;930
201600041120;16;12;6;1920;5;2;4;1;3.0;53;ANATOLE FRANCE (RUE);;;;930
201600041154;16;6;23;1945;1;2;3;1;3.0;55;JULES AUFFRET (1/49 ET 2;;;;930
201600041156;16;8;7;2015;1;2;1;7;6.0;55;52, JEAN LOLIVE (AVENUE);;;;930
201600041202;16;5;3;1715;1;2;1;1;3.0;77;8, OUTREBON (AVENUE);;;;930
201600041204;16;5;6;1615;1;2;5;1;3.0;77;15, OSSEVILLE (AVENUE D';;;;930
201600041218;16;6;17;1030;1;2;3;1;3.0;62;4, GENERAL DE GAULLE (PL;;;;930
201600041242;16;9;10;1235;1;2;2;1;3.0;14;22, BOIS DE LIVRY (ALLEE;;;;930
201600041252;16;9;28;2300;5;2;9;1;3.0;77;32, ROSNY (AVENUE DE);;;;930
201600041342;16;10;10;820;1;2;1;1;6.0;64;123, HUGO (RUE VICTOR);;;;930
201600041347;16;10;31;1845;5;2;1;1;6.0;64;107, ETANG A L'EAU (RUE;;;;930
201600041371;16;2;2;1440;1;2;2;1;2.0;66;WILSON (AVENUE DU PRESID;;;;930
201600041393;16;3;14;735;1;2;1;1;3.0;66;9, LANGUEDOC;;;;930
201600041395;16;3;15;1230;1;2;1;1;6.0;66;71, WILSON (AVENUE DU PR;;;;930
201600041415;16;4;13;1708;1;2;4;1;2.0;66;"""STALINGRAND (AV), NR 2-";;;;930
201600041419;16;4;19;1945;1;2;1;1;3.0;39;CHATELIER (QUAI DU );;;;930
201600041487;16;7;21;1945;1;2;3;1;3.0;66;JEUMONT;;;;930
201600041510;16;9;23;1925;1;2;1;1;2.0;66;GENERAL JOINVILLE;;;;930
201600041519;16;10;3;1600;1;2;1;1;3.0;66;WILSON (AVENUE DU PRESID;;;;930
201600041541;16;10;24;1740;1;2;1;2;3.0;66;CROISAT AMBROISE RD 29 B;;;;930
201600041584;16;1;31;2040;3;2;1;2;6.0;70;136, MICHELET (AVE) : DU;;;;930
201600041586;16;2;13;2000;5;2;2;2;3.0;70;BLANQUI (RUE);;;;930
201600041596;16;4;8;1450;1;2;1;1;6.0;70;DOCTEUR BAUER(RUE DU) :N;;;;930
201600041626;16;9;20;1548;1;2;3;1;6.0;70;ROSIERS(DES) :N° 1 AU 59;;;;930
201600041663;16;3;16;1140;1;2;6;1;2.0;71;0, HENRI BARBUSSE (AVENU;;;;930
201600041705;16;10;3;800;1;2;6;1;1.0;5;LOUISE MICHEL (RUE);;;;930
201600041787;16;3;12;1450;1;2;1;1;2.0;73;VILLEPINTE (ROUTE DE);;;;930
201600041831;16;9;9;1415;1;2;2;1;1.0;73;KALIFAT (RUE);;;;930
201600041889;16;8;7;2345;3;2;3;1;3.0;2;LATERAL (CHE);;;;940
201600041900;16;10;18;1750;1;2;3;2;3.0;2;43, EMILE ZOLA (R);;;;940
201600042002;16;3;1;1145;1;2;6;2;3.0;71;BRIE / DE GAULLE;M;4876350.0;253620.0;940
201600042022;16;4;17;920;1;2;6;1;3.0;44;VALENTON / VARLIN;M;4874230.0;249130.0;940
201600042117;16;4;16;1550;1;2;6;1;3.0;17;VILLIERS / LAFARGUE;M;4881810.0;255838.0;940
201600042123;16;5;4;1740;1;2;1;1;2.0;17;34, LOUIS TALAMONI;M;4881320.0;251258.0;940
201600042124;16;5;6;720;1;2;3;1;2.0;17;46, ROGER SALENGRO;M;4881930.0;248736.0;940
201600042126;16;3;18;1930;2;2;3;1;2.0;17;GAULLE / SAVU;M;4882410.0;249799.0;940
201600042146;16;7;8;1830;1;2;1;1;3.0;17;70, CHARLES DE GAULLE (V;;;;940
201600042164;16;8;16;2035;2;2;2;1;1.0;17;01, EUGENE BRUN (R);;;;940
201600042205;16;1;5;915;1;2;2;2;3.0;69;MAURICE / KENNEDY;M;4881500.0;246302.0;940
201600042208;16;1;28;1645;1;2;1;1;3.0;18;ALFORTVILLE;M;4881750.0;241328.0;940
201600042234;16;7;1;1000;1;2;1;1;6.0;69;14, VAL D OSNE (R DU);;;;940
201600042235;16;7;3;1200;1;2;1;1;2.0;69;CANADIENS (AV DES);;;;940
201600042254;16;10;16;1435;1;2;1;1;6.0;69;6, SAINT MAURICE DU VALA;;;;940
201600042256;16;11;2;1420;1;2;2;1;5.0;69;REPUBLIQUE (QU DE LA);;;;940
201600042261;16;12;5;1850;5;2;1;1;3.0;18;07, VICTOR HUGO (R);;;;940
201600042321;16;8;30;1945;1;1;2;1;3.0;79;15 bis, MONTRICHARD (AV);;;;940
201600042327;16;9;21;1000;1;2;1;1;3.0;53;GRANDE RUE PIERRE MENDES;;;;940
201600042335;16;10;22;1000;1;2;3;5;3.0;60;PONT BANNERET (RTE DU);;;;940
201600042380;16;9;15;1210;1;2;3;1;3.0;54;ADRIEN RAYNAL (AV);;;;940
201600042408;16;10;12;1530;1;2;3;1;3.0;22;2, GENERAL LECLERC (AV);;;;940
201600042409;16;10;12;1650;1;2;3;1;1.0;22;2, JEAN BOUIN (AV);;;;940
201600042523;16;4;6;1420;1;2;1;1;2.0;28;R DU GENERAL LECLERC;M;4878930.0;246624.0;940
201600042580;16;7;16;1700;1;2;3;1;3.0;28;0, PORT(RUE DU);;;;940
201600042589;16;8;1;1924;1;2;1;1;6.0;11;6, FAUX ROIS(RUE DES);;;;940
201600042595;16;8;11;1835;1;2;1;1;1.0;28;NC, CASALIS.(AVE DU DR P;;;;940
201600042606;16;8;31;1906;1;2;1;1;1.0;28;NC, LEDOUX(RUE CLAUDE NI;;;;940
201600042676;16;12;14;810;1;2;1;1;3.0;28;0, CHOISY(ROUTE DE);;;;940
201600042699;16;1;18;930;1;2;2;1;3.0;33;ROUBLOT / FERRY;M;4885020.0;246091.0;940
201600042715;16;5;24;915;1;2;1;1;3.0;33;17, LOUISON BOBET;M;4885240.0;248704.0;940
201600042722;16;6;23;1215;1;2;1;1;3.0;33;15, CHARMES (AV DES);;;;940
201600042724;16;7;26;900;1;2;1;1;3.0;33;28, VINCENNES (BD DE);;;;940
201600042727;16;9;5;1915;1;2;1;1;6.0;33;7, VICTOR HUGO (AV);;;;940
201600042729;16;9;22;915;1;2;3;1;3.0;33;ERNEST RENAN (AV);;;;940
201600042732;16;9;28;925;1;2;1;1;3.0;33;CHARMES (AV DES);;;;940
201600042769;16;1;29;900;1;2;1;1;6.0;16;61, PRESIDENT WILSON;M;4878990.0;232631.0;940
201600042800;16;3;23;820;1;2;3;1;3.0;76;REPUBLIQUE / RASPAIL;M;4878850.0;236436.0;940
201600042828;16;5;25;745;1;2;1;1;3.0;16;68, CARNOT;M;4879970.0;232386.0;940
201600042834;16;6;5;1815;1;2;6;1;3.0;43;, VOLTAIRE (R);;;;940
201600042845;16;6;24;1405;1;2;1;1;1.0;43;34, BENOIT MALON (R);;;;940
201600042857;16;7;21;725;1;2;1;1;3.0;16;, GABRIEL PERI (R);;;;940
201600042873;16;8;28;1545;1;2;1;1;2.0;76;1, SEVERINE (R);;;;940
201600042901;16;10;15;1610;1;2;1;1;3.0;3;69, ARISTIDE BRIAND (AV);;;;940
201600042902;16;10;17;930;1;2;1;2;6.0;76;95, PARIS (AV DE);;;;940
201600043036;16;6;9;1500;1;2;6;1;3.0;65;TROIS MARCHES (Av des);;;;940
201600043060;16;7;2;1025;1;2;1;1;3.0;38;PAUL VAILLANT COUTURIER;;;;940
201600043087;16;8;4;150;3;2;1;1;3.0;73;ALOUETTES (R DES);;;;940
201600043097;16;9;2;1330;1;2;1;1;3.0;34;21, MAURICE TENINE (R);;;;940
201600043105;16;9;12;1845;1;2;1;1;2.0;65;REPUBLIQUE (AV DE LA);;;;940
201600043183;16;1;21;1620;1;2;1;1;2.0;41;BD DU COLONEL FABIEN;M;4881460.0;240671.0;940
201600043187;16;9;11;1715;1;2;1;1;3.0;41;04, ALBERT EINSTEIN (R);;;;940
201600043190;16;9;21;1055;1;2;1;1;6.0;41;85, GEORGES GOSNAT (AV);;;;940
201600043192;16;9;13;900;1;2;3;1;3.0;41;MAURICE GUNSBOURG (R);;;;940
201600043200;16;2;19;835;1;2;6;1;3.0;41;2, PIERRE RIGAUD;M;4881460.0;240209.0;940
201600043202;16;2;24;1140;1;2;2;1;3.0;41;CARNOT / VERDUN;M;4880900.0;237329.0;940
201600043215;16;3;14;1725;1;2;1;1;3.0;41;33 PIERRE SEMARD;M;4881970.0;238004.0;940
201600043221;16;10;25;2150;5;2;1;1;3.0;41;104, DANIELLE CASANOVA (;;;;940
201600043248;16;12;14;830;1;2;1;1;1.0;41;84, JEAN LE GALLEU (R);;;;940
201600043249;16;12;14;915;1;2;1;1;3.0;41;19, RASPAIL (R);;;;940
201600043256;16;5;20;2000;2;2;2;1;6.0;41;80, GOSNAT/CASANOVA;M;4881240.0;238634.0;940
201600043283;16;3;4;1650;1;2;2;1;3.0;46;18, DE GAULLE/RENAULT;M;4881530.0;241997.0;940
201600043285;16;11;3;840;1;2;2;1;2.0;46;BLUM/REPUBLIQUE;;;;940
201600043329;16;2;1;745;5;2;3;2;3.0;46;GAUME / CARNOT;M;4880200.0;243749.0;940
201600043338;16;6;21;1815;1;2;1;1;6.0;46;., VERDUN (AV DE);;;;940
201600043342;16;7;4;945;1;2;1;1;1.0;46;43, GAMBETTA (AV);;;;940
201600043376;16;4;2;1230;1;2;1;1;3.0;42;40, BARRAGE;M;4881610.0;247220.0;940
201600043401;16;12;17;1130;1;2;1;1;2.0;58;101, GEORGES CLEMENCEAU;;;;940
201600043404;16;8;29;1900;1;2;1;1;1.0;58;116, GENERAL DE GAULLE (;;;;940
201600043420;16;9;22;1427;1;2;1;1;6.0;58;117, GENERAL DE GAULLE (;;;;940
201600043425;16;9;30;830;1;2;1;1;3.0;52;33, HEROS NOGENTAIS (R D;;;;940
201600043473;16;12;22;2240;5;2;3;1;1.0;42;41, PRESIDENT WILSON (AV;;;;940
201600043477;16;6;18;1200;1;2;1;1;6.0;58;94, ARTOIS (QU D);;;;940
201600043488;16;11;7;1030;1;2;2;2;3.0;52;ALBERT 1ER/KABLE;M;4883550.0;249405.0;940
201600043489;16;11;8;1800;5;2;1;1;3.0;52;34, STRASBOURG (BD DE);;;;940
201600043519;16;3;23;1740;1;2;3;1;1.0;68;ROLLIN / RENIE;M;4878920.0;249122.0;940
201600043535;16;6;7;1610;1;2;2;1;3.0;68;GAMBETTA (AV);;;;940
201600043539;16;6;24;1620;1;2;1;1;3.0;68;26, CHAMPIGNOL (QU DE);;;;940
201600043545;16;7;17;1400;1;2;3;1;3.0;68;WINSTON CHURCHILL (QU);;;;940
201600043554;16;9;1;852;1;2;1;7;3.0;68;CRETEIL (BD DE);;;;940
201600043560;16;9;12;1810;1;2;1;1;2.0;68;19, MAURICE BERTEAUX (BD;;;;940
201600043565;16;9;22;1655;1;2;2;1;3.0;68;REUNION (R DE LA);;;;940
201600043575;16;11;4;1740;5;2;1;3;3.0;68;196, CRETEIL (BD DE);;;;940
201600043576;16;11;7;735;5;2;2;4;3.0;68;PILIERS (AV DES);;;;940
201600043580;16;11;11;1250;1;2;1;1;6.0;68;102, CHAMPIGNY (BD DE);;;;940
201600043593;16;12;20;1850;5;2;1;1;6.0;68;155, CRETEIL (BD DE);;;;940
201600043624;16;1;18;730;5;2;1;8;1.0;74;101, COLONEL FABIEN;M;4874590.0;246861.0;940
201600043645;16;2;26;1750;2;2;1;1;3.0;74;AV JULIEN DURANTON;M;4875890.0;245140.0;940
201600043710;16;7;12;135;5;2;2;1;3.0;74;BUTTES (CHE DES);;;;940
201600043717;16;7;28;2040;1;2;1;1;3.0;78;ROGER CALVIER;;;;940
201600043744;16;9;22;1610;1;2;3;1;3.0;78;., SACCO ET VANZETTI (R);;;;940
201600043796;16;2;4;1005;1;2;1;2;3.0;67;62, MINIMES;M;4884160.0;242751.0;940
201600043805;16;3;9;1815;1;2;2;2;6.0;80;60, PARIS;M;4884520.0;243155.0;940
201600043811;16;4;5;1730;1;2;1;1;2.0;67;42, GENERAL DE GAULLE;M;4884290.0;241763.0;940
201600043829;16;8;13;1700;1;2;1;1;6.0;67;61, GENERAL DE GAULLE (A;;;;940
201600043837;16;9;27;850;1;2;1;1;6.0;80;26, REPUBLIQUE (AV DE LA;;;;940
201600043840;16;10;6;1615;1;2;1;1;6.0;80;CHARLES PATHE (R);;;;940
201600043881;16;3;4;650;5;2;1;3;2.0;81;52, ROUGET DE L ISLE;M;4877700.0;239721.0;940
201600043988;16;12;12;1025;1;2;1;1;3.0;81;., EUGENE PELLETAN (AV);;;;940
201600043991;16;12;15;1540;1;2;1;1;1.0;81;02, EUGENE HENAFF (R);;;;940
201600044027;16;5;13;1510;1;2;4;1;3.0;18;RTE DE CORMEILLES;M;4895810.0;222880.0;950
201600044049;16;7;22;1105;1;2;1;1;2.0;176;RUE  BOIELDIEU;M;4896960.0;219210.0;950
201600044063;16;9;20;1015;1;2;3;1;3.0;63;AV GABRIEL PERI;M;4892830.0;221470.0;950
201600044070;16;9;27;1418;1;2;6;1;2.0;176;BD JOFFRE;M;4895920.0;220340.0;950
201600044116;16;4;18;840;1;2;1;1;3.0;127;AV DU BONTEMPS;M;4905270.0;202060.0;950
201600044122;16;6;14;1745;1;2;1;1;3.0;127;AV DU BOIS;M;4902820.0;208219.0;950