Num_Acc;an;mois;jour;hrmn;lum;agg;int;atm;col;com;adr;gps;lat;long;dep
201600044179;16;4;5;1720;1;2;1;7;1.0;428;RUELLE DES MARTINETS;M;4898290.0;232810.0;950
201600044182;16;4;24;1640;1;2;3;1;6.0;197;R GALLIENI;M;4896740.0;232870.0;950
201600044198;16;7;9;1230;1;2;1;1;4.0;427;R CARNOT;M;4897220.0;234260.0;950
201600044211;16;9;24;1510;1;2;1;1;1.0;428;RUE DU TEMPLE;M;4898390.0;231820.0;950
201600044230;16;11;6;1250;1;2;1;1;2.0;428;AV CHARLES DE GAULLE;M;4898330.0;232580.0;950
201600044257;16;1;9;1735;1;1;1;1;1.0;60;CHE DE PIERRELAYE;M;4904390.0;218050.0;950
201600044276;16;2;18;2025;5;2;2;8;3.0;607;R DE BEAUCHAMP;M;4902230.0;220870.0;950
201600044280;16;3;3;1110;1;2;2;1;2.0;607;CHAUSSEE JULES CESAR;M;4900510.0;220990.0;950
201600044290;16;4;4;815;1;2;1;1;3.0;607;R YVES DUMANOIR;M;4901960.0;221840.0;950
201600044303;16;5;25;1525;1;2;6;1;3.0;219;R DU 18 JUIN;M;4899010.0;225620.0;950
201600044306;16;5;27;845;1;2;6;1;3.0;219;R DE SOISY;M;4897720.0;227130.0;950
201600044321;16;7;6;1820;1;2;1;1;6.0;607;R DES PEUPLIERS;M;4901130.0;220640.0;950
201600044341;16;9;24;1005;1;2;1;1;1.0;582;AV ANDRE LE GOAS;M;4896890.0;226010.0;950
201600044342;16;9;24;1125;1;2;1;1;2.0;219;R  LOUIS SAVOIE;M;4898920.0;225880.0;950
201600044344;16;9;30;650;5;2;1;1;2.0;424;R DE LA REPUBLIQUE;M;4900150.0;220360.0;950
201600044367;16;12;23;1215;1;2;2;1;3.0;252;AV DES MARAIS;M;4899910.0;221910.0;950
201600044405;16;8;29;815;1;1;1;1;2.0;527;R DES TERRES NOIRES;M;4900310.0;252980.0;950
201600044417;16;2;14;1630;1;2;3;1;3.0;680;R SIGNAC;M;4900870.0;239980.0;950
201600044424;16;3;1;915;1;2;1;1;6.0;268;AV DU GENERAL DE GAULLE;M;4897220.0;240090.0;950
201600044497;16;11;10;1840;3;2;1;1;6.0;585;AV DIVISION LECLERC;M;4897960.0;236870.0;950
201600044552;16;11;16;935;1;2;1;1;4.0;4;MEZZAVIA ROUTE DE;M;4194665.0;876136.0;201
201600044661;16;2;28;1945;1;1;1;1;2.0;69;A4;M;4881750.0;244339.0;940
201600045501;16;3;11;2030;5;1;1;1;2.0;7;AUTOROUTE A1;M;4894243.0;243204.0;930
201600045688;16;5;12;800;1;1;1;1;1.0;66;AUTOROUTE A86;M;4892221.0;235995.0;930
201600045792;16;6;3;1515;1;1;1;1;6.0;394;ROUTE NATIONALE 184;;;;950
201600046329;16;10;31;1345;1;1;1;1;6.0;7;AUTOROUTE A1;M;4894407.0;243717.0;930
201600046954;16;7;26;1758;1;1;1;1;5.0;50;A86;;;;920
201600047113;16;10;18;1100;1;1;1;1;1.0;36;A86;;;;920
201600047182;16;11;21;944;1;1;1;2;7.0;50;A14;;;;920
201600048080;16;2;25;2050;3;1;1;3;2.0;33;193 - RN;M;4267447.0;944408.0;202
201600048163;16;7;22;1805;1;2;1;1;1.0;120;MONTE-CARLO (CHEMIN DE);M;4265944.0;943966.0;202
201600048253;16;1;10;1420;1;2;1;1;6.0;382;18, BARRE (DE LA);;;;690
201600048254;16;1;11;1050;1;2;1;1;2.0;389;52, PAUL SEDAILLIAN;M;4547180.0;448520.0;690
201600048260;16;1;14;650;2;2;1;2;3.0;389;82, BOURBONNAIS (DU);M;;;690
201600048337;16;3;20;1045;1;2;3;1;6.0;382;30, FRANKLIN;M;4545088.0;449442.0;690
201600048347;16;3;24;1920;2;2;3;1;3.0;34;SOLDATS (DES);M;4579211.0;486086.0;690
201600048354;16;4;1;2039;5;2;1;1;2.0;382;32, ST ANTOINE;;;;690
201600048362;16;4;6;1330;1;2;1;1;2.0;286;3238, ROUTE DE STRASBOUR;M;4582180.0;490022.0;690
201600048370;16;4;10;1445;1;2;1;1;7.0;389;SERGENT MICHEL BERTHET (;M;4546046.0;448197.0;690
201600048375;16;4;14;855;1;2;1;1;2.0;389;47, PIERRE AUDRY;M;4545558.0;448213.0;690
201600048386;16;4;21;1600;1;1;1;1;3.0;152;BARRAGE;M;4569350.0;482838.0;690
201600048393;16;4;29;1045;1;2;1;1;2.0;389;RAOUL CARRIE;M;4748037.0;450171.0;690
201600048399;16;5;4;1330;1;2;1;1;3.0;385;55, CHOULANS (DE);M;4545128.0;449082.0;690
201600048414;16;5;15;1250;1;2;1;1;2.0;202;99, AQUEDUC DE BEAUNANT;M;4543279.0;446573.0;690
201600048420;16;5;17;1937;1;2;3;1;3.0;385;60, TRION (DE);M;4545264.0;448547.0;690
201600048425;16;5;10;935;1;2;1;1;6.0;382;BELLECOUR;;;;690
201600048426;16;5;26;815;1;2;4;1;3.0;382;GALLIENI;;;;690
201600048452;16;6;9;1500;1;2;1;1;6.0;149;67, GRANDE RUE;M;4571702.0;480969.0;690
201600048464;16;6;15;40;5;2;1;1;6.0;381;9, JARDIN DES PLANTES (D;;;;690
201600048483;16;6;23;820;1;2;1;1;2.0;81;20, RANDIN (DE);M;4540000.0;446000.0;690
201600048489;16;6;24;2020;1;2;2;1;3.0;149;JEAN JAURES;M;4571580.0;481905.0;690
201600048492;16;6;26;1540;1;2;1;1;7.0;382;, JULES COURMONT;;;;690
201600048496;16;7;1;1600;1;2;1;1;6.0;382;16, JEAN MOULIN;;;;690
201600048498;16;7;2;1530;1;2;3;1;3.0;81;VALVERT;M;4545593.0;608700.0;690
201600048501;16;7;3;1200;1;2;1;1;2.0;152;145, EUROPE (DE L');M;4569616.0;482586.0;690
201600048505;16;7;6;1335;1;2;2;1;3.0;81;VERDUN (DE);M;4577255.0;479088.0;690
201600048517;16;7;11;1030;1;2;1;1;3.0;152;96, EUROPE (DE L');M;4570033.0;482024.0;690
201600048519;16;7;11;1810;1;2;1;3;3.0;81;12, CHAMPAGNE (DE);M;4578430.0;478213.0;690
201600048520;16;7;8;1100;1;2;1;1;3.0;152;48, EUROPE (DE L');M;4570380.0;482074.0;690
201600048527;16;7;15;1915;1;2;3;1;3.0;382;CASIMIR PERIER;M;4544364.0;449071.0;690
201600048529;16;7;18;2120;1;2;1;1;2.0;385;2, CHEMIN NEUF (DU);M;4545431.0;449330.0;690
201600048539;16;7;25;1450;1;2;1;1;3.0;382;CORDELIERS (DES);M;;;690
201600048542;16;7;24;750;1;2;2;1;3.0;142;FONTANIERES (DE);M;4300000.0;400000.0;690
201600048543;16;7;27;1530;1;2;1;1;6.0;381;12, PECHERIE (DE LA);M;4545549.0;449527.0;690
201600048551;16;8;1;2;5;2;1;1;6.0;149;04, VICTOR HUGO;;;;690
201600048576;16;8;24;2040;2;2;1;1;1.0;384;SERIN (DE);M;4546270.0;448464.0;690
201600048579;16;8;26;1135;1;2;1;1;6.0;385;8, BONDY (DE);M;4546000.0;449418.0;690
201600048585;16;8;30;1925;1;2;1;1;1.0;385;55, PIERRE SCIZE;M;4546005.0;449135.0;690
201600048588;16;8;25;1715;1;2;1;1;3.0;152;96, EUROPE (DE L');M;4570022.0;482299.0;690
201600048589;16;9;2;200;5;2;1;1;6.0;381;10, ANNONCIADE (DE L');M;4546100.0;449373.0;690
201600048590;16;9;2;920;1;2;1;1;6.0;385;26, FULCHIRON;M;4545184.0;449271.0;690
201600048595;16;8;30;1320;1;2;2;1;3.0;382;GENSOUL;;;;690
201600048607;16;9;2;625;1;2;1;1;3.0;152;JULES GUESDE;M;4569669.0;481175.0;690
201600048616;16;9;16;1725;1;2;1;1;1.0;382;27, TILSITT;;;;690
201600048617;16;9;17;1315;1;2;9;8;6.0;381;CARMELITES (DES);;;;690
201600048618;16;9;17;1745;1;2;1;2;3.0;389;6, SOURCES (DES);M;4547223.0;447128.0;690
201600048623;16;9;19;725;1;2;2;1;3.0;202;BRAMAFAN (DE);M;4573239.0;480386.0;690
201600048626;16;9;20;1525;1;2;5;1;6.0;385;1, TRINITE (DE LA);M;4575944.0;482546.0;690
201600048627;16;9;21;1935;2;2;2;1;3.0;385;SOEUR BOUVIER;M;4575465.0;481243.0;690
201600048637;16;9;25;1027;1;2;1;1;3.0;382;40, PLAT (DU);;;;690
201600048640;16;9;28;1720;1;2;1;1;3.0;385;50 bis, FAVORITE (DE LA;M;4575663.0;480729.0;690
201600048644;16;9;29;1200;1;2;6;1;3.0;81;GRANDVAUX (DE);;;;690
201600048645;16;9;30;1330;1;2;1;1;2.0;389;20, MASARYK;M;4577899.0;480543.0;690
201600048653;16;10;5;1515;1;2;2;1;3.0;286;CHAMP ROY (DU);M;4983024.0;490681.0;690
201600048656;16;10;5;1830;1;2;1;1;6.0;34;GEORGES CLEMENCEAU;M;4579165.0;482378.0;690
201600048658;16;10;7;1800;1;2;1;1;3.0;286;1470, CHAMP ROY (DU);M;;;690
201600048664;16;10;11;835;1;2;1;1;3.0;382;14, REPUBLIQUE (DE LA);;;;690
201600048671;16;10;10;1205;1;2;1;1;3.0;385;25, ROMAIN ROLLAND;M;4576060.0;482845.0;690
201600048673;16;10;14;1604;1;2;1;2;3.0;385;58 bis, POINT DU JOUR (D;M;4575653.0;479845.0;690
201600048684;16;10;18;830;1;1;1;1;3.0;389;17, COMMERCE (DU);M;4578178.0;481015.0;690
201600048688;16;10;21;145;5;2;1;1;3.0;384;BIRMINGHAM (DE);M;4577000.0;481130.0;690
201600048691;16;10;22;245;5;2;1;1;1.0;382;GUILLOTIERE (DE LA);;;;690
201600048695;16;10;25;2310;5;2;3;2;3.0;389;MARIETTON;M;4577642.0;479676.0;690
201600048704;16;11;1;1115;1;2;4;1;3.0;385;DOCTEUR ALBERIC PONT (DU;M;4575392.0;479812.0;690
201600048705;16;11;2;1325;1;2;1;1;2.0;384;95, CROIX-ROUSSE (GRANDE;;;;690
201600048706;16;11;3;1130;1;2;1;1;3.0;389;8, JAYR;;;;690
201600048733;16;11;5;2040;5;2;1;3;2.0;382;JULES COURMONT;;;;690
201600048755;16;12;10;950;1;2;1;1;6.0;389;34, DOCTEUR HORAND (DU);;;;690
201600048759;16;12;12;1825;5;2;1;1;2.0;382;7, CORDELIERS (DES);M;4545484.0;450124.0;690
201600048760;16;12;11;1320;1;2;9;1;3.0;381;JEAN MOULIN;;;;690
201600048781;16;12;19;2050;5;2;1;1;6.0;149;9, PIERRE SEMARD;M;4571735.0;481061.0;690
201600048782;16;12;30;2130;4;2;1;1;6.0;34;ST CLAIR (DE);;;;690
201600048964;16;1;5;1230;1;2;1;1;1.0;388;MARIUS BERLIET;;;;690
201600048970;16;1;6;1800;2;2;2;2;1.0;383;BELLECOMBE (DE);;;;690
201600048973;16;1;8;840;1;2;1;2;6.0;383;67, LACASSAGNE;;;;690
201600048983;16;1;13;810;1;2;1;1;1.0;259;FRANCIS DE PRESSENSE;;;;690
201600048988;16;1;15;750;1;2;2;1;1.0;383;VILLETTE (DE LA);;;;690
201600048992;16;1;18;1400;1;2;2;1;3.0;383;21, PART DIEU      (DE L;;;;690
201600049002;16;1;25;1010;1;2;1;1;6.0;388;, ETATS UNIS (DES);M;4543000.0;452000.0;690
201600049004;16;1;26;1055;1;2;1;1;3.0;383;184, LAFAYETTE;M;4545491.0;451303.0;690
201600049005;16;1;26;1140;1;2;1;1;3.0;386;21, BELGES (DES);;;;690
201600049006;16;1;27;825;1;2;2;1;3.0;386;face 136, LAFAYETTE;;;;690
201600049015;16;1;31;410;5;2;1;2;3.0;383;2, VICTOR AUGAGNEUR;M;4575634.0;484041.0;690
201600049019;16;2;2;1635;1;2;1;1;1.0;199;JEAN JAURES;;;;690
201600049020;16;2;2;1700;2;2;3;1;3.0;276;MARRONNIERS (DES);;;;690
201600049042;16;2;22;1435;1;2;2;2;6.0;386;45, SULLY;;;;690
201600049054;16;3;5;940;1;2;3;1;1.0;388;VILLON (DE);M;4544391.0;451566.0;690
201600049079;16;3;17;928;1;2;1;1;6.0;388;39, ETATS UNIS (DES);M;4544124.0;451464.0;690
201600049082;16;3;18;930;1;1;3;1;1.0;387;ST JEAN DE DIEU;M;4500000.0;450440.0;690
201600049084;16;3;20;2020;5;2;1;1;7.0;199;ROCHETTE (DE LA);M;;;690
201600049085;16;3;22;1400;1;2;1;1;3.0;259;ANDRE SENTUC;;;;690
201600049088;16;3;23;925;1;2;1;1;1.0;383;PAUL BERT;;;;690
201600049097;16;3;25;2215;5;2;2;2;3.0;387;224, GUILLOTIERE (DE LA);;;;690
201600049105;16;3;31;640;2;2;1;1;2.0;388;246, VIENNE (DE);M;4500000.0;400000.0;690
201600049114;16;4;4;1930;1;2;1;1;6.0;388;102, ALBERT THOMAS;M;4544424.0;452195.0;690
201600049117;16;4;6;835;1;2;1;1;1.0;383;48, BARABAN;;;;690
201600049119;16;4;6;1245;1;2;1;1;6.0;386;BERGES DU RHONE (SECT. L;;;;690
201600049120;16;4;7;1515;1;2;1;1;1.0;383;29, VICTOR AUGAGNEUR;;;;690
201600049135;16;4;19;1320;1;2;3;1;3.0;388;PROFESSEUR BEAUVISAGE (D;;;;690
201600049138;16;4;21;1730;1;2;2;1;3.0;383;VICTOR AUGAGNEUR;M;4577080.0;483722.0;690
201600049166;16;5;2;1100;1;2;1;1;6.0;387;66, CHALLEMEL LACOUR;;;;690
201600049167;16;5;3;745;1;2;1;1;2.0;383;110, PAUL BERT;;;;690
201600049168;16;5;3;1140;1;2;1;1;6.0;383;VICTOR AUGAGNEUR;;;;690
201600049199;16;5;17;2040;1;2;2;1;3.0;386;BOSSUET;M;4576804.0;485264.0;690
201600049201;16;5;19;1320;1;2;2;2;3.0;383;62, SERVIENT;;;;690
201600049202;16;5;20;800;1;2;1;1;6.0;383;GUICHARD;;;;690
201600049209;16;5;20;1440;1;2;2;1;3.0;388;9, FRERES LUMIERE (DES);M;4544469.0;451440.0;690
201600049211;16;5;21;310;5;2;2;1;1.0;387;40, GAMBETTA;M;4575434.0;484536.0;690
201600049228;16;5;30;1325;1;2;6;1;3.0;276;LOUISE MICHEL;;;;690
201600049230;16;5;31;855;1;2;1;2;3.0;383;FELIX FAURE;;;;690
201600049242;16;6;8;720;1;2;1;1;3.0;388;2, ST NESTOR;M;4544377.0;451445.0;690
201600049246;16;6;9;740;1;1;1;1;1.0;387;CHALLEMEL LACOUR;M;4543472.0;31700.0;690
201600049256;16;6;13;1845;1;2;1;2;1.0;383;FELIX FAURE;;;;690
201600049264;16;6;15;2320;5;2;2;2;3.0;387;UNIVERSITE (DE L');;;;690
201600049278;16;6;22;1730;1;2;2;1;3.0;199;PARMENTIER;;;;690
201600049283;16;6;23;1555;1;2;9;1;3.0;383;17, DOCTEUR BOUCHUT (DU);M;4545336.0;451135.0;690
201600049286;16;6;24;2115;2;2;2;1;2.0;383;FEUILLAT;;;;690
201600049289;16;6;25;1030;1;2;1;1;3.0;388;158, ALBERT THOMAS;M;4544346.0;452419.0;690
201600049291;16;6;25;1910;1;2;1;1;6.0;259;04, MAX BAREL;;;;690
201600049294;16;6;24;1955;1;1;1;1;2.0;259;327, VIENNE (DE);;;;690
201600049298;16;7;1;1215;1;2;3;1;3.0;259;JACQUES DUCLOS;M;4569713.0;488883.0;690
201600049302;16;7;4;1630;1;2;1;1;3.0;387;115, JEAN JAURES;M;4544332.0;502520.0;690
201600049303;16;7;4;1740;1;2;1;1;3.0;387;46, DOMER;;;;690
201600049308;16;7;6;640;1;2;2;1;6.0;387;UNIVERSITE (DE L');;;;690
201600049309;16;7;6;1045;1;2;1;1;3.0;388;50, ETATS UNIS (DES);M;4544101.0;451435.0;690
201600049319;16;7;10;1420;1;2;1;1;2.0;386;JULES FERRY;;;;690
201600049321;16;7;10;1950;1;2;3;1;3.0;387;86, MARSEILLE (DE);;;;690
201600049336;16;7;21;910;1;2;1;1;3.0;386;SEZE (DE);;;;690
201600049365;16;8;16;2337;5;1;1;1;3.0;383;2, ANTONIN JUTARD;;;;690
201600049371;16;8;23;555;5;2;1;1;6.0;383;112, PAUL BERT;;;;690
201600049375;16;8;26;900;1;2;4;1;3.0;383;FELIX FAURE;;;;690
201600049381;16;8;27;1540;1;2;1;1;3.0;388;140, VIENNE (DE);;;;690
201600049391;16;8;31;1845;1;2;1;1;3.0;386;11, VAUBAN;;;;690
201600049393;16;9;1;1630;1;2;3;1;3.0;383;46, FEUILLAT;;;;690
201600049394;16;9;1;1700;1;2;3;1;1.0;259;JACQUES DUCLOS;;;;690
201600049398;16;9;2;1730;1;2;3;1;3.0;386;30, MARECHAL FOCH (DU);;;;690
201600049402;16;9;3;1845;1;2;1;1;6.0;387;CLAUDE BERNARD;;;;690
201600049415;16;9;12;1615;1;2;2;1;3.0;387;ANVERS (D');M;4544560.0;450292.0;690
201600049416;16;9;13;1300;1;2;2;1;3.0;387;RENAN;;;;690
201600049417;16;9;12;1200;1;2;2;1;3.0;388;ETATS UNIS (DES);;;;690
201600049429;16;9;19;1740;1;2;2;1;1.0;387;GAMBETTA;M;4575158.0;485370.0;690
201600049432;16;9;21;820;1;2;1;1;3.0;387;367, GARIBALDI;;;;690
201600049438;16;9;23;1610;1;2;1;1;6.0;383;39, GAMBETTA;;;;690
201600049451;16;8;27;15;4;2;1;1;6.0;386;GENERAL SARRAIL (DU);;;;690
201600049453;16;9;27;2020;5;1;1;1;3.0;386;LAFAYETTE;;;;690
201600049457;16;9;29;1655;1;2;3;1;3.0;387;VIENNE (DE);M;4573949.0;485187.0;690
201600049460;16;9;30;1630;1;2;1;1;3.0;383;ALBERT THOMAS;;;;690
201600049462;16;10;1;10;5;2;2;1;3.0;387;DOMER;;;;690
201600049469;16;9;30;1140;1;2;2;1;1.0;388;44, FRERES LUMIERE (DES);;;;690
201600049475;16;10;4;720;1;2;1;1;6.0;383;191, FELIX FAURE;;;;690
201600049479;16;10;5;750;1;2;3;1;3.0;383;VIALA;;;;690
201600049480;16;10;5;1010;1;2;3;1;3.0;386;298, DUGUESCLIN;;;;690
201600049496;16;10;12;650;5;2;2;1;3.0;259;MARCEL CACHIN;;;;690
201600049499;16;10;13;2310;5;2;2;3;3.0;383;ETIENNE RICHERAND;;;;690
201600049506;16;10;17;1545;1;2;1;1;3.0;387;JEAN JAURES;M;4574418.0;484131.0;690
201600049507;16;10;18;1700;1;2;2;1;3.0;386;10, JULIETTE RECAMIER;;;;690
201600049508;16;10;18;1650;1;2;1;1;3.0;383;16, VERLET HANUS;;;;690
201600049509;16;10;18;1730;1;2;1;1;3.0;388;, PROFESSEUR BEAUVISAGE;M;;;690
201600049510;16;10;19;2140;5;2;4;1;3.0;383;41, DAUPHINE (DU);M;4575265.0;486582.0;690
201600049514;16;10;20;1700;1;2;2;1;1.0;388;JEAN MERMOZ;;;;690
201600049519;16;10;25;1650;1;2;1;1;3.0;199;LOUIS AULAGNE;;;;690
201600049535;16;11;4;700;1;2;1;1;3.0;387;105, JEAN JAURES;M;4574344.0;484099.0;690
201600049537;16;11;4;1210;1;2;6;1;3.0;259;38, DOCTEUR COBLOD (DU);;;;690
201600049539;16;11;7;1255;1;2;1;1;3.0;388;6, VOLNEY;;;;690
201600049547;16;11;15;1330;1;2;1;1;1.0;387;BERTHELOT;M;4574516.0;484198.0;690
201600049564;16;11;23;1430;1;2;1;1;6.0;383;18, DOMREMY;;;;690
201600049565;16;11;24;700;5;2;3;2;1.0;259;, ETHEL ET JULIUS ROSENB;;;;690
201600049574;16;11;28;1900;5;1;3;1;3.0;388;PINEL;;;;690
201600049581;16;11;30;840;1;2;1;1;6.0;259;MARCEL PAUL;;;;690
201600049582;16;11;30;740;1;2;1;1;6.0;388;50, ANTOINE LUMIERE;;;;690
201600049599;16;12;7;1300;1;2;1;1;3.0;383;128, FELIX FAURE;;;;690
201600049605;16;12;11;2130;5;2;2;1;5.0;387;YVES FARGES;;;;690
201600049612;16;12;16;730;5;2;2;1;3.0;387;BERTHELOT;;;;690
201600049616;16;12;19;745;1;2;1;8;3.0;259;101, IRENE JOLIOT CURIE;;;;690
201600049619;16;12;21;15;5;1;2;1;1.0;386;TRONCHET;;;;690
201600049627;16;12;28;110;5;2;1;1;2.0;259;1, FRANCIS DE PRESSENSE;;;;690
201600049633;16;12;31;315;5;2;1;1;3.0;383;157, LAFAYETTE;M;4576362.0;485491.0;690
201600050195;16;3;16;2010;3;1;1;2;4.0;290;RN346   38.960 A 40.883;;;;690
201600050233;16;4;18;1114;1;1;1;4;4.0;297;A46S   61.220 A 62.000;;;;690
201600050247;16;5;21;224;3;1;1;1;1.0;290;A46S   40.883 A 43.680;;;;690
201600050280;16;7;4;2250;4;2;2;1;3.0;544;RN7   5.180 A 10.000;M;4553473.0;487237.0;380
201600050625;16;4;25;800;1;1;1;1;2.0;5;A50-Sens Marseille vers;M;0.0;0.0;130
201600050683;16;5;26;1630;1;1;1;1;3.0;71;A7-Sens Marseille vers*L;;;;130
201600050985;16;11;12;1530;1;1;1;1;6.0;55;A55-Sens Marseille vers*;;;;130
201600051081;16;12;28;455;3;1;1;1;3.0;19;A51-Sens Aix en Provence;M;0.0;0.0;130
201600051089;16;1;21;1230;1;2;2;1;6.0;101;202, RUE SAINT HONORE;M;4886270.0;233736.0;750
201600051103;16;3;23;1735;1;2;1;1;3.0;101;10, BOULEVARD DE SEBASTO;M;4885930.0;234866.0;750
201600051104;16;3;24;925;1;2;7;1;3.0;101;174, RUE DE RIVOLI;M;4886270.0;233525.0;750
201600051110;16;4;9;45;5;2;3;1;2.0;104;26, RUE DU RENARD;M;4886030.0;235292.0;750
201600051131;16;6;19;1040;1;2;2;1;6.0;102;45, RUE DES PETITS CARRE;M;4886840.0;234765.0;750
201600051139;16;7;6;1830;1;2;1;1;2.0;101;104, RUE DE RIVOLI;M;4885890.0;234700.0;750
201600051144;16;7;15;1120;1;2;3;1;3.0;101;14, RUE JEAN JACQUES ROU;M;4886240.0;234029.0;750
201600051148;16;7;28;835;1;2;1;2;3.0;101;104, RUE DE RIVOLI;M;4885890.0;234700.0;750
201600051151;16;8;3;2010;2;2;3;1;2.0;103;6, RUE DU PARC ROYAL;M;4885830.0;236380.0;750
201600051164;16;9;28;1155;1;2;3;1;2.0;102;12, RUE DES CAPUCINES;M;4886890.0;232940.0;750
201600051172;16;11;3;1505;1;2;2;1;3.0;101;RUE DU COLONEL DRIANT;M;4886350.0;233975.0;750
201600051177;16;11;14;1710;2;2;1;1;6.0;101;104, RUE DE RIVOLI;M;4885890.0;234700.0;750
201600051191;16;1;11;2050;5;2;2;2;3.0;102;32, RUE ETIENNE MARCEL;M;4886440.0;234667.0;750
201600051199;16;1;21;740;2;2;2;8;3.0;109;61, RUE LA FAYETTE;M;4887580.0;234369.0;750
201600051214;16;2;28;140;5;2;2;1;7.0;102;77, BOULEVARD DE SEBASTO;M;4886440.0;235150.0;750
201600051232;16;4;14;1030;1;2;3;1;3.0;102;120, RUE MONTMARTRE;M;4886780.0;234375.0;750
201600051233;16;4;14;1330;1;2;2;1;6.0;102;RUE SAINT DENIS;M;4886410.0;235009.0;750
201600051235;16;4;25;1210;1;2;7;1;6.0;109;44, BOULEVARD HAUSSMANN;M;4887310.0;233165.0;750
201600051237;16;5;3;1630;1;2;2;1;3.0;102;18, RUE DE LA PAIX;M;4886960.0;233150.0;750
201600051238;16;5;13;1120;1;2;3;1;6.0;102;142, RUE SAINT DENIS;M;4886520.0;235038.0;750
201600051242;16;6;1;1750;1;2;2;1;3.0;102;RUE REAUMUR;M;4886690.0;234943.0;750
201600051244;16;6;8;1005;1;2;3;1;2.0;103;68, BOULEVARD DE SEBASTO;M;4886410.0;235136.0;750
201600051252;16;6;23;2300;5;2;3;1;6.0;102;144, RUE MONTMARTRE;M;4886880.0;234331.0;750
201600051254;16;7;2;1440;1;2;2;1;3.0;102;139, BOULEVARD DE SEBAST;M;4886870.0;235387.0;750
201600051264;16;10;4;1220;1;2;3;1;6.0;104;69, RUE SAINT ANTOINE;M;4885430.0;236373.0;750
201600051265;16;10;8;1930;5;2;3;1;3.0;104;BOULEVARD MORLAND;M;4884900.0;236447.0;750
201600051268;16;10;14;1110;1;2;1;8;3.0;102;RUE ETIENNE MARCEL;M;4886400.0;234836.0;750
201600051277;16;11;10;1845;5;2;2;3;1.0;102;02, RUE ETIENNE MARCEL;M;4886340.0;235094.0;750
201600051286;16;12;15;1803;5;2;3;1;3.0;101;RUE DE RIVOLI;M;4886150.0;233907.0;750
201600051288;16;1;4;1640;2;2;7;1;3.0;102;38, AVENUE DE L OPERA;M;4887020.0;233220.0;750
201600051295;16;1;20;1010;1;2;1;1;3.0;103;BOULEVARD DE SEBASTOPOL;M;4886570.0;235220.0;750
201600051297;16;1;22;1400;1;2;5;3;3.0;103;55, BOULEVARD SAINT MART;M;4886900.0;235558.0;750
201600051317;16;3;12;1245;1;2;2;1;2.0;101;192, RUE DE RIVOLI;M;4886380.0;233207.0;750
201600051318;16;3;16;1836;5;2;1;1;2.0;101;10, RUE DES PYRAMIDES;M;4886480.0;233285.0;750
201600051337;16;5;9;1740;1;2;5;1;3.0;103;53, RUE DE TURBIGO;M;4886550.0;235571.0;750
201600051339;16;5;13;940;1;2;3;1;3.0;103;51, RUE DE TURBIGO;M;4886550.0;235571.0;750
201600051342;16;5;27;830;1;2;5;1;3.0;101;15, RUE ETIENNE MARCEL;M;4886390.0;234908.0;750
201600051347;16;6;7;1845;1;2;3;1;7.0;103;64, BOULEVARD DE SEBASTO;M;4886410.0;235136.0;750
201600051354;16;6;18;2020;1;2;1;1;2.0;103;19, BOULEVARD SAINT MART;M;4886830.0;235987.0;750
201600051355;16;6;20;1110;1;2;1;1;6.0;103;99, RUE BEAUBOURG;M;4886460.0;235529.0;750
201600051357;16;6;30;1420;1;2;1;8;3.0;103;114, RUE DE TURENNE;M;4886320.0;236463.0;750
201600051360;16;7;5;2130;5;2;1;1;2.0;103;292, RUE SAINT MARTIN;M;4886700.0;235440.0;750
201600051365;16;7;20;2320;5;2;2;1;6.0;104;QUAI DE L HOTEL DE VILLE;M;4885520.0;235280.0;750
201600051368;16;7;27;1455;1;2;1;1;5.0;103;RUE DU GRENIER SAINT LAZ;M;4886270.0;235379.0;750
201600051371;16;8;2;1125;1;2;2;2;5.0;103;91, RUE BEAUBOURG;M;4886430.0;235510.0;750
201600051374;16;8;18;1640;1;2;2;8;7.0;103;99, BOULEVARD BEAUMARCHA;M;4886010.0;236743.0;750
201600051375;16;8;23;1500;1;2;2;1;3.0;103;25, RUE AUX OURS;M;4886340.0;235094.0;750
201600051376;16;8;29;1700;1;2;3;1;2.0;103;76, RUE DE TURENNE;M;4886030.0;236455.0;750
201600051377;16;9;2;930;1;2;3;1;6.0;103;14, RUE PERREE;M;4886490.0;236074.0;750
201600051379;16;9;6;1925;1;2;2;2;7.0;103;378, RUE DU TEMPLE;M;4886720.0;236302.0;750
201600051383;16;9;8;2125;5;2;1;1;3.0;103;33, BOULEVARD SAINT MART;M;4886860.0;235820.0;750
201600051384;16;9;10;1535;1;2;3;1;2.0;103;5, BOULEVARD DES FILLES;M;4886140.0;236714.0;750
201600051388;16;9;22;1035;1;2;1;1;2.0;103;41, RUE REAUMUR;M;4886590.0;235422.0;750
201600051391;16;9;28;945;1;2;2;1;3.0;103;43, RUE REAUMUR;M;4886600.0;235376.0;750
201600051397;16;10;9;1510;1;2;3;1;6.0;103;52, RUE DE TURBIGO;M;4886570.0;235688.0;750