Num_Acc;an;mois;jour;hrmn;lum;agg;int;atm;col;com;adr;gps;lat;long;dep
201600051398;16;10;10;1440;1;2;1;1;6.0;103;93, BOULEVARD BEAUMARCHA;M;4885960.0;236755.0;750
201600051399;16;10;11;1700;1;2;1;1;6.0;103;11, BOULEVARD DU TEMPLE;M;4886380.0;236629.0;750
201600051403;16;10;15;2110;5;2;1;1;3.0;104;5, BOULEVARD DU PALAIS;M;4885510.0;234565.0;750
201600051412;16;11;10;1440;1;2;2;2;2.0;103;22, RUE BEAUBOURG;M;4886120.0;235345.0;750
201600051418;16;11;21;2055;5;2;3;1;3.0;103;168, RUE SAINT MARTIN;M;4886240.0;235204.0;750
201600051420;16;11;24;1835;5;2;4;1;3.0;103;33, BOULEVARD DU TEMPLE;M;4886530.0;236539.0;750
201600051422;16;11;26;1845;5;2;5;1;3.0;102;59, RUE REAUMUR;M;4886650.0;235109.0;750
201600051424;16;11;30;800;1;2;2;1;3.0;104;12, QUAI DE GESVRES;M;4885670.0;234891.0;750
201600051428;16;12;3;1915;5;2;2;1;6.0;102;30, RUE ETIENNE MARCEL;M;4886440.0;234667.0;750
201600051431;16;12;8;2110;5;2;1;1;1.0;103;26, RUE RAMBUTEAU;M;4886100.0;235411.0;750
201600051439;16;12;20;2105;5;2;2;1;6.0;103;62, RUE REAUMUR;M;4886600.0;235376.0;750
201600051440;16;12;26;1445;1;2;2;1;3.0;102;281, RUE SAINT DENIS;M;4886890.0;235218.0;750
201600051445;16;1;9;425;5;2;2;1;6.0;104;RUE SAINT MARTIN;M;4885730.0;234922.0;750
201600051453;16;1;27;2010;5;2;1;2;2.0;104;111, RUE SAINT ANTOINE;M;4885510.0;236104.0;750
201600051467;16;3;4;2000;5;2;5;2;3.0;104;3, BOULEVARD BEAUMARCHAI;M;4885370.0;236896.0;750
201600051472;16;3;11;1730;1;2;2;1;6.0;104;38, BOULEVARD DE SEBASTO;M;4886200.0;235013.0;750
201600051473;16;3;11;1930;5;2;2;1;1.0;104;QUAI DES CELESTINS;M;4885330.0;235779.0;750
201600051481;16;4;2;1040;1;2;3;1;3.0;104;12, RUE SAINT ANTOINE;M;4885350.0;236650.0;750
201600051488;16;4;20;2055;5;2;1;1;3.0;104;54, RUE SAINT ANTOINE;M;4885420.0;236404.0;750
201600051490;16;4;21;2105;5;2;3;1;1.0;104;9, RUE DE SEVIGNE;M;4885590.0;236226.0;750
201600051491;16;4;26;830;1;2;5;8;3.0;101;102, RUE DE RIVOLI;M;4885880.0;234748.0;750
201600051495;16;5;4;1545;1;2;2;1;3.0;104;/, RUE DE RIVOLI;M;4885690.0;235380.0;750
201600051498;16;5;12;2000;2;2;7;2;6.0;104;25, PLACE DES VOSGES;M;4885620.0;236574.0;750
201600051500;16;5;19;835;1;2;1;2;2.0;104;3, RUE DU RENARD;M;4885780.0;235156.0;750
201600051507;16;5;23;1830;1;2;7;1;6.0;104;01, BOULEVARD DE SEBASTO;M;4885770.0;234776.0;750
201600051513;16;6;2;1110;1;2;2;8;3.0;109;2, BOULEVARD HAUSSMANN;M;4887200.0;233998.0;750
201600051525;16;6;28;2100;2;2;2;1;6.0;104;24, BOULEVARD DE SEBASTO;M;4886060.0;234934.0;750
201600051526;16;7;1;1910;1;2;4;1;3.0;104;9, BOULEVARD MORLAND;M;4884820.0;236497.0;750
201600051543;16;7;25;940;1;2;4;1;3.0;104;10, BOULEVARD MORLAND;M;4884900.0;236447.0;750
201600051550;16;8;10;2045;2;2;2;1;3.0;103;RUE DES FRANCS BOURGEOIS;M;4885720.0;236175.0;750
201600051554;16;8;19;1435;1;2;1;2;2.0;104;5, BOULEVARD DU PALAIS;M;4885510.0;234565.0;750
201600051559;16;8;23;1645;1;2;5;1;3.0;104;01, RUE DE LA COUTELLERI;M;4885750.0;235141.0;750
201600051562;16;8;25;1025;1;2;2;1;3.0;104;43, BOULEVARD HENRI IV;M;4885250.0;236672.0;750
201600051568;16;9;2;1700;1;2;2;1;6.0;104;PONT D ARCOLE;M;4885600.0;235089.0;750
201600051571;16;9;8;830;1;2;1;1;6.0;104;4, QUAI DES CELESTINS;M;4885170.0;236170.0;750
201600051582;16;9;30;1315;1;2;2;1;3.0;104;36, RUE BEAUBOURG;M;4886120.0;235345.0;750
201600051583;16;10;2;1213;1;2;3;1;5.0;104;08, RUE DE RIVOLI;M;4885520.0;236113.0;750
201600051587;16;10;15;1525;1;2;3;1;3.0;101;22, QUAI DE LA MEGISSERI;M;4885830.0;234337.0;750
201600051594;16;11;12;1310;1;2;2;1;3.0;104;QUAI AUX FLEURS;M;4885510.0;235021.0;750
201600051595;16;11;16;1925;5;2;2;1;3.0;104;QUAI DE L HOTEL DE VILLE;M;4885440.0;235494.0;750
201600051597;16;11;28;1700;2;2;3;1;3.0;104;QUAI DES CELESTINS;M;4885260.0;235980.0;750
201600051600;16;12;1;1100;1;2;2;1;3.0;104;22, RUE DU RENARD;M;4885950.0;235251.0;750
201600051605;16;12;10;1950;5;2;2;1;3.0;104;32, RUE DES ARCHIVES;M;4885850.0;235524.0;750
201600051613;16;12;27;1315;1;2;7;1;3.0;104;5, PLACE DE L HOTEL DE V;M;4885680.0;235104.0;750
201600051616;16;1;5;1750;2;2;2;1;1.0;105;01, RUE DU CARDINAL LEMO;M;4885000.0;235486.0;750
201600051617;16;1;8;1320;1;2;1;1;6.0;105;19, RUE BUFFON;M;4884260.0;236150.0;750
201600051622;16;1;16;1150;1;2;2;1;3.0;105;96, BOULEVARD SAINT GERM;M;4885140.0;234314.0;750
201600051630;16;2;5;807;1;2;1;1;3.0;105;34, RUE PIERRE NICOLE;M;4884020.0;233901.0;750
201600051638;16;2;16;1230;1;2;4;1;7.0;105;08, RUE DANTE;M;4885110.0;234618.0;750
201600051640;16;2;18;2155;5;2;2;8;3.0;105;02, RUE DU PETIT PONT;M;4885280.0;234661.0;750
201600051642;16;2;25;917;1;2;2;7;3.0;105;PONT DE SULLY;M;4884940.0;235682.0;750
201600051647;16;3;3;2045;5;2;3;1;3.0;105;76, BOULEVARD SAINT GERM;M;4885060.0;234641.0;750
201600051651;16;3;8;1100;1;2;2;1;2.0;105;23, QUAI SAINT BERNARD;M;4884940.0;235611.0;750
201600051652;16;3;8;1850;5;2;3;1;6.0;105;218, RUE SAINT JACQUES;M;4884490.0;234233.0;750
201600051654;16;3;14;1010;1;2;7;1;2.0;105;3, RUE SOUFFLOT;M;4884650.0;234472.0;750
201600051655;16;3;14;1820;2;2;3;1;2.0;105;75 BIS, RUE MONGE;M;4884300.0;235216.0;750
201600051657;16;3;17;2216;5;2;3;1;3.0;105;127, BOULEVARD SAINT MIC;M;4884250.0;233818.0;750
201600051661;16;4;5;1605;1;2;2;1;6.0;105;39, BOULEVARD SAINT GERM;M;4884960.0;235032.0;750
201600051662;16;4;5;2030;5;2;2;1;3.0;105;BOULEVARD SAINT MICHEL;M;4885140.0;234314.0;750
201600051666;16;4;14;10;5;2;2;1;2.0;105;6, RUE DU PETIT PONT;M;4885280.0;234661.0;750
201600051668;16;4;20;139;5;2;1;1;6.0;105;13, QUAI SAINT BERNARD;M;4884910.0;235762.0;750
201600051676;16;5;12;920;1;2;5;1;6.0;105;PONT DE SULLY;M;4884940.0;235682.0;750
201600051687;16;6;1;1800;1;2;2;1;3.0;105;/, RUE DES FEUILLANTINES;M;4884210.0;234130.0;750
201600051688;16;6;2;20;5;2;2;3;3.0;105;21, BOULEVARD SAINT MICH;M;4885140.0;234314.0;750
201600051690;16;6;3;1510;1;2;7;1;5.0;105;103, BOULEVARD SAINT MIC;M;4884430.0;233915.0;750
201600051700;16;6;14;1700;1;2;2;1;6.0;105;69, BOULEVARD SAINT GERM;M;4885080.0;234548.0;750
201600051701;16;6;16;830;1;2;1;1;3.0;105;23, QUAI SAINT BERNARD;M;4884910.0;235762.0;750
201600051705;16;6;22;2000;1;2;2;1;6.0;105;34BIS, RUE GEOFFROY SAIN;M;4884120.0;235596.0;750
201600051710;16;6;29;1610;1;2;1;1;2.0;105;RUE SOUFFLOT;M;4884720.0;234171.0;750
201600051711;16;6;29;1945;1;2;1;1;3.0;105;PONT PETIT PONT;M;4885310.0;234682.0;750
201600051713;16;6;30;820;1;2;2;8;3.0;105;83, RUE MONGE;M;4884220.0;235202.0;750
201600051721;16;7;12;1444;1;2;1;1;3.0;105;12 BIS, AVENUE DES GOBEL;M;4883770.0;235117.0;750
201600051725;16;7;27;2000;1;2;2;1;3.0;105;77, RUE MONGE;M;4884270.0;235212.0;750
201600051726;16;7;29;1732;1;2;2;1;3.0;105;69, BOULEVARD SAINT MICH;M;4884700.0;234061.0;750
201600051727;16;7;29;1845;1;2;1;1;3.0;105;53, RUE MONGE;M;4884490.0;235222.0;750
201600051731;16;7;31;1335;1;2;7;1;3.0;105;01, PLACE DU PANTHEON;M;4884550.0;234685.0;750
201600051733;16;8;4;1820;1;2;2;1;3.0;105;45, RUE CLAUDE BERNARD;M;4884030.0;234595.0;750
201600051743;16;8;26;1810;1;2;5;1;3.0;105;QUAI SAINT BERNARD;M;4884940.0;235682.0;750
201600051745;16;8;28;1755;1;2;7;1;6.0;105;46, RUE SAINT JACQUES;M;4884960.0;234483.0;750
201600051746;16;8;31;1010;1;2;5;1;3.0;105;4, AVENUE DES GOBELINS;M;4883840.0;235068.0;750
201600051753;16;9;10;1745;1;2;1;1;2.0;105;4, BOULEVARD DE L HOPITA;M;4884280.0;236393.0;750
201600051757;16;9;18;1453;1;2;5;8;3.0;105;QUAI SAINT BERNARD;M;4884940.0;235682.0;750
201600051761;16;9;26;1040;1;2;4;1;3.0;113;48, BOULEVARD DE L HOPIT;M;4883910.0;236115.0;750
201600051762;16;9;27;1800;1;2;2;1;6.0;105;172, RUE SAINT JACQUES;M;4884680.0;234331.0;750
201600051770;16;10;13;1920;2;2;5;2;6.0;105;RUE DES ECOLES;M;4885040.0;234267.0;750
201600051774;16;10;23;1928;5;2;2;2;3.0;105;/, BOULEVARD SAINT GERMA;M;4885140.0;234314.0;750
201600051778;16;11;10;1355;1;2;4;2;6.0;105;24, RUE JUSSIEU;M;4884650.0;235457.0;750
201600051784;16;11;17;1400;1;2;1;1;6.0;105;32, RUE DES FOSSES SAINT;M;4884600.0;234322.0;750
201600051814;16;1;9;1335;1;2;2;1;6.0;106;20, RUE SAINT SULPICE;M;4885150.0;233704.0;750
201600051816;16;1;15;2030;5;2;2;1;3.0;106;78, BOULEVARD RASPAIL;M;4884800.0;232774.0;750
201600051817;16;1;16;1515;1;2;2;1;2.0;106;RUE DE RENNES;M;4885240.0;233182.0;750
201600051827;16;2;6;1445;1;2;1;1;6.0;106;139, RUE DE RENNES;M;4884620.0;232613.0;750
201600051835;16;2;17;1350;1;2;3;1;3.0;106;7, RUE DU VIEUX COLOMBIE;M;4885140.0;233201.0;750
201600051837;16;3;1;1645;1;2;5;2;3.0;106;25, BOULEVARD DU MONTPAR;M;4884510.0;232016.0;750
201600051841;16;3;4;1610;1;2;1;1;3.0;106;89, RUE DU CHERCHE MIDI;M;4884730.0;232221.0;750
201600051846;16;3;18;2100;5;2;5;1;3.0;106;1, RUE DU CHERCHE MIDI;M;4885210.0;232976.0;750
201600051848;16;3;19;1330;1;2;5;1;3.0;106;1, QUAI DE CONTI;M;4885610.0;234044.0;750
201600051850;16;3;29;1930;1;2;7;2;6.0;105;137, BOULEVARD SAINT MIC;M;4884170.0;233777.0;750
201600051853;16;4;8;1710;1;2;1;1;3.0;106;155 BIS, RUE DE RENNES;M;4884510.0;232509.0;750
201600051859;16;4;12;2340;5;2;2;1;3.0;106;84, BOULEVARD RASPAIL;M;4884730.0;232791.0;750
201600051865;16;4;22;1023;1;2;2;1;3.0;106;120, BOULEVARD SAINT GER;M;4885210.0;234008.0;750
201600051868;16;5;1;420;5;2;2;1;3.0;106;BOULEVARD SAINT GERMA;M;4885290.0;233697.0;750
201600051869;16;5;7;1620;1;2;7;1;7.0;106;RUE DE MEDICIS;M;4884770.0;234004.0;750
201600051873;16;5;10;2230;5;2;1;2;6.0;106;84, RUE DE RENNES;M;4885050.0;233009.0;750
201600051874;16;5;13;1305;1;2;5;1;3.0;106;125, RUE DE RENNES;M;4884700.0;232692.0;750
201600051885;16;6;24;2230;5;2;2;1;3.0;106;, BOULEVARD SAINT GERMAI;M;4885380.0;233323.0;750
201600051888;16;6;27;1440;1;2;4;8;3.0;106;75, RUE DE RENNES;M;4885110.0;233067.0;750
201600051890;16;6;30;820;1;2;1;1;3.0;106;RUE DANTON;M;4885280.0;234255.0;750
201600051894;16;7;6;1245;1;2;1;1;3.0;106;21, QUAI DE CONTI;M;4885740.0;233811.0;750
201600051895;16;7;11;1655;1;2;1;1;3.0;106;57, RUE BONAPARTE;M;4885210.0;233302.0;750
201600051897;16;7;13;2115;2;2;5;1;3.0;106;84, BOULEVARD RASPAIL;M;4884730.0;232791.0;750
201600051907;16;8;18;1255;1;2;5;1;7.0;106;29, BOULEVARD DU MONTPAR;M;4884510.0;232016.0;750
201600051908;16;8;22;1715;1;2;4;1;6.0;106;7, CARREFOUR ODEON;M;4885200.0;233862.0;750
201600051910;16;9;2;1835;1;2;2;1;6.0;106;29, RUE DE VAUGIRARD;M;4884820.0;233101.0;750
201600051911;16;9;5;950;1;2;2;2;3.0;106;1, RUE BREA;M;4884400.0;233062.0;750
201600051916;16;9;14;1200;1;2;2;1;3.0;106;119, BOULEVARD RASPAIL;M;4884560.0;232862.0;750
201600051920;16;9;23;1915;1;2;3;1;6.0;106;119, RUE DE SEVRES;M;4884790.0;231939.0;750
201600051921;16;9;24;1710;1;2;7;1;6.0;106;6, PLACE EDMOND ROSTAND;M;4884770.0;234004.0;750
201600051922;16;9;24;2010;5;2;3;1;2.0;106;45, RUE DE RENNES;M;4885320.0;233255.0;750
201600051925;16;10;5;1340;1;2;1;1;3.0;106;12, RUE BONAPARTE;M;4885670.0;233475.0;750
201600051929;16;10;10;910;1;2;1;1;6.0;106;QUAI DE CONTI;M;4885680.0;233927.0;750
201600051945;16;11;10;1830;5;2;2;3;3.0;106;BOULEVARD DU MONTPARNASS;M;4884150.0;233121.0;750
201600051953;16;12;7;1650;2;2;3;1;3.0;106;53, RUE DE SEVRES;M;4885020.0;232409.0;750
201600051954;16;12;13;1702;5;2;3;1;3.0;106;15 BIS, RUE DE VAUGIRARD;M;4884920.0;233596.0;750
201600051955;16;12;16;1022;1;2;3;1;6.0;106;57, BOULEVARD DU MONTPAR;M;4884410.0;232310.0;750
201600051957;16;12;23;1115;1;2;5;1;6.0;106;115, RUE DE RENNES;M;4884810.0;232791.0;750
201600051976;16;1;29;750;2;2;3;1;3.0;107;18, RUE DE L UNIVERSITE;M;4885680.0;233034.0;750
201600051990;16;2;25;2000;5;2;2;1;3.0;107;239, BOULEVARD SAINT GER;M;4886120.0;232058.0;750
201600051992;16;2;26;1335;1;2;1;1;3.0;107;AVENUE JOSEPH BOUVARD;M;4885490.0;229591.0;750
201600051996;16;3;6;855;1;2;1;1;6.0;107;QUAI D ORSAY;M;4886270.0;231096.0;750
201600052003;16;3;11;834;1;2;2;1;3.0;107;AVENUE DU MARECHAL GALLI;M;4886110.0;231318.0;750
201600052013;16;3;29;955;1;2;7;8;3.0;107;27, RUE D ESTREES;M;4885110.0;230703.0;750
201600052022;16;4;19;1600;1;2;1;1;7.0;107;1, PORT DE LA BOURDONNAI;M;4885960.0;229298.0;750
201600052025;16;4;28;1742;1;2;2;8;3.0;107;17, AVENUE DE LA BOURDON;M;4885930.0;229758.0;750
201600052030;16;5;3;900;1;2;7;1;6.0;107;BOULEVARD RASPAIL;M;4885590.0;232555.0;750
201600052032;16;5;3;1850;1;2;7;1;6.0;107;59, QUAI BRANLY;M;4886060.0;229553.0;750
201600052042;16;5;23;2330;5;2;2;1;6.0;107;AVENUE CHARLES FLOQUET;M;4885670.0;229355.0;750
201600052043;16;5;26;910;1;2;2;1;3.0;107;35, QUAI VOLTAIRE;M;4885950.0;232936.0;750
201600052053;16;6;4;1235;1;2;5;1;3.0;107;QUAI D ORSAY;M;4886270.0;231902.0;750
201600052057;16;6;11;1743;1;2;4;1;1.0;107;PLACE HENRY DE MONTHERLA;M;4885990.0;232816.0;750
201600052059;16;6;16;1915;1;2;1;8;2.0;107;24, BOULEVARD DES INVALI;M;4885250.0;231457.0;750
201600052060;16;6;16;2235;5;2;1;1;7.0;107;73, QUAI D ORSAY;M;4886230.0;230505.0;750
201600052061;16;6;18;1159;1;2;3;1;3.0;107;QUAI VOLTAIRE;M;4885930.0;233019.0;750
201600052066;16;6;29;1025;1;2;2;1;3.0;107;7, QUAI VOLTAIRE;M;4885850.0;233243.0;750
201600052072;16;7;12;2050;1;2;1;1;6.0;107;11, RUE SAINT DOMINIQUE;M;4885830.0;232243.0;750
201600052081;16;7;29;955;1;2;1;1;3.0;107;45, RUE SAINT DOMINIQUE;M;4885990.0;231718.0;750
201600052083;16;8;1;2035;3;2;1;1;2.0;107;22, AVENUE RAPP;M;4885920.0;230061.0;750
201600052084;16;8;4;2150;5;2;3;1;2.0;107;QUAI D ORSAY;M;4886240.0;230962.0;750
201600052088;16;8;25;900;1;2;5;1;3.0;107;QUAI D ORSAY;M;4886270.0;231902.0;750
201600052092;16;9;2;1928;2;2;3;1;3.0;107;RUE FABERT;M;4886280.0;231163.0;750
201600052094;16;9;5;950;1;2;1;2;2.0;107;16, RUE DE BABYLONE;M;4885170.0;232428.0;750
201600052096;16;9;8;915;1;2;1;1;1.0;107;80, RUE DE SEVRES;M;4884730.0;231794.0;750
201600052098;16;9;18;1925;2;2;2;3;3.0;107;33, QUAI D ORSAY;M;4886270.0;231902.0;750
201600052099;16;9;19;1000;1;2;1;8;3.0;107;PONT D IENA;M;4885970.0;229224.0;750
201600052107;16;10;6;1521;1;2;1;1;3.0;107;20, AVENUE DE SEGUR;M;4885060.0;230885.0;750
201600052118;16;10;25;1900;5;2;1;1;6.0;107;142 BIS, RUE DE GRENELLE;M;4885790.0;231572.0;750
201600052119;16;10;27;1145;1;2;2;1;3.0;107;2, AVENUE OCTAVE GREARD;M;4885620.0;229295.0;750
201600052136;16;12;1;1315;1;2;1;1;3.0;107;55, RUE SAINT DOMINIQUE;M;4885990.0;231574.0;750
201600052161;16;1;15;1740;3;2;1;1;7.0;108;47, RUE D AMSTERDAM;M;4887980.0;232701.0;750
201600052187;16;2;10;2030;5;2;7;8;3.0;108;15, AVENUE DE FRIEDLAND;M;4887470.0;230362.0;750
201600052196;16;2;17;846;1;2;7;1;3.0;108;PLACE DE LA CONCORDE;M;4886500.0;232027.0;750
201600052202;16;2;22;2210;5;2;3;2;3.0;108;11, AVENUE MONTAIGNE;M;4886530.0;230289.0;750
201600052214;16;3;2;1550;1;2;2;1;3.0;108;37, RUE DE BERRI;M;4887370.0;230647.0;750
201600052223;16;3;7;1820;5;2;7;2;3.0;108;PLACE DE LA CONCORDE;M;4886470.0;232055.0;750
201600052237;16;3;23;1030;1;2;7;1;3.0;108;11, PLACE SAINT AUGUSTIN;M;4887560.0;231881.0;750
201600052243;16;3;25;1150;1;2;4;1;3.0;108;7, BOULEVARD MALESHERBES;M;4887060.0;232286.0;750
201600052256;16;4;5;1415;1;2;5;1;3.0;108;COURS ALBERT 1ER;M;4886420.0;230178.0;750
201600052267;16;4;11;910;1;2;5;2;3.0;108;5, PLACE SAINT AUGUSTIN;M;4887470.0;232004.0;750
201600052293;16;5;1;1805;1;2;2;1;3.0;108;AVENUE DE MARIGNY;M;4886900.0;231475.0;750
201600052300;16;5;4;2025;2;2;2;1;3.0;108;117, AVENUE DES CHAMPS E;M;4887240.0;229949.0;750
201600052307;16;5;9;1200;1;2;2;1;3.0;108;2, AVENUE DE FRIEDLAND;M;4887490.0;230541.0;750
201600052312;16;5;11;1220;1;2;7;1;6.0;108;1, PLACE GEORGES GUILLAU;M;4887490.0;230181.0;750
201600052323;16;5;24;1115;1;2;2;1;3.0;116;33, AVENUE PIERRE 1ER DE;M;4886750.0;229922.0;750
201600052324;16;5;25;1630;1;2;7;1;3.0;108;AVENUE MONTAIGNE;M;4886850.0;230925.0;750
201600052343;16;6;7;1530;1;2;2;1;3.0;108;18, RUE DE PENTHIEVRE;M;4887290.0;231595.0;750
201600052352;16;6;16;2300;1;2;2;1;2.0;108;AVENUE MONTAIGNE;M;4886700.0;230631.0;750
201600052356;16;6;19;630;2;2;7;1;3.0;108;4, PLACE DE LA CONCORDE;M;4886660.0;232190.0;750
201600052361;16;6;22;1130;1;2;7;1;3.0;108;AVENUE WINSTON CHURCHILL;M;4886710.0;231393.0;750
201600052366;16;6;26;1940;1;2;2;1;3.0;108;70, BOULEVARD MALESHERBE;M;4887840.0;231553.0;750
201600052368;16;6;28;900;1;2;1;1;3.0;108;13, RUE LA BOETIE;M;4887430.0;231793.0;750
201600052377;16;7;1;940;1;2;1;1;3.0;108;23, RUE DE LA PEPINIERE;M;4887500.0;232177.0;750
201600052379;16;7;4;820;1;2;1;1;3.0;108;51, RUE DE COURCELLES;M;4887680.0;230728.0;750
201600052388;16;7;8;1850;1;2;1;1;3.0;108;41, RUE D ARTOIS;M;4887430.0;230558.0;750
201600052394;16;7;12;2150;2;2;2;1;6.0;108;10, AVENUE DELCASSE;M;4887370.0;231445.0;750
201600052411;16;7;28;1630;1;2;4;1;2.0;108;21, RUE DE LIEGE;M;4887960.0;232700.0;750
201600052414;16;7;31;2025;2;2;1;1;2.0;108;174, BOULEVARD HAUSSMANN;M;4887500.0;230789.0;750
201600052423;16;8;9;920;1;2;2;1;3.0;108;31, BOULEVARD DES BATIGN;M;4888260.0;232335.0;750
201600052437;16;8;27;2230;3;2;1;6;6.0;108;51, BOULEVARD DE COURCEL;M;4887930.0;230391.0;750
201600052440;16;8;30;935;1;2;2;1;4.0;108;14, RUE LA BOETIE;M;4887420.0;231749.0;750
201600052454;16;9;7;1527;1;2;7;1;3.0;117;139, AVENUE DE WAGRAM;M;4888420.0;230266.0;750
201600052456;16;9;7;1900;1;2;2;1;3.0;108;24, RUE LA BOETIE;M;4887390.0;231586.0;750
201600052472;16;9;22;750;1;2;7;1;3.0;108;PLACE DE LA CONCORDE;M;4886420.0;232014.0;750
201600052480;16;9;30;1000;1;2;2;1;3.0;108;14, RUE LA BOETIE;M;4887420.0;231749.0;750
201600052501;16;10;25;1030;1;2;7;1;3.0;108;65, BOULEVARD MALESHERBE;M;4887560.0;231881.0;750
201600052513;16;11;4;2340;5;2;2;3;3.0;108;RUE DE ROME;M;4887810.0;232257.0;750
201600052516;16;11;9;840;1;2;2;1;3.0;108;COURS LA REINE;M;4886500.0;231369.0;750
201600052526;16;11;16;1600;1;2;7;1;3.0;108;6, PLACE DE LA CONCORDE;M;4886660.0;232190.0;750
201600052529;16;11;17;2240;5;2;7;1;3.0;108;4, PLACE DE LA CONCORDE;M;4886660.0;232190.0;750
201600052539;16;11;26;227;5;2;5;1;3.0;108;RUE DE ROME;M;4888200.0;232048.0;750
201600052549;16;12;7;2320;5;2;7;1;3.0;108;PLACE DU HAVRE;M;4887560.0;232657.0;750
201600052562;16;12;23;1745;5;2;7;8;3.0;108;2, AVENUE MONTAIGNE;M;4886530.0;230289.0;750
201600052576;16;1;21;2000;5;2;1;1;6.0;109;15, BOULEVARD DE ROCHECH;M;4888340.0;234763.0;750
201600052582;16;2;6;2000;5;2;3;1;3.0;109;75 BIS, BOULEVARD DE CLI;M;4888410.0;233080.0;750
201600052596;16;3;7;1640;1;2;5;1;3.0;109;80, RUE LA FAYETTE;M;4887660.0;234657.0;750
201600052597;16;3;8;730;1;2;1;1;2.0;109;9, RUE DE MOGADOR;M;4887390.0;233124.0;750
201600052602;16;3;25;1530;1;2;5;1;3.0;109;BOULEVARD DE ROCHECHOUAR;M;4888330.0;234689.0;750
201600052604;16;3;29;2320;5;2;7;2;3.0;109;/, BOULEVARD HAUSSMANN;M;4887320.0;233110.0;750
201600052621;16;5;6;850;1;2;7;1;6.0;109;75, RUE SAINT LAZARE;M;4887620.0;233109.0;750
201600052624;16;5;9;1450;1;2;3;8;3.0;109;12, BOULEVARD POISSONNIE;M;4887090.0;234672.0;750
201600052626;16;5;14;1510;1;2;7;1;3.0;109;57, RUE SAINT LAZARE;M;4887690.0;233420.0;750
201600052641;16;6;11;1300;1;2;1;2;6.0;109;58, RUE DU FAUBOURG POIS;M;4887520.0;234810.0;750
201600052642;16;6;12;1705;1;2;2;1;3.0;109;40, RUE LAFFITTE;M;4887410.0;233806.0;750
201600052645;16;6;24;900;1;2;1;1;3.0;109;43, RUE DU FAUBOURG MONT;M;4887460.0;234161.0;750
201600052647;16;6;25;130;5;2;5;1;2.0;109;43, RUE DE CAUMARTIN;M;4887300.0;232827.0;750
201600052648;16;6;25;1315;1;2;5;1;3.0;109;77, RUE SAINT LAZARE;M;4887620.0;233109.0;750
201600052659;16;7;21;230;5;2;7;1;3.0;109;PLACE PIGALLE;M;4888240.0;233690.0;750
201600052661;16;7;25;1000;1;2;2;1;3.0;109;30, RUE DE PROVENCE;M;4887410.0;233904.0;750
201600052673;16;8;25;1957;1;2;7;1;2.0;109;PLACE DE CLICHY;M;4888330.0;232749.0;750
201600052683;16;10;1;1140;1;2;4;1;3.0;109;10, BOULEVARD DE LA MADE;M;4886970.0;232647.0;750
201600052692;16;10;16;1848;2;2;1;1;6.0;109;53, RUE DE CHATEAUDUN;M;4887630.0;233366.0;750
201600052701;16;11;4;40;5;2;1;1;6.0;109;77, BOULEVARD DE CLICHY;M;4888430.0;233001.0;750
201600052711;16;11;19;1710;2;2;3;1;6.0;109;101, RUE SAINT LAZARE;M;4887570.0;232775.0;750
201600052719;16;12;1;1330;1;2;7;1;3.0;109;39, BOULEVARD DE ROCHECH;M;4888280.0;234444.0;750
201600052737;16;1;12;2100;5;2;3;2;6.0;110;14, BOULEVARD DE STRASBO;M;4887060.0;235495.0;750
201600052745;16;1;23;905;1;2;5;1;7.0;110;1, AVENUE CLAUDE VELLEFA;M;4887370.0;237033.0;750
201600052746;16;1;23;1545;1;2;3;1;7.0;110;74, QUAI DE JEMMAPES;M;4887170.0;236541.0;750
201600052747;16;1;23;2200;5;2;1;1;6.0;110;FACE 25, RUE DE DUNKERQU;M;4888000.0;235416.0;750
201600052764;16;2;8;1830;5;2;1;1;3.0;110;48BIS, QUAI DE JEMMAPES;M;4886980.0;236689.0;750
201600052768;16;2;13;2010;5;2;1;2;6.0;110;12, PLACE DE LA REPUBLIQ;M;4886810.0;236369.0;750
201600052774;16;2;29;1025;1;2;1;1;2.0;110;05, RUE DU CHATEAU D EAU;M;4886920.0;236184.0;750
201600052777;16;3;1;1830;2;2;1;1;3.0;110;9, PLACE DE LA BATAILLE;M;4888350.0;236896.0;750
201600052778;16;3;4;1530;1;2;1;2;6.0;110;52, RUE DU FAUBOURG SAIN;M;4887210.0;235396.0;750
201600052781;16;3;8;1000;1;2;1;1;3.0;110;139, AVENUE PARMENTIER;M;4887040.0;237073.0;750
201600052787;16;3;18;1420;1;2;2;1;3.0;110;77, BOULEVARD DE MAGENTA;M;4887620.0;235611.0;750