Num_Acc;an;mois;jour;hrmn;lum;agg;int;atm;col;com;adr;gps;lat;long;dep
201600056138;16;2;4;2230;5;2;5;8;3.0;119;17, AVENUE JEAN JAURES;M;4888280.0;237033.0;750
201600056141;16;2;8;1745;2;2;3;2;3.0;119;58, AVENUE JEAN JAURES;M;4888430.0;237588.0;750
201600056147;16;2;13;1905;5;2;3;2;3.0;119;215, BOULEVARD MACDONALD;M;4889870.0;237027.0;750
201600056153;16;2;22;1345;1;2;2;1;6.0;119;64, AVENUE DE FLANDRE;M;4888830.0;237413.0;750
201600056154;16;2;24;1045;1;2;7;1;3.0;119;2, BOULEVARD DE LA VILLE;M;4887210.0;237705.0;750
201600056166;16;3;18;1400;1;2;2;1;2.0;119;16, RUE DE L ARGONNE;M;4889310.0;238410.0;750
201600056167;16;3;19;1000;1;2;1;1;3.0;119;49 BIS, AVENUE DE FLANDR;M;4888690.0;237239.0;750
201600056179;16;4;1;1800;4;2;1;1;6.0;119;12, AVENUE DE LAUMIERE;M;4888360.0;238075.0;750
201600056185;16;4;3;1430;1;2;1;1;3.0;119;176, BOULEVARD DE LA VIL;M;4888110.0;237039.0;750
201600056192;16;4;13;1215;1;2;5;1;3.0;119;127, AVENUE JEAN JAURES;M;4888590.0;238220.0;750
201600056204;16;4;29;1825;1;2;2;1;6.0;119;1, RUE D AUBERVILLIERS;M;4889530.0;237189.0;750
201600056205;16;5;4;1910;1;2;3;1;1.0;119;17, QUAI DE L OISE;M;4889090.0;238390.0;750
201600056206;16;5;8;1530;1;2;1;1;3.0;119;67, AVENUE SIMON BOLIVAR;M;4887640.0;237725.0;750
201600056209;16;5;15;1635;1;2;1;1;3.0;119;95, AVENUE DE FLANDRE;M;4888980.0;237542.0;750
201600056219;16;5;26;100;5;2;1;1;2.0;119;61, RUE DE L OURCQ;M;4889170.0;238017.0;750
201600056224;16;5;30;2015;2;2;3;2;3.0;119;174, RUE GRESSET;M;4889010.0;237736.0;750
201600056227;16;6;1;1345;1;2;1;1;6.0;119;214, BOULEVARD DE LA VIL;M;4888430.0;236795.0;750
201600056230;16;6;8;1605;1;2;1;1;6.0;119;64, RUE DE MEAUX;M;4888230.0;237473.0;750
201600056242;16;6;23;730;1;2;1;1;3.0;119;221, AVENUE JEAN JAURES;M;4888920.0;239387.0;750
201600056253;16;7;2;34;5;2;3;1;3.0;119;70, AVENUE JEAN JAURES;M;4888450.0;237692.0;750
201600056259;16;7;7;1835;1;2;3;1;3.0;119;25, QUAI DE LA SEINE;M;4888530.0;237185.0;750
201600056267;16;7;12;1600;1;2;1;1;6.0;119;3-5, RUE ERIK SATIE;M;4888430.0;238632.0;750
201600056268;16;7;13;850;1;2;7;1;7.0;119;BOULEVARD DE LA VILLETTE;M;4888410.0;236886.0;750
201600056271;16;7;21;1242;1;2;1;1;2.0;119;76, AVENUE DE FLANDRE;M;4888930.0;237535.0;750
201600056279;16;7;27;2113;5;2;1;1;6.0;119;194, AVENUE JEAN JAURES;M;4888830.0;239139.0;750
201600056281;16;8;2;915;1;2;3;1;3.0;119;67, AVENUE JEAN JAURES;M;4888450.0;237692.0;750
201600056296;16;8;27;2000;1;2;3;1;7.0;119;12, CITE LEPAGE;M;4888040.0;237117.0;750
201600056298;16;8;30;1930;1;2;2;1;3.0;119;195, AVENUE JEAN JAURES;M;4888850.0;239190.0;750
201600056309;16;9;13;820;1;2;2;1;3.0;119;25, AVENUE DE FLANDRE;M;4888570.0;237091.0;750
201600056315;16;9;21;949;1;2;2;1;6.0;119;104, AVENUE SIMON BOLIVA;M;4887840.0;237423.0;750
201600056319;16;9;25;1000;1;2;1;1;3.0;119;12, RUE GASTON TESSIER;M;4889610.0;237419.0;750
201600056321;16;9;30;135;4;2;1;1;6.0;119;67, AVENUE SIMON BOLIVAR;M;4887640.0;237725.0;750
201600056324;16;10;1;1915;2;2;1;1;3.0;119;150, BOULEVARD DE LA VIL;M;4887980.0;237041.0;750
201600056327;16;10;6;850;1;2;3;1;3.0;119;67, AVENUE JEAN JAURES;M;4888450.0;237692.0;750
201600056328;16;10;8;1940;5;2;1;1;2.0;119;84, RUE DE CRIMEE;M;4888240.0;238618.0;750
201600056338;16;10;19;1515;1;2;1;1;3.0;119;58, RUE RIQUET;M;4888960.0;236906.0;750
201600056344;16;10;23;1545;1;2;1;2;4.0;119;242, BOULEVARD DE LA VIL;M;4888450.0;236529.0;750
201600056353;16;10;29;1900;2;2;2;1;6.0;119;XX, RUE DE BELLEVILLE;M;4887520.0;239533.0;750
201600056356;16;10;31;2245;5;2;1;1;2.0;119;40, AVENUE DE FLANDRE;M;4888680.0;237224.0;750
201600056359;16;11;10;2010;5;2;2;2;3.0;119;25, AVENUE DE FLANDRE;M;4888570.0;237091.0;750
201600056363;16;11;16;810;1;2;2;2;3.0;119;23, RUE DES ARDENNES;M;4888880.0;238590.0;750
201600056365;16;11;18;1120;1;2;3;1;6.0;119;54, RUE D AUBERVILLIERS;M;4888730.0;236704.0;750
201600056382;16;12;5;1535;1;2;1;1;6.0;119;AVENUE CORENTIN CARIOU;M;4889550.0;238316.0;750
201600056404;16;1;6;2030;5;2;3;1;3.0;120;120, BOULEVARD DE BELLEV;M;4887150.0;237766.0;750
201600056419;16;1;22;810;2;2;5;1;3.0;120;44, BOULEVARD DE MENILMO;M;4886290.0;238742.0;750
201600056435;16;2;9;1910;2;2;1;2;6.0;120;19, RUE DE MENILMONTANT;M;4886740.0;238454.0;750
201600056438;16;2;17;1120;1;2;1;1;3.0;120;51, RUE DE MENILMONTANT;M;4886800.0;238676.0;750
201600056441;16;2;21;2000;5;2;2;1;2.0;120;39, RUE D AVRON;M;4885190.0;240134.0;750
201600056449;16;3;4;1905;5;2;3;2;6.0;120;102, RUE DE BELLEVILLE;M;4887440.0;238625.0;750
201600056455;16;3;11;930;1;2;3;1;3.0;120;BOULEVARD DE MENILMONTAN;M;4885990.0;238898.0;750
201600056458;16;3;12;2100;5;2;3;1;6.0;120;RUE D AVRON;M;4885230.0;240405.0;750
201600056464;16;3;21;1300;1;2;3;1;2.0;120;108, BOULEVARD DE MENILM;M;4886530.0;238480.0;750
201600056476;16;4;7;1830;1;2;2;1;3.0;120;RUE DES PYRENEES;M;4884740.0;240623.0;750
201600056482;16;4;12;850;1;2;2;1;3.0;120;46, BOULEVARD DE BELLEVI;M;4886920.0;238085.0;750
201600056486;16;4;15;1347;1;2;5;1;3.0;120;2-4, BOULEVARD DE BELLEV;M;4886710.0;238325.0;750
201600056498;16;4;19;1345;1;2;1;1;3.0;120;99, RUE DES PYRENEES;M;4885520.0;240535.0;750
201600056528;16;5;26;2345;5;2;5;1;3.0;120;108, RUE DES HAIES;M;4885620.0;240489.0;750
201600056533;16;6;3;1050;1;2;3;2;3.0;120;2, RUE DE MENILMONTANT;M;4886710.0;238325.0;750
201600056535;16;6;5;2345;5;2;2;1;3.0;120;226, RUE DES PYRENEES;M;4886670.0;239709.0;750
201600056538;16;6;5;1555;1;2;2;1;7.0;120;21, CHEMIN DU PARC DE CH;M;4886070.0;240274.0;750
201600056540;16;6;8;15;5;2;2;1;3.0;120;49, RUE DE LA COUR DES N;M;4886400.0;239915.0;750
201600056541;16;6;9;1740;1;2;2;1;3.0;120;RUE DES PYRENEES;M;4886550.0;239799.0;750
201600056545;16;6;12;1540;1;2;2;2;3.0;120;RUE DES PYRENEES;M;4885770.0;240388.0;750
201600056567;16;6;29;2325;5;2;1;8;3.0;120;261, AVENUE GAMBETTA;M;4887680.0;240638.0;750
201600056590;16;7;31;1215;1;2;4;1;3.0;120;ECHANGEUR VINCENNES;M;4884700.0;241503.0;750
201600056592;16;8;5;245;5;2;2;1;3.0;120;RUE HAXO;M;4887600.0;240250.0;750
201600056602;16;8;30;850;1;2;2;1;6.0;120;59, BOULEVARD MORTIER;M;4886790.0;240891.0;750
201600056606;16;9;6;1930;1;2;4;1;3.0;112;NON DENOMMEE D/20;M;4884640.0;241390.0;750
201600056631;16;10;1;225;3;2;7;2;2.0;120;BOULEVARD DE MENILMONTAN;M;4886290.0;238742.0;750
201600056634;16;10;3;2015;5;2;1;1;3.0;112;AVENUE DE NOGENT;M;4884140.0;245114.0;750
201600056649;16;10;17;1900;5;2;1;1;6.0;120;40 TER, RUE OLIVIER METR;M;4887370.0;239346.0;750
201600056650;16;10;18;1805;2;2;1;2;6.0;120;42, RUE DES PYRENEES;M;4885130.0;240627.0;750
201600056659;16;10;28;1600;1;2;1;1;6.0;120;108, AVENUE GAMBETTA;M;4887140.0;240410.0;750
201600056661;16;10;29;1250;1;2;1;1;3.0;120;61, RUE SAINT FARGEAU;M;4887210.0;240586.0;750
201600056662;16;10;29;1550;1;2;3;1;3.0;120;211, BOULEVARD DAVOUT;M;4886340.0;240881.0;750
201600056677;16;11;17;950;1;2;1;1;6.0;120;111, COURS DE VINCENNES;M;4884740.0;241072.0;750
201600056679;16;11;18;35;5;2;3;2;2.0;120;66, RUE D AVRON;M;4885230.0;240405.0;750
201600056692;16;11;27;1515;1;2;1;1;6.0;120;10, PLACE DE L ADJUDANT;M;4887050.0;240831.0;750
201600056702;16;12;7;900;1;2;2;1;6.0;120;147, RUE D AVRON;M;4885350.0;241060.0;750
201600056722;16;1;6;825;2;2;1;1;3.0;104;RUE DE LA CITE;M;4885410.0;234742.0;750
201600056734;16;1;22;1125;1;2;1;1;2.0;118;104, RUE DE CLIGNANCOURT;M;4889200.0;234877.0;750
201600056754;16;2;10;1947;5;2;5;1;3.0;106;RUE DE RENNES;M;4884800.0;232774.0;750
201600056802;16;3;29;2300;5;2;4;3;3.0;113;AVENUE DE LA PORTE D ITA;M;4881640.0;236058.0;750
201600056811;16;4;13;1515;1;2;1;1;3.0;116;92, QUAI LOUIS BLERIOT;M;4884520.0;227255.0;750
201600056825;16;4;23;1645;1;2;1;1;7.0;116;104, AVENUE RAYMOND POIN;M;4887160.0;228481.0;750
201600056835;16;5;5;1609;1;2;2;1;6.0;112;AVENUE DE NOGENT;M;4883970.0;245738.0;750
201600056855;16;5;22;910;1;2;1;2;6.0;113;124, RUE DE TOLBIAC;M;4882640.0;236192.0;750
201600056856;16;5;24;1407;1;2;5;1;3.0;106;57, QUAI DES GRANDS AUGU;M;4885610.0;234044.0;750
201600056861;16;5;31;1249;1;2;4;2;3.0;110;230, RUE LA FAYETTE;M;4888250.0;236918.0;750
201600056871;16;6;14;855;1;2;3;1;2.0;107;10, BOULEVARD DES INVALI;M;4885360.0;231467.0;750
201600056872;16;6;14;943;1;2;2;2;3.0;113;BOULEVARD ARAGO;M;4883680.0;235183.0;750
201600056880;16;6;20;1226;1;2;1;2;2.0;116;BOULEVARD MURAT;M;4883730.0;225906.0;750
201600056883;16;6;23;809;1;2;2;1;3.0;113;BOULEVARD DE L HOPITAL;M;4883280.0;235649.0;750
201600056884;16;6;23;1705;1;2;5;1;6.0;115;RUE PETEL;M;4884150.0;229914.0;750
201600056894;16;7;6;2135;2;2;2;1;3.0;114;BOULEVARD BRUNE;M;4882600.0;231255.0;750
201600056904;16;7;16;1403;1;2;5;1;3.0;112;80, AVENUE DAUMESNIL;M;4884430.0;238153.0;750
201600056931;16;8;25;1038;1;2;1;1;2.0;112;ROUTE DE LA FERME;M;4882180.0;245379.0;750
201600056938;16;8;31;2003;2;2;5;1;3.0;103;43, RUE DE TURBIGO;M;4886480.0;235329.0;750
201600056959;16;9;29;1900;5;2;1;1;3.0;116;ROUTE DE SEVRES A NEUILL;M;4886200.0;223803.0;750
201600056960;16;9;30;2203;5;2;3;1;3.0;110;180, RUE DU FAUBOURG SAI;M;4887780.0;236159.0;750
201600056982;16;10;23;220;5;2;1;1;7.0;107;69, QUAI BRANLY;M;4885770.0;229143.0;750
201600057001;16;11;17;2030;5;2;2;1;3.0;117;RUE DE PRONY;M;4888480.0;229838.0;750
201600057009;16;11;26;130;5;2;1;1;7.0;120;15, RUE DE LAGNY;M;4884880.0;240125.0;750
201600057012;16;11;29;1830;5;2;3;1;3.0;112;ROUTE DE LA TOURELLE;M;4884440.0;242182.0;750
201600057546;16;1;2;845;1;1;1;1;2.0;207;;A;0.0;0.0;972
201600057557;16;5;29;2145;5;2;6;1;6.0;217;ROND POINT MONGERALD;A;0.0;0.0;972
201600057571;16;2;14;1700;1;1;1;1;1.0;230;;A;0.0;0.0;972
201600057575;16;8;21;1700;1;2;1;1;3.0;222;chère épice;A;0.0;0.0;972
201600057610;16;9;11;1715;1;1;1;1;3.0;111;;A;0.0;0.0;971
201600057616;16;1;25;1445;1;1;3;1;1.0;107;;A;0.0;0.0;971
201600057623;16;4;17;1000;1;1;1;1;2.0;114;;A;0.0;0.0;971
201600057626;16;4;29;2030;5;1;1;1;5.0;107;;A;0.0;0.0;971
201600057654;16;12;13;700;1;1;1;1;2.0;118;;A;0.0;0.0;971
201600057659;16;3;30;2100;5;2;1;2;3.0;129;la boucan - sous résiden;A;0.0;0.0;971
201600057662;16;8;10;1645;1;2;1;1;3.0;129;LA BOUCAN;A;0.0;0.0;971
201600057666;16;4;9;1615;1;1;1;1;3.0;108;;A;0.0;0.0;971
201600057673;16;10;31;2145;3;1;1;1;2.0;108;;A;0.0;0.0;971
201600057727;16;10;9;700;1;1;1;2;2.0;116;;A;0.0;0.0;971
201600057728;16;10;16;600;2;1;1;1;2.0;116;;A;0.0;0.0;971
201600057737;16;5;4;1930;3;1;1;1;1.0;305;;G;0.0;0.0;973
201600057740;16;7;27;2045;5;2;1;1;1.0;305;rue du bois joli;G;0.0;0.0;973
201600057750;16;1;7;1730;1;1;1;1;1.0;304;;G;0.0;0.0;973
201600057757;16;3;23;745;1;2;3;1;3.0;304;11 AVENUE DE FRANCE;G;0.0;0.0;973
201600057762;16;6;25;1530;1;2;1;1;6.0;304;avenue polycarpe;G;0.0;0.0;973
201600057765;16;8;18;1815;1;2;1;1;2.0;304;avenue de Pariacabo;G;0.0;0.0;973
201600057767;16;9;20;1515;1;2;1;1;1.0;304;Avenue de PARIACABO;G;0.0;0.0;973
201600057778;16;1;1;230;3;2;1;3;7.0;301;rue louis firmano;G;0.0;0.0;973
201600057789;16;1;27;1300;1;2;1;1;1.0;311;rue jeanne garre;G;0.0;0.0;973
201600057792;16;3;9;945;1;2;1;1;3.0;311;route de Balaté;G;0.0;0.0;973
201600057793;16;3;29;700;1;2;1;1;1.0;311;rue du LTC TOURTET;G;0.0;0.0;973
201600057813;16;8;24;1645;3;1;1;1;2.0;306;;G;0.0;0.0;973
201600057832;16;4;7;2115;3;1;1;1;7.0;418;;R;0.0;0.0;974
201600057855;16;4;16;1630;1;2;1;1;6.0;421;route du téléphérique;R;0.0;0.0;974
201600057877;16;11;19;1900;5;2;1;2;3.0;415;RUE GENERAL DE GAULLE;R;0.0;0.0;974
201600057904;16;4;28;615;1;2;1;1;1.0;423;9 rue du gal de gaulle;R;0.0;0.0;974
201600057905;16;5;22;1545;1;1;1;6;5.0;423;;R;;;974
201600057912;16;12;28;1400;1;2;1;1;1.0;424;chemin Matarum;R;;;974
201600057928;16;3;16;1600;1;2;1;3;2.0;412;320 rue raphael babet;R;0.0;0.0;974
201600057945;16;9;8;1245;1;1;1;1;1.0;607;;M;0.0;0.0;976
201600057953;16;8;12;1800;5;2;1;1;1.0;615;Route nationale;M;0.0;0.0;976
201600057958;16;2;28;930;1;2;1;1;5.0;616;;Y;0.0;0.0;976
201600057960;16;6;27;1630;1;1;1;1;1.0;617;;M;0.0;0.0;976
201600057975;16;7;28;1845;1;1;1;1;2.0;103;;A;0.0;0.0;971
201600057988;16;3;31;1330;1;2;1;1;3.0;606;route de chirongui;M;0.0;0.0;976
201600057994;16;3;15;1300;1;2;1;1;1.0;309;Route de Rémire;G;0.0;0.0;973
201600058010;16;10;6;30;3;2;1;1;1.0;309;Route de DEGRAD DES CANE;G;0.0;0.0;973
201600058017;16;12;3;2145;5;2;1;1;7.0;309;route de Rémire;G;0.0;0.0;973
201600058036;16;1;9;700;1;1;1;7;5.0;307;;G;0.0;0.0;973
201600058052;16;7;9;800;1;2;1;1;2.0;307;RN 2 - PK 2;G;0.0;0.0;973
201600058072;16;5;27;1930;5;2;1;1;3.0;415;avenue des martins;R;;;974
201600058137;16;2;3;1630;1;1;1;1;5.0;221;;A;0.0;0.0;972
201600058144;16;7;27;1630;1;1;3;1;1.0;207;;A;0.0;0.0;972
201600058150;16;2;29;2015;3;2;1;1;3.0;222;RN1;A;0.0;0.0;972
201600058151;16;3;18;2045;5;1;1;1;1.0;222;;A;0.0;0.0;972
201600058155;16;8;29;1345;1;1;1;1;1.0;222;;A;0.0;0.0;972
201600058181;16;10;7;1330;1;2;1;1;6.0;105;62, COURS NOLIVOS ( RUE;;;;971
201600058183;16;12;2;1645;1;2;1;1;1.0;105;95, HOCHIMINH  (RUE);;;;971
201600058237;16;3;6;1030;1;1;1;1;4.0;101;RN11;;;;971
201600058277;16;7;5;650;1;2;6;1;3.0;120;00, CIRFE MIQUEL;;;;971
201600058280;16;7;9;1910;5;2;1;1;6.0;101;00, BORICAUD  (SECTION);A;;;971
201600058296;16;9;9;2030;5;1;1;1;3.0;113;00, SECTION PLIANE;;;;971
201600058320;16;12;20;2140;5;2;9;9;6.0;120;129, NELSON MANDELA;;;;971
201600058345;16;1;24;1355;1;2;3;1;3.0;209;4, HENRICK VILETTE (RUE);A;0.0;0.0;972
201600058363;16;3;2;1215;1;2;2;1;6.0;209;comm, CALEBASSIERS (RUE;A;0.0;0.0;972
201600058371;16;3;20;1155;1;2;1;1;7.0;209;2, GENERAL DE GAULLE (BL;A;0.0;0.0;972
201600058382;16;6;3;1805;1;2;1;1;6.0;209;4, CENTRE (BOULEVARD DU);A;0.0;0.0;972
201600058410;16;8;25;1255;1;1;2;1;6.0;209;3, SOLEIL LEVANT (BOULEV;A;0.0;0.0;972
201600058435;16;11;13;1115;1;2;1;1;6.0;209;3, HAMEAUX (AVENUE DES);A;1462032.0;6105092.0;972
201600058442;16;12;14;1650;1;1;6;1;3.0;213;AEROPORT (ROND POINT DE;A;1459830.0;6100134.0;972
201600058467;16;4;17;1120;1;2;1;1;2.0;213;NELSON MANDELA;;;;972
201600058516;16;9;16;1400;1;1;1;1;5.0;213;ROUTE DEPARTEMENTALE 3;;;;972
201600058517;16;9;18;720;1;1;1;1;3.0;213;ROUTE DEPARTEMENTALE 14;;;;972
201600058537;16;1;13;1958;2;2;3;1;2.0;302;1, CABASSOU (CITE);G;0.0;0.0;973
201600058546;16;1;20;1626;1;2;1;1;3.0;302;BADUEL (ROND POINT DE);G;493303.0;5230963.0;973
201600058561;16;2;9;1605;1;2;1;1;3.0;302;1380, MONTABO (ROUTE DE);;;;973
201600058564;16;2;15;1800;2;1;1;1;6.0;302;2, PASCALINE (CITE);;;;973
201600058567;16;2;15;1305;1;2;1;1;3.0;302;7, MALOUET;G;;;973
201600058579;16;2;24;1326;1;1;1;1;2.0;302;ROUTE NATIONALE 1;G;489922.0;5232662.0;973
201600058586;16;2;29;1506;1;2;1;1;3.0;302;1282, RABAN (ROUTE DE);G;455384.0;5218511.0;973
201600058595;16;3;5;1310;1;2;6;1;2.0;302;MARINGOUINS (ROND-POINT);G;491019.0;5232121.0;973
201600058598;16;3;8;830;1;2;2;1;3.0;302;EUDOXIE VERIN(RUE);G;;;973
201600058608;16;3;14;1405;1;2;1;1;7.0;302;1369, RABAN (ROUTE DE);G;492654.0;5231387.0;973
201600058609;16;3;14;1600;1;2;1;1;3.0;302;873, BADUEL (ROUTE DE);G;493493.0;5231188.0;973
201600058615;16;3;19;1729;1;1;1;1;2.0;302;58, FLAMBOYANTS (RUE DES;G;;;973
201600058621;16;3;23;1812;2;2;6;1;3.0;302;MIRZA (ROND-POINT);G;;;973
201600058623;16;3;24;2100;5;2;1;1;3.0;302;2376, MONTABO (ROUTE DE);G;;;973
201600058627;16;3;31;806;1;2;1;3;1.0;302;FLAMBOYANTS (RUE DES);G;492167.0;5233035.0;973
201600058629;16;4;1;1840;2;2;1;1;1.0;302;RABAN (ROUTE DE);G;455129.0;521845.0;973
201600058640;16;2;6;1211;1;1;1;1;1.0;302;1816, BADUEL (ROUTE DE);G;455495.0;5218178.0;973
201600058648;16;4;11;1350;1;1;1;1;3.0;302;MONTABO (ROUTE DE) 2;G;494210.0;5232079.0;973
201600058653;16;4;25;1341;1;2;1;2;;302;14, RABAN (ROUTE DE);G;456137.0;5218563.0;973
201600058657;16;5;4;1335;1;2;1;1;3.0;302;10, MALOUET;G;;;973
201600058658;16;5;5;1200;1;1;1;1;6.0;302;BADUEL (ROUTE DE);G;;;973
201600058667;16;5;9;1215;1;1;1;1;6.0;302;1035, BADUEL (ROUTE DE);G;;;973
201600058674;16;5;13;1425;1;2;1;1;3.0;302;47, FELIX EBOUE(ROCADE);G;455386.0;521909.0;973
201600058681;16;5;20;745;1;2;3;1;3.0;302;01, MONTABO (ROUTE DE) 2;G;;;973
201600058684;16;5;24;1137;1;2;3;1;2.0;302;43, CESAIRE (CITE);;;;973
201600058702;16;6;1;1411;1;1;1;1;3.0;302;1, JARDINS DU COLLEGE (R;;;;973
201600058717;16;6;10;1507;1;2;1;1;1.0;302;CESAIRE (CITE);G;;;973
201600058726;16;6;23;1129;1;2;1;1;1.0;302;BOUDINOT (AUGUSTE) CITE;G;455596.0;5219103.0;973
201600058741;16;7;7;1515;1;2;9;1;6.0;302;KET TAI (CARREFOUR);;;;973
201600058771;16;8;13;1420;1;2;1;1;6.0;302;14 ET 22 JUIN 1962;;;;973
201600058779;16;8;22;1850;2;2;6;1;3.0;302;TARZAN (PISTE);G;455169.0;521814.0;973
201600058783;16;8;6;1115;1;1;1;1;2.0;302;MONTABO (ROUTE DE) 4;;;;973
201600058786;16;9;1;1230;1;1;1;1;3.0;302;431, MADELEINE (ROUTE DE;;;;973
201600058805;16;9;16;1535;1;2;1;1;1.0;302;ROUTE NATIONALE 3;G;454135.0;521859.0;973
201600058809;16;9;19;2125;5;2;1;1;2.0;302;MIRZA (ROND-POINT);;;;973
201600058815;16;9;26;2200;5;2;6;1;1.0;302;KET TAI (CARREFOUR);;;;973
201600058819;16;9;28;1925;5;2;6;1;3.0;302;107, LIBERTE (AVENUE DE;;;;973
201600058823;16;10;1;615;1;1;1;1;3.0;302;47, FELIX EBOUE(ROCADE);;;;973
201600058827;16;10;5;1810;1;2;1;1;3.0;302;GALMOT (ROND-POINT);;;;973
201600058832;16;10;11;835;1;2;1;1;6.0;302;2168, MADELEINE (ROUTE D;G;491400.0;5232079.0;973
201600058835;16;10;13;805;1;2;1;1;3.0;302;BOUDINOT (AUGUSTE) CITE;;;;973
201600058837;16;10;15;755;1;2;1;1;3.0;302;SUZINI (CARREFOUR);;;;973
201600058839;16;10;18;1730;1;2;1;1;3.0;302;ZEPHIR (ROCADE);;;;973
201600058845;16;10;26;640;1;2;1;1;3.0;302;BADUEL (ROUTE DE);;;;973
201600058854;16;11;5;850;1;2;2;1;3.0;302;28, VOLTAIRE(AVENUE);;;;973
201600058855;16;11;5;1555;1;2;1;1;2.0;302;2568, MADELEINE (ROUTE D;;;;973
201600058880;16;11;21;2130;4;2;1;1;6.0;302;FELIX EBOUE(ROCADE);;;;973
201600058883;16;11;23;1015;1;2;1;1;3.0;302;14, 14 ET 22 JUIN 1962;;;;973
201600058885;16;11;24;1329;1;2;1;1;3.0;302;23, MONNERVILLE (AVENUE;;;;973
201600058898;16;12;7;1223;1;2;1;1;2.0;302;MADELEINE (ROUTE DE LA);;;;973
201600058907;16;12;16;920;1;2;1;1;7.0;302;POLYCARPE (VERMONT);;;;973
201600058929;16;1;26;1800;1;1;1;1;1.0;407;SUAREZ ANDRE(RUE);R;0.0;0.0;974
201600058937;16;3;3;1800;1;1;1;1;3.0;407;VOIE DE LIAISON PORTUAIR;R;;;974
201600058938;16;3;8;1644;1;1;1;1;3.0;407;MONPELLIER (RUE);R;;;974
201600058941;16;3;24;1000;1;1;1;1;2.0;407;ROND POINT ROSE DES VENT;R;;;974
201600058950;16;4;21;1735;2;1;1;1;3.0;407;MARINE(BOULEVARD);R;;;974
201600058954;16;4;30;2235;5;1;1;1;7.0;407;ARAGON LOUIS(AVENUE);R;;;974
201600058978;16;8;22;710;1;2;1;1;3.0;407;ROND POINT DE LA GLACIER;R;;;974
201600058980;16;9;13;1640;1;1;1;1;3.0;407;ROUTE NATIONALE Nø 1;R;;;974
201600058982;16;9;21;1814;1;2;1;1;2.0;407;., 14 JUILLET 1789(AVENU;R;2093181.0;5529711.0;974
201600058983;16;9;22;1750;1;2;1;1;2.0;407;82, ROMERO(AVENUE);;;;974
201600058984;16;9;25;1950;5;2;2;1;3.0;407;LEO LAGRANGE (RUE);R;2094569.0;5529137.0;974
201600058986;16;9;29;1715;1;2;1;1;1.0;407;SINOPE CHRISTIAN(RUE);;;;974
201600059001;16;11;11;2100;5;1;1;1;7.0;407;MARTINIQUE(RUE);;;;974
201600059022;16;3;13;2100;3;2;1;1;1.0;409;00, PENTE SASSY (chemin;;;;974
201600059035;16;10;23;2050;5;2;1;1;3.0;409;300, DU LYCEE(RUE);;;;974
201600059040;16;11;28;1525;1;2;1;1;2.0;409;153, LACAUSSADE(RUE);;;;974
201600059045;16;1;22;2000;5;1;1;1;2.0;411;JAURES (BOULEVARD JEAN);R;;;974
201600059051;16;3;1;710;1;1;3;1;3.0;411;KARTING (DU);R;;;974
201600059078;16;6;23;805;1;1;1;2;1.0;411;BRULE (ROUTE DU);R;;;974
201600059084;16;7;6;1810;5;2;3;1;1.0;411;1, MALARTIC (RUE);R;;;974
201600059103;16;11;28;1830;1;1;1;1;1.0;411;33, VIGIE (CHEMIN DE LA);R;;;974
201600059113;16;1;10;1520;1;1;1;1;2.0;416;RN2 (1);R;;;974
201600059119;16;11;11;1530;1;2;1;1;6.0;416;30, GAULLE (RUE DU GENER;R;;;974
201600059123;16;12;13;1205;1;2;1;1;3.0;416;MAHY (RUE FRANCOIS DE);;;;974
201600059136;16;2;10;1830;2;2;1;2;6.0;416;104, TOBY LES HAUTS(CHEM;R;;;974
201600059174;16;5;18;1855;2;1;6;1;6.0;416;369, AUBEPINES(ALLEE DES;R;;;974
201600059179;16;3;2;1025;1;1;1;1;6.0;416;50, ANCIENNE RN 1;R;;;974
201600059189;16;6;6;2020;5;2;2;1;3.0;416;ISAUTIER (RUE FRANCOIS);R;;;974
201600059192;16;5;18;1900;3;1;1;1;6.0;416;180, BADAMIERS (IMPASSE;R;;;974
201600059195;16;3;6;1700;1;1;1;1;3.0;416;, ANCIENNE RN 1;R;;;974
201600059206;16;7;11;1615;1;2;1;1;3.0;416;COLARDEAU (CHEMIN FERNAN;R;;;974
201600059210;16;7;16;840;1;2;1;1;6.0;416;HUBERT DE LISLE(BOULEVAR;R;;;974
201600059229;16;9;19;1900;5;1;1;1;2.0;416;123 A, RECHERCHANT (RUE;R;2129025.0;5548521.0;974
201600059274;16;12;22;1817;2;2;1;1;6.0;611;m'tsapere-Roahandra ( ru;;;;976
201600059328;16;4;17;1735;1;2;1;1;1.0;611;cavani-Kavani sud ( rue;;;;976
201600059387;16;8;15;1810;2;2;1;1;1.0;611;m'tsapere-Nationale 2 (r;;;;976
201600059390;16;8;17;1530;1;2;1;1;1.0;611;passamanty-Vahib ( rout;;;;976
201600059392;16;8;22;1842;3;2;1;1;1.0;611;m'tsapere-M'tsapr- M't;;;;976
201600059409;16;10;2;757;1;2;1;1;6.0;611;tsoundzou-Cadjifouteni (;;;;976
201600059422;16;11;14;856;1;2;1;1;3.0;611;mamoudzou centre-Adrian;;;;976
201600059426;16;11;28;1704;1;2;6;1;3.0;611;mgombani-Baobab ( Bd );;;;976